photo,moderation,import,vues,telechargements,jaime,evenement,titre,mots_cles,releve
13102252,retenue,2022-08-05,88797,296,8,oui,Crescent Moon on a Sunset Sky,"ambient light, astronomical, astronomy, atmosphere, blue, calm, celestial, cosmos, crescent moon, day to night, dusk, evening, evening sky, gentle, gradient, horizon, light transition, luminescence, lunar, minimalist, natural beauty, nature, nightfall, nocturnal, observation, orange, outer space, palette, peaceful, quiet moment, serene, simple, sky, small moon, soft lighting, space, sunset, time lapse, tranquil, transition, twilight, twinkling, vastness, vivid colors, yellow",2026-10-02T09:52:38+02:00
27116682,retenue,2024-07-12,74796,427,8,non,Stars on Night Sky,"astral, astrology, astronomical, astronomy, astrophotography, background, black, celestial, celestial event, clear sky, cosmic, cosmos, dark, deep space, exploration, galactic, galaxy, heavens, infinite, interstellar, midnight, milky way, moonless, moonless night, mystical, natural wonder, nebula, night, night sky, nighttime, orion, outer space, quiet night, serene, sky watching, space, space observation, stargazing, starlit, starry, starry sky, stars, stellar, telescope, transcendental, universe, vast",2026-10-02T09:52:38+02:00
13087478,retenue,2022-08-04,70237,94,2,oui,A Pathway Between Green Trees in the Forest,"bucolic, countryside, dirt road, european, foliage, forest, france, grand est, green trees, hiking, landscape, lush, moyemont, natural light, nature, outdoors, pastoral, path, pathway, peaceful, picturesque, rural, scenery, scenic, serenity, shadows, summer, sunlight, trail, tranquility, tree tunnel, verdant, woodland",2026-10-02T09:52:38+02:00
19047681,retenue,2023-11-07,34018,70,2,oui,Train by Platform in Black and White,"aerial view, black and white, commuter train, commuting, high speed train, infrastructure, journey, modern railway, monochrome, overhead shot, passenger train, platform, public transport, rail network, rail system, rail tracks, rail transport, railway station, station platform, track layout, train, train travel, transport, transportation, travel, urban",2026-10-02T09:52:38+02:00
34894953,retenue,2025-11-23,28633,15,1,non,Le Loup Lighthouse in France on Foggy Day,"architecture, atlantic ocean, beacon, chausey, coastal france, desolate, europe, fog, foggy weather, france, france lighthouse, french coast, french landmark, french maritime, green, high rise, island, isolated, isolated place, landmark, landmark in france, le loup, le loup lighthouse, le loup marker, lighthouse, lighthouse close-up, lighthouse exterior, lighthouse in fog, lighthouse tower, loneliness, marine safety, maritime, mist, nature, nautical, nautical architecture, navigation, navigation aid, ocean, ocean navigation, overcast, overcast sky, recluse, safety, safety marker, sailing, sailing ships, sea, sea beacon, sea structure, sea tower, solitary, the wolf, travel, weathered, wolf",2026-10-02T09:52:38+02:00
31514838,retenue,2025-04-06,22457,69,4,non,Close-up of a Delicate Pink Rose Blossom,"beauty, bloom, blossom, botanical, bouquet, breathtaking, classic, close-up, creativity, deep, delicate, desktop wallpaper, elegant, flora, floral, flower, fragrant, freshness, garden, gardening, gentle, graceful, horticulture, illustration, innocence, light, luxury, macro, natural, nature, ornamental, pastel, peaceful, pearl, petals, pink, plant, poetic, romantic, rose, scent, seasonal, serenity, simple, soft, sweet, texture, vibrant, visual, wedding decor",2026-10-02T09:52:38+02:00
34500384,retenue,2025-10-29,19933,129,1,non,Cognac Town Hall in France with French Flag,"architecture, blue sky, botanical, city hall, cityhall, cityscape, clear sky, clock tower, cognac, cognac city, cognac town hall, culture, drapeau franÃ ais, europe, european union, eurotrip, flag, flowers, france, french architecture, french culture, french flag, french republic, garden, government building, government office, heritage, historic building, landmark, local government, louis xiii style, municipal building, nouvelle-aquitaine, outdoors, plants, public building, regional government, republic, stone building, summer, tourism, town hall, traditional architecture, travel, urban landscape, visit france, whitestone",2026-10-02T09:52:38+02:00
12076681,retenue,2022-05-09,17453,37,1,oui,White and Black Building Under the Blue Sky,"0 1562369, 45 648377, angoulême, architecture, bell tower, blue sky, bright, car park, classic design, classical architecture, clear sky, cultural, cultural heritage, daytime, elegant, europe, european architecture, exterior design, facade, france, french architecture, french landmark, heritage, historic building, historic site, historical, landmark, landscape, landscaped, nouvelle-aquitaine, open space, outdoors, photography, scenic, square, stone building, symmetrical architecture, tourism, tower, traditional architecture, travel, travel destination, urban, urban landscape, vivid, windows",2026-10-02T09:52:38+02:00
34930396,retenue,2025-11-25,17332,47,1,non,Vibrant Blue Ocean Waves Texture Nature,"abstract, aqua, aquatic, blue, calm, coastal, deep blue, dynamic, environment, fluid, horizonless, intense color, liquid, marine, motif, motion, movement, mystery, natural, nature, nautical, ocean, outdoors, pattern, ripples, sea, sea waves, seascape, serene, shadows, surface, texture, tide, tranquility, vibrant, water, water movement, water surface, waves",2026-10-02T09:52:38+02:00
23414381,retenue,2024-05-04,15380,123,1,non,Eglise Notre-Dame de Niort,"architecture, basilica, blue sky, cathedral, christianity, church, city landmark, cityscape, cultural site, Eglise Notre-Dame, europe, european architecture, european town, france, french architecture, french city, french heritage, french village, gothic architecture, gothic style, greenery, heritage, historic buildings, historic site, historical, landmark, landscape, niort, nouvelle-aquitaine, old buildings, old town, parish church, picturesque, religion, riverside, scenic view, skyline, spires, spirituality, spring, stone facade, temple, tourism, travel destination, twin spires, urban landscape, western europe",2026-10-02T09:52:38+02:00
19047688,retenue,2023-11-07,14061,79,2,oui,"View of a Street and Part of the Poitiers Station Building in Poitiers, France","architecture, building facade, buildings, business district, busy street, city architecture, city center, city exploration, city life, city streets, city traffic, cityscape, classic buildings, colonial architecture, commercial area, destination, europe, europe travel, european architecture, exterior, france, france travel, french architecture, french city, french streets, landmark, local landmarks, modern architecture, modern building, morning light, nouvelle-aquitaine, outdoors, poitiers, street, street photography, street view, tourist, traffic, travel, urban, urban area, urban environment, urban landscape, urban planning, urban scenery",2026-10-02T09:52:38+02:00
38536479,retenue,2026-07-12,14032,128,1,non,Confident Man Smiling in Casual Attire,"beard, blurred background, bokeh, bright day, casual, casual wear, confidant, confident, expression, facial hair, glasses, happy, happy expression, headsho, headshot, lifestyle, male, man, natural light, optical, outdoor, portrait, smile, urban, white shirt",2026-10-02T09:52:38+02:00
34828680,retenue,2025-11-20,13004,30,0,non,Seagull Perched on Coastal Wall,"aviary, backgroud, background, barrier, bird, birdwatching, blue sky, bretagne, broad-billed, calm, cloudy sky, coast, coastal view, documentation, europe, exposed, france, freedom, grain, grayscale wings, gull, horizon, laridae, marine, marine life, model, monotone, natural environment, natural habitat, natural landscape, nature, nature photography, ocean, ornithology, outdoors, perched, saltwater, sea, sea bird, sea view, seagull, seaside, serene, shoreline, soothing, stone wall, stormy, troposphere, vigilant, waiting, weather observer, weathered, white bird, wildlife, windy",2026-10-02T09:52:38+02:00
34793919,retenue,2025-11-18,12814,74,1,non,Close-up Portrait of a Sparrow on a Stone,"animal, avian, beak, beige, bird, birds, birdwatching, brown, brown color, calm, close-up, cream, daytime, eyes, fauna, feather, free, free-range, freedom, freedom concept, house sparrow, hue, natural habitat, nature, ornithology, outdoors, passer domesticus, perched, perching bird, plumage, portrait, serie, small bird, smooth background, sparrow, standing, tone on tone, wild, wild bird, wildlife",2026-10-02T09:52:38+02:00
34849705,retenue,2025-11-21,12752,38,2,non,"Gothic Interior of Le Mont-Saint-Michel Abbey, France","abbaye du mont-saint-micheal, abbaye du mont-saint-michel, abbey, abbey of mont-saint-michel, arches, architectural beauty, architectural style, architecture, artistic, building, cathedral, church, columns, europe, european, france, french architecture, geometry, gothic, gothic architecture, heritage, heritage site, historic, historical, interior, landmark, Le Mont-Saint-Michel, light, light trails, medieval, medieval architecture, normandie, normandy, novel, old building, religious site, ribbed arches, romanesque transitions, sanctuary, sightseeing, stained glass, stone, stone work, stonework, tourism, travel, unesco, vaulted ceiling, vaulting, vintage, windows",2026-10-02T09:52:38+02:00
23414382,retenue,2024-05-04,12096,103,4,non,Cityscape of Niort,"architecture, blue sky, cathedral, christianity, church, city, city landmark, city view, cityscape, cloudy sky, Eglise Notre-Dame De Niort, europe, france, french architecture, gothic, gothic architecture, greenery, heritage, historic, landmark, landscape, landscape photography, niort, nouvelle-aquitaine, outdoor, religion, religious, river, spires, spirituality, stone building, tourism, travel, travel destination, trees, urban, urban scenery",2026-10-02T09:52:38+02:00
34793920,retenue,2025-11-18,11877,29,1,non,Close-up Portrait of a House Sparrow,"animal portrait, avian, beak, beige, bird, bird feathers, bird in profile, birds, birdwatching, bokeh background, brown color, brown plumage, calm, close-up, cream, daytime, earthy tones, feathers, free-range, freedom, freedom concept, grey background, house sparrow, hue, innocence, natural habitat, nature, nature photography, ornithology, outdoors, passer domesticus, passerine, peaceful, perching, portrait, resting bird, serie, side view, small bird, songbird, sparrow, tone on tone, tranquility, wild animal, wild bird, wildlife, wildlife photography",2026-10-02T09:52:38+02:00
23414383,retenue,2024-05-04,11309,32,1,non,Wooden Bench During Autumn,"autumn, backlit, beautiful, bench, brown, bushes, calm, country, elegant, empty bench, environment, europe, fall, fall colors, foliage, forest edge, france, golden, landscape, leaves, leisure, natural, nature, niort, nouvelle-aquitaine, outdoor scene, outdoor seating, outdoors, park, relaxation, relaxing spot, rural, rustic, scenic, seasonal, serene, sitting area, tranquil, warm, weekend, wood, wooden, yellow",2026-10-02T09:52:38+02:00
34956321,retenue,2025-11-27,10333,28,0,non,Seagull Perched on a Stone Cross Against Sky,"abstract, artistic, baleful, bird, black, black and white, calm, contrast, cross, dead, elegance, environment, feather, freedom, gray, gull, isolated, landmark, minimalist, monument, moody, nature, ocean, outdoors, peaceful, penalty, perched, plumage, quiet, sad, scenery, sea, seagull, serenity, sky, solitude, spirituality, stone, structure, symbolic, texture, tone, urban, vintage, weathered, white, wildlife, wing",2026-10-02T09:52:38+02:00
35086239,retenue,2025-12-06,10190,47,0,non,Vibrant Wildflower Field in Bloom,"biodiversity, blooming, botanical, countryside, daisy, ecology, environment, field, field of flowers, flora, floral, flower, flowering plants, freedom, fuentealvilla, garden, green, greenery, growth, habitat, healing plants, landscape, margarita, meadow, meadows, native plants, natural beauty, natural space, nature, nature scenery, outdoors, rural, seasonal, seasonal flowers, spanish daisies, spanish names, spring, summer, temperate climate, vegetation, white flowers, wild, wild garden, wildflower field, wildflower meadow, wildflowers, yellow centers",2026-10-02T09:52:38+02:00
33035661,retenue,2025-07-16,10020,57,3,non,Stunning View of Niort Cathedral in Summer,"ancient, architecture, blue sky, building, cadre, cathedral, church, cityscape, daylight, ecclesiastical, eglise, engineering, environment, europe, faith, foi, foliage, france, french, gothic, greenery, heritage, historic, historical, landmark, landscape, monument, nature, niort, niort cathedral, nouvelle-aquitaine, outdoor, photography, place of worship, religion, scenery, sightseeing, skyline, spires, spirituality, stone, summer, tourism, town, townscape, travel, trees, urban, vegetation, viewpoint, village",2026-10-02T09:52:38+02:00
34793918,retenue,2025-11-18,9949,33,1,non,Sparrow on Rock with Soft Background,"animal portrait, avian, avian species, background, beige, bird, birds, brown, brown color, close up, cream, elegant bird, feathered, free-range, freedom, freedom concept, hue, natural habitat, natural setting, nature, neutral tones, outdoors, passeridae, perched, portrait, rock, serie, small animal, small bird, soft focus, solo, sparrow, sparrow bird, stone, swift bird, tone on tone, wild bird, wildlife",2026-10-02T09:52:38+02:00
32053231,retenue,2025-05-12,9121,27,1,non,"Historic Church Architecture in Angers, France","angers, architecture, blue, brickwork, building, cathedral, church, cityscape, clear sky, crossing, crossover, crossroad, crosswalk, cultural, destination, empty, empty street, europe, european, exterior, facade, frame, france, french, french architecture, gothic, heritage, historic, historical, intersection, iphone capture, landmark, monument, outdoors, pays de la loire, romanesque revival, saint-maurice cathedral, sightseeing, spire, stone, street, tourism, tourist attraction, tower, travel, urban",2026-10-02T09:52:38+02:00
34894970,retenue,2025-11-23,8014,32,2,non,Scenic View of Granville's Coastal Lighthouse,"adventure, architecture, blue, boats, chausey, cloudy, coast, day, europe, exploration, fishing, france, french coast, granville, green, harbor, holiday, houses, idyllic, island, island life, isolated, isolated place, landscape, lighthouse, maritime, nature, normandie, normandy, ocean, outdoors, photography, picturesque, recluse, rocky, sailing, sailing ships, sea, seaside, sky, summer, tourism, tranquil, travel, vacation, village, water",2026-10-02T09:52:38+02:00
34342149,retenue,2025-10-17,7953,11,0,non,Moody Black and White Autumn Rowboat Scene,"artistic, autumn, background, barque, black and white, black and white art, boat, calm, contrast, creative, deciduous, environment, fall, forest, lake, landscape, leaves, melancholic, minimalist, monochrome, moody, natural, nature, nautical, outdoors, pattern, peaceful, photography, planks, quiet, reflection, rowboat, sad, scene, seasonal, serene, silent, solitude, stillness, texture, tranquil, transportation, trees, water, weather, wilderness, wood, woodland",2026-10-02T09:52:38+02:00
34894969,retenue,2025-11-23,7829,9,0,non,"Pyramidal Landmark by Sea in Chausey, France","architecture, atlantic, atlantic ocean, beautiful, boating, chausey, chausey islands, coastal, coastline, colorful, destination, environment, europe, european, flora, france, geographical, green, greenery, historical, island, isolated, isolated place, isolation, landmark, landscape, living, maritime, moss, natural, nature, normandy, outdoors, photography, picturesque, pyramid, recluse, relaxation, rocky, sailing, sailing ships, scenic, sea, seasonal, serenity, shoreline, stone, tourism, tranquility, travel, triangle, vacation, vegetation, warm, water",2026-10-02T09:52:38+02:00
34939467,retenue,2025-11-26,7241,5,1,non,Lighthouse on Rocky Shore in Saint-Planchers,"bucolic, building, calm, charming, cloudy, coastal, coastline, crude, day, europe, far away, france, french, grass, grassland, idyllic, isolated, landmark, landscape, lighthouse, maritime, minimalist, natural, nautical, navigation, normandy, northwestern france, ocean, outdoors, quaint, rocks, rocky shore, rustic, saint-planchers, scene, seacoast, seashore, seaside, serene, serie, simple, soothing, structure, tranquil, water",2026-10-02T09:52:38+02:00
35024039,retenue,2025-12-02,6972,24,1,non,Majestic Rock Formation Under Blue Sky,"blue sky, boulders, cloud patterns, cloudy sky, daytime, earth tones, erosion, geologic, geology, granite rocks, hiking destination, isolated, landscape, long, natural landscape, natural monument, nature, nature exploration, nature photography, ocean, outdoor adventure, outdoor lifestyle, outdoors, rock formation, rocky, rocky landscape, rugged rocks, rugged terrain, scenic view, sea, sedimentary rocks, slow, solid rocks, stacked rocks, stone formation, stone textures, stones, tranquil scenery, tranquility, travel destination, weather, weathered, weathered stones, wilderness",2026-10-02T09:52:38+02:00
33035642,retenue,2025-07-16,6824,16,1,non,Imposing Skyscraper Against Cloudy Paris Sky,"aesthetic, architecture, building, business district, capital city, city architecture, cityscape, clouds, cloudy sky, commercial architecture, corporate, downtown, écrasant, eiffel region, elevation, europe, european city, exterior design, financial hub, france, french architecture, futuristic, glass exterior, glass facade, height, high-rise, Île-de-France, landmark, metropolitan, modern design, modern france, monument, office building, paris, progressive design, skyscraper, steel structure, symmetry, tall structure, tour montparnasse, towering, urban decor, urban landscape, urban photography, urban planning, urban skyline, vertical, vertical lines",2026-10-02T09:52:38+02:00
34500332,retenue,2025-10-29,6372,6,0,non,Monochrome Urban Scene Through Historic Archway,"arch, architecture, architecture photography, bicycle, black and white, building facade, built environment, car, city, city life, cobblestone, contextual contrast, contrast, cycling, cyclist, depth, elevation, entrance, european architecture, exterior, frame, gate, gray tone, historic, historic archway, monochrome, movement, no people, outdoor, pavement, perspective, photography, static, stone structure, stone wall, street, street photography, texture, timeless, town, transportation, urban exploration, urban life, urban scene, vehicular, vintage feel, window",2026-10-02T09:52:38+02:00
38536480,retenue,2026-07-12,6012,36,0,non,Casual Portrait in Outdoor Café Setting,"adult male, afternoon, beard, beverage, blurred background, café, casual, casual attire, city life, coffee shop, daylight, friendly expression, glasses, iced drink, leisure, lifestyle, male, midday light, outdoor, outdoors, portrait, refreshment, relaxation, relaxed atmosphere, sit down, smiling, street, street scene, summertime, sunglasses, tea, urban background, urban lifestyle, urban setting, white shirt",2026-10-02T09:52:38+02:00
38694057,retenue,2026-07-23,5681,19,2,non,Elegant Parterre in Villandry Gardens,"aerial view, beautiful gardens, botanical architecture, bushes, Centre-Val de Loire, château de villandry, elegant garden, europe, european gardens, european heritage, formal garden, fountain garden, france, france tourism, french garden, french landscape, garden architecture, garden art, garden artistry, garden path, garden symmetry, garden tourism, gardening, geometric garden, green spaces, greenery, hedge maze, heritage, heritage site, heritage tourism, historical gardens, historical site, horticultural art, horticulture, kitchen garden, landscape design, landscaping, loire valley, ornamental garden, outdoor design, parterre, pergola, sculpted plants, summer garden, symmetrical patterns, topiary, tourism, trimmed hedges, vegetable garden, village, villandry, villandry gardens",2026-10-02T09:52:38+02:00
34500328,retenue,2025-10-29,5596,8,0,non,Classic Riverside House amidst Dense Forest,"architecture, black and white, calm, classic view, countryside, dense forest, foliage, forest, greenery, house, idyllic, isolated, isolated house, landscape, lush, monochrome, natural beauty, nature, nature retreat, outdoor serenity, outdoors, peaceful, peaceful setting, picturesque, quiet, reflection, river, riverside, rural, scenic, secluded, serene, serenity, tranquil, tranquility, trees, vegetation, water, waterfront, wooded area, woodland",2026-10-02T09:52:38+02:00
34956322,retenue,2025-11-27,5435,8,0,non,Abandoned Rowboat on Rocky Shore in Black and White,"abandoned, aged, artistic, beach, black and white, boats, built, classic, coastal, desolate, dock, empty, isolated, isolated object, maritime, minimalist, monochrome, moody, natural, nautical, peaceful, quiet, readable, retro, rocky shore, rope, rowboat, sailing ships, sea, seascape, shore, single, solitude, standing still, still life, stranded, textures, tide, timeless, traditional, vintage, watercraft, weathered",2026-10-02T09:52:38+02:00
38536481,retenue,2026-07-12,5428,54,0,non,Smiling Man with Glasses Portrait Outdoors,"adult, bokeh, calm, casual, casual wear, close-up, comfort, content, daytime, expression, eyeglasses, eyewear, facial hair, fashion, glasses, goatee, grooming, happy, headsho, headshot, joy, latin, lifestyle, male, man, mature, modern, natural light, outdoors, outside, peaceful, personal style, pleasant, portrait, positive, relaxed, relaxed mood, serene, smiling, sunny, urban, white shirt",2026-10-02T09:52:38+02:00
36170132,retenue,2026-02-15,5424,6,1,non,"Flooded Canal with Ducks in Niort, France","anas platyrhynchos, bridge, city life, cityscape, concrete bridge, concrete structure, daytime, deadpan, duck, ducks, ecosystem, europe, european city, flood, flooded canal, flooding, flooding impact, floodplain, floodwaters, france, hydrology, instant, landscape, mallard duck, natural habitat, nature, naturelle, niort, nouvelle-aquitaine, outdoors, overflow, rain, reflection, resilience, river, riverbank, souvenir, spring, stormwater, trees, urban flooding, urban landscape, urban nature, urban wildlife, water, water level, water management, waterway, wetland, wildlife",2026-10-02T09:52:38+02:00
34908867,retenue,2025-11-24,5322,14,1,non,Coastal House on Rocky Shores of France,"architecture, blue roof, breeze, building, chausey, chausey island, cliff, coastal, coastal living, coastline, combination of colors, europe, foliage, france, french, granite, greenery, house, idyllic, island, isles, isolated, landscape, marine, maritime, natural beauty, nature, northwest, ocean, ocean view, outdoor, overcast, picturesque, reef, remote, remote house, rocks, rocky shore, rustic, sea, seascape, seaside, serene, sketchy, tranquil, tranquility, trees, vegetation, view, waves, wildlife",2026-10-02T09:52:38+02:00
34939469,retenue,2025-11-26,4907,12,0,non,Dramatic Coastal Rock Formation in Normandie,"adventure, around the world, blue water, cliff, coast, coastal, earth, europe, explore, france, france shoreline, french coast, geological, geology, jags, landmark, landscape, majestic, marine, marine life, natural beauty, natural structure, nature, nature photography, normandie, ocean, ocean waves, outdoors, peace, peaceful, relaxation, rock formation, rocky shore, sea, sea spray, seascape, serenity, splash, spume, stone, streaks, tourism, tranquil, travel, vacation, water, waves, weathered rocks, western europe",2026-10-02T09:52:38+02:00
34939468,retenue,2025-11-26,4662,8,0,non,Scenic Boat View Near Rocky French Coastline,"adventure, aquatic, blue sea, boat, breathtaking, calm ocean, calm waters, cloudy day, coastal, europe, european coast, exploration, finding, fishing, france, french landscape, french shore, getaway, holiday, inshore, isolated, journey, landscape, majestic, marine, marine travel, natural beauty, nature, nautical, navigation, ocean, ocean adventure, outdoors, peaceful, relaxation, remote, rocky coastline, sailing, scenery, sea, seafarer, serenity, shoreline, tourism, tranquil, travel, vessel, voyage, watercraft, waves",2026-10-02T09:52:38+02:00
38694051,retenue,2026-07-23,3983,21,2,non,Elegant Gardens of Château de Villandry,"aerial view, agricultural landscaping, botanical, Centre-Val de Loire, château de villandry, cultural heritage, daylight, decorative hedges, elegant gardens, elevated view, europe, european chateau, formal garden, france, french architecture, french countryside, garden pathways, gardens, geometric garden, green, greenery, heritage, historic landmark, historic site, horticultural excellence, horticulture, kitchen garden, landmarks, landscape design, landscaped garden, lavender, luxurious estate, manicured lawns, nature, outdoor beauty, outdoors, parterre, summer, summer garden, symmetrical garden, topiary, tourist attraction, village, villandry",2026-10-02T09:52:38+02:00
38536476,retenue,2026-07-12,3976,19,0,non,Relaxed Urban Portrait in a Coffee Shop Setting,"beard, beverage, bokeh, calm, casual, casual look, casual setting, casual wear, city backdrop, city leisure, coffee shop, confidant, contentment, cool vibe, daytime, drink, enjoyment, facial hair, glasses, headsho, leisure, leisure activity, lifestyle, male, man, modern lifestyle, optical glasses, outdoor cafe, outdoor relaxation, outdoor seating, personal time, portrait, portrait photography, public space, reflection, refreshment, relaxation, sitting, smile, summer, thoughtful, thoughtfulness, urban, urban backdrop, urban life, urban setting, warm weather, white shirt",2026-10-02T09:52:38+02:00
38536478,retenue,2026-07-12,3793,50,1,non,Casual Portrait of a Man with Glasses,"adult, approachable, beard, bokeh background, calm, casual, casual attire, charming, clear complexion, close-up, collected, confidant, confidence, dark hair, expression, eyewear, facial hair, friendly, gentle expression, glasses, headsho, headshot, identity, individual, indoors, introspective, latin, lifestyle, male, man, minimalist, modern, mustache, natural light, personal style, personality, poised, portrait, relaxation, relaxed, smiling, soft colors, soft focus, soft lighting, white background, white shirt",2026-10-02T09:52:38+02:00
34762346,retenue,2025-11-16,3631,4,0,non,Charming Medieval Wooden Doorway with Lantern,"ancient, antique, architectural detail, building design, charming, classic, cottage, cottagecore, craftsmanship, cultural, door, doorway, entrance, europe, european, exterior, france, french style, handcrafted, heritage, historic, historic architecture, lantern, lantern light, lumber tiles, medieval, minimal, nostalgic, patina, peaceful, quaint, roof shingles, rustic, serene, simple, simplicity, structure, textured tiles, timber cladding, timber frame, traditional, unadorned, vintage, wood, wooden door, wooden handle, woodgrain, woodwork",2026-10-02T09:52:38+02:00
38694055,retenue,2026-07-23,3611,28,0,non,"Intricate Gardens at Château de Villandry, France","aerial view, aristocratic estate, artistic landscape, botanical, botanical tourism, central france, Centre-Val de Loire, château de villandry, cultural heritage, design, druye, elegance, europe, formal gardens, france, french architecture, french gardens, french heritage, garden artistry, gardening, gardens, geometric patterns, greenery, hedges, heritage, historical site, horticulture, landscape architecture, landscape design, luxury, manicured garden, natural beauty, nature, outdoor design, outdoors, pattern, plants, posy, public gardens, symmetry, topiary, tourism, tourist attraction, travel, trimmed bushes, villandry",2026-10-02T09:52:38+02:00
38536477,retenue,2026-07-12,3604,25,0,non,Casual Outdoor Portrait of a Man with Iced Drink,"ambient light, beard, beverage, bokeh, calm, candid, casual, coffee shop, confident, cool drink, cultural diversity, day, expression, facial hair, fashion, fashionable, glasses, headsho, iced drink, latin, leisure, lifestyle, man, modern lifestyle, modern look, outdoor cafe, outdoors, personal style, portrait, refreshing drink, relaxed, relaxed atmosphere, short hair, smile, soft drink, spectacles, street photography, summer, urban, white shirt",2026-10-02T09:52:38+02:00
38694047,retenue,2026-07-23,3180,53,2,non,"Villandry Gardens in Summer, France","architecture, attraction, botanical, bushes, Centre-Val de Loire, château de villandry, cultural, design, elegance, europe, european, exterior, formal garden, france, french garden, gardening, greenery, hedges, heritage, historical site, horticulture, landmark, landscape architecture, landscape design, lush, manicured, nature, outdoor, pathway, pattern, scenic, sightseeing, summer, symmetry, topiary, tourism, travel, trees, villandry, villandry gardens",2026-10-02T09:52:38+02:00
38279504,retenue,2026-06-25,3047,7,1,non,"Historical Hotel De Ville in Niort, France","architecture, building exterior, city hall, city hall niort, cityhall, classic facade, classical architecture, europe, european architecture, european city, european culture, european flags, european union flag, facade, france, france travel, french architecture, french flags, french heritage, french landmark, government architecture, government building, heritage site, historic facade, historic site, historical building, hotel de ville, hotel de ville niort, landmamrk, landmark, main square, municipal building, niort, niort france, nouvelle aquitaine, nouvelle-aquitaine, old city, ornate facade, public building, public square, stone architecture, stone carving, stone railing, stone steps, street lamp, tourism, travel destination, urban landscape, urban scene, window details",2026-10-02T09:52:38+02:00
38694056,retenue,2026-07-23,2951,28,2,non,"Intricate Gardens of Château de Villandry, France","baroque garden, beautiful garden, botanical, Centre-Val de Loire, château de villandry, classic garden, cultural heritage, day, elegant design, europe, european heritage, famous garden, formal garden, formal landscaping, france, french chateau, french garden, french history, garden art, garden maze, garden symmetry, geometric gardens, greenery, heritage, historic site, historical landmark, horticultural design, horticulture, iconic garden, landmark, landscape design, landscaped garden, luxury gardens, manicured lawns, maze, nature, ornamental hedge, outdoor, parterre garden, renaissance architecture, summer, symmetrical design, topiary, tourist attraction, travel destination, villandry",2026-10-02T09:52:38+02:00
38561990,retenue,2026-07-14,2817,8,0,non,Close-up Portrait of Man with Thoughtful Expression,"adult, blurred background, bokeh, casual, cigarette, cineamtic, close-up, contemplative, daylight, depth of field, detail, emotion, expression, face, gentle tone, glance, head, headsho, headshot, human, human being, individual, introspective, lifestyle, male, male portrait, man, mature, mid-thirties, minimalist, modern, natural light, neutral colors, outdoor, person, photography, portrait, portrait photography, profile, relaxed, resting face, serious, sharp focus, soft lighting, thoughtful, tuxedo, undistracted, young adult",2026-10-02T09:52:38+02:00
34354424,retenue,2025-10-18,2811,27,1,non,Serene Autumn Day in Niort's Scenic Park,"architecture, autumn, blue sky, cathedral, church, europe, european architecture, fall foliage, france, garden, gardens, historic buildings, lamp post, landmark, landscape, nature, niort, niort cathedral, nouvelle-aquitaine, orange, orange leaves, outdoors, park, pathway, picturesque, scenic, serene, spires, touristic, travel, trees, urban park, walking path",2026-10-02T09:52:38+02:00
38781489,retenue,2026-07-29,2776,16,1,oui,Elegant Gold Wedding Rings with Gemstone Accent,"anniversary, artistic, beautiful, bokeh, celebration, ceremony, classic, close-up, commitment, couple, decorative, elegance, emerald, engagement, fabric, fashion accessory, focus, gemstone, gift, gold color, gold rings, green stone, highlight, intimate, jewelry, jewelry design, love, luxury, macro, marriage, metal, metalwork, minimalist, ornament, pair, precious stone, romance, romantic, shiny, sparkle, symbolism, texture, together, two rings, wedding band, wedding jewelry, wedding rings",2026-10-02T09:52:38+02:00
38694060,retenue,2026-07-23,2763,15,0,non,Stunning Château de Villandry Gardens in France,"architecture, botanical, Centre-Val de Loire, château de villandry, daytime, decorative, ecosystem, europe, european garden, famous gardens, flowerbeds, formal garden, france, french gardens, garden, geometric, green, greenery, hedge, heritage, historic, historic site, horticultural, horticulture, kitchen garden, landmark, landscape, lush, manicured, natural beauty, nature, ornamental garden, outdoor garden, outdoors, panorama, parterre, pathways, pergola, plants, scenic, sightseeing, summer, symmetry, topiary, tourism, travel, vegetable garden, village, villandry",2026-10-02T09:52:38+02:00
38694052,retenue,2026-07-23,2642,30,0,non,"Elegant French Garden at Villandry, France","architecture, Centre-Val de Loire, château de villandry, classical, countryside, cultural, culture, daytime, decorative, design, elegant, europe, european gardens, fountain, france, french garden, french style, gardens, greenery, heritage, heritage site, historic, horticulture, landmark, landscape architecture, landscaped, landscaping, lush, manicured, nature, nature photography, outdoors, park, plants, summer, symmetry, topiary, tourism, tourist attraction, travel, vegetation, village, villandry, water feature",2026-10-02T09:52:38+02:00
35168742,retenue,2025-12-12,2531,4,0,non,"Historic Clock Tower in Mayenne, France","architectural design, architecture, bell tower, building, church spire, church tower, clock, clock face, clock tower, cultural site, daytime, europe, european architecture, exterior, facing front, france, french architecture, french countryside, gothic design, green foliage, greenery, heritage site, historic, historic building, historical, historical landmark, landmark, landscape, light stone, mayenne, nature, old building, orientale, outdoors, overcast sky, pays de la loire, photography, rural france, scenic, secular tower, stock photo, stone architecture, symmetrical design, top of tree, tower, tower clock, travel, trees, urban landscape, vertical structure, village",2026-10-02T09:52:38+02:00
38694059,retenue,2026-07-23,2525,18,1,non,Aerial View of Villandry's Iconic Kitchen Garden,"aerial view, agricultural art, artful landscaping, botanical beauty, botanical garden, Centre-Val de Loire, château de villandry, creative gardening, cultural heritage, daytime, ecosystem, environmental beauty, europe, european garden, famous gardens, flora, formal garden, france, french garden, french heritage, garden architecture, garden design, garden layout, garden pathways, garden tourism, gardening art, geometric pattern, green plants, green space, greenery, heritage, heritage site, historical garden, horticultural, horticultural attraction, horticulture, kitchen garden, landscape architecture, landscape design, ornamental garden, outdoor, perovskia, plant beds, railings, restorative landscape, summer, symmetrical garden, vegetable garden, villandry, visually appealing",2026-10-02T09:52:38+02:00
38279508,retenue,2026-06-25,2386,23,0,non,Elegant French Prefecture Building Façade,"administration, architecture, artistic, batiment, blue, building, cityscape, classic, columns, cultural, detail, elegant, entrance, etablissement, europe, european, facade, flag, france, french, gate, government, heritage, historic, historic architecture, identity, landmamrk, landmark, municipal, national, niort, nouvelle-aquitaine, office, official, ornate, prefecture, public, red, regional, statue, stone, structure, symmetrical, travel, tricolor, tricolour, urban, white, windows",2026-10-02T09:52:38+02:00
38536694,retenue,2026-07-12,2357,5,0,non,Pensive Man Smoking a Cigarette Outdoors,"adult, background, blurred lights, bokeh, casual, cigarette, cineamtic, contemplation, cultural, depth of field, emotion, everyday moment, expression, focus, fresh air, habit, half profile, headsho, human face, individual, lifestyle, light contrast, male, man, minimalist setting, modern theme, moody atmosphere, natural lighting, natural skin tone, obverse, outdoors, personal style, portrait, reflective, smoking, soft focus, station wagon, street photography, subtle colors, summer, thoughtful, tuxedo, urban, urban lifestyle",2026-10-02T09:52:38+02:00
38694054,retenue,2026-07-23,2022,24,3,non,Aerial View of Château de Villandry Gardens in France,"aerial view, architecture, botanical, breathtaking, Centre-Val de Loire, château de villandry, cultural heritage, daytime, elegant, environment, europe, european, formal garden, france, french gardens, french tourism, garden design, gardens, green, greenery, hedge maze, heritage, historic site, historical architecture, historical landmark, horticultural art, horticulture, landmark, landmark view, landscaped garden, landscaping, lush, manicured gardens, nature, nature's beauty, outdoors, panorama, picturesque, plant life, scenic, summer, sunny day, symmetrical, topiary, tourism, travel destination, villandry",2026-10-02T09:52:38+02:00
8297886,refusée,2021-06-11,1987,8,1,oui,,"abandoned, atmosphere, evening, historically, locomotive, railway, train",2026-10-02T09:52:38+02:00
38694050,retenue,2026-07-23,1938,19,0,non,Aerial View of Château de Villandry Gardens,"aerial view, botanical, botany, Center-Val de Loire, Centre-Val de Loire, château de villandry, cultural heritage, daytime, europe, european architecture, floral, formal garden, france, french garden, garden, garden paths, gardening, geometric patterns, green, greenery, heritage, historic landmark, historic site, horticultural, horticulture, kitchen garden, landscape design, landscaping, lush, manicured gardens, nature, ornamental plants, outdoor, outdoors, parterre, plant beds, summer, symmetric, symmetry, tourist attraction, traditional garden, trimmed hedges, vibrant, villandry",2026-10-02T09:52:38+02:00
38561992,retenue,2026-07-14,1910,6,0,non,Contemplative Portrait of Man Smoking Outdoors,"adult, artistic, atmosphere, background blur, bokeh, camera, casual, cigarette, cineamtic, cinematic, close-up, contemplative, cool tone, depth of field, emotion, expressive, face, facial hair, focus, guy, hair, headsho, headshot, hipster, human, individual, interaction, jacket, leisure, lifestyle, male, man, modern, outdoor, outdoors, portrait, relaxation, smoke, smoker, smoking, soft focus, street style, thoughtful, tobacco, tuxedo, unshaven, urban, youth",2026-10-02T09:52:38+02:00
10187408,refusée,2021-11-09,1874,11,1,non,,,2026-10-02T09:52:38+02:00
38561996,retenue,2026-07-14,1800,1,0,non,Contemplative Man Smoking a Cigarette,"adult, attitude, background blur, bokeh, calm, casual wear, cigarette, cineamtic, close-up, colorful shirt, confidant, contemplative, cool, daylight, depth of field, elegant, everyday, expression, facial hair, fashion, handsome, headsho, headshot, individual, leisure, lifestyle, male, man, modern, moment, natural light, outdoors, peaceful, person, personality, portrait, reflection, relaxation, relaxed, serene, smoker, smoking, soft focus, street style, stylish, thinking, thoughtful, tuxedo, urban",2026-10-02T09:52:38+02:00
10187432,refusée,2021-11-09,1796,9,1,oui,,,2026-10-02T09:52:38+02:00
6858270,refusée,2021-02-18,1750,8,2,non,,"food, sandwich, sandwiches",2026-10-02T09:52:38+02:00
10199772,refusée,2021-11-10,1619,2,1,oui,,"beautiful home, france, house, maison, marais",2026-10-02T09:52:38+02:00
38279509,retenue,2026-06-25,1568,7,0,non,"Intricate Bas-Relief Sculpture in Niort, France","18th century, architectural detail, architectural ornament, architecture, art, artistry, Bas-Relief, belle époque, carving, classic, craft, craftsmanship, cultural, culture, decoration, decorative art, elegant design, embellishment, europe, european, european culture, france, french architecture, french heritage, heritage, heritage architecture, heritage site, historic, historical, history, mascaron, niort, nouvelle-aquitaine, ornate, relief, sculpture, stone, stone carving, stone sculpture, stonework, traveler, vintage",2026-10-02T09:52:38+02:00
10187660,refusée,2021-11-09,1544,8,1,non,,"airplane, sky",2026-10-02T09:52:38+02:00
10187589,refusée,2021-11-09,1501,3,1,non,,"alleyway, old street, staircases",2026-10-02T09:52:38+02:00
10187396,refusée,2021-11-09,1431,3,1,non,,"airplane, sky",2026-10-02T09:52:38+02:00
39228274,retenue,2026-08-27,1371,3,0,non,Charming Village in Bourgogne-Franche-Comté,"architecture, beautiful, bourgogne-franche-comte, burgundy, community, countryside, daylight, environment, europe, european village, forest, france, french landscape, greenery, heritage, hills, homes, horizon, landscape, lush, mountains, natural beauty, nature, old buildings, outdoors, overcast, panoramic view, pastoral, pau, peaceful, picturesque, pyrenees atlantiques, quiet, regional, rural, scenic, serene, sky, summer, traditional, tranquil, travel, travel destination, trees, verdant, village, vista",2026-10-02T09:52:38+02:00
38694058,retenue,2026-07-23,1360,9,2,non,Stunning French Garden at Château de Villandry,"architecture, aromatic plants, botanical, botanical garden, Centre-Val de Loire, château de villandry, cultural heritage, daylight, druye, elegant, europe, european garden, famous gardens, famous landmark, floral, formal garden, fountain, france, french, french gardens, garden design, garden lovers, gardens, greenery, heritage, historic site, horticulture, ivy, landmark, landscape, lattice, lavender, manicured, nature, outdoor, outdoor space, park, perovskia, railings, sightseeing, staircase, stone, summer, summer vacation, symmetrical, topiary, tourism, travel, travel destination",2026-10-02T09:52:38+02:00
38279684,retenue,2026-06-25,1342,2,0,non,Reflection of Flowers and Lamp Post in Niort,"abstract, abstract photography, artistic, artsy, blue sky, blurred, calm, clear sky, dreamy, europe, fence, floral, flowers, france, gardening, green, impressionist, lamp post, landscape, mirror effect, morning, nature, niort, nouvelle-aquitaine, outdoor photography, outdoor scene, pink flowers, public space, purple flowers, reflected image, reflection, ripples, scenic, serene, street lamp, summer, tranquil, tranquility, urban, urban landscape, urban nature, water, waterway, wet",2026-10-02T09:52:38+02:00
13243887,refusée,2022-08-16,1269,6,2,oui,St-Malo,"architecture, bretagne, contrast, france, port, saint malo, san malo, sea, tourism",2026-10-02T09:52:38+02:00
10220497,refusée,2021-11-12,1268,3,1,non,,river bank,2026-10-02T09:52:38+02:00
13292415,refusée,2022-08-20,1261,7,2,oui,Espace de rêverie,"birds, flight, laval, lightleak, pastel",2026-10-02T09:52:38+02:00
13263155,refusée,2022-08-17,1215,5,2,non,Aqueduc de Laval,"aqueduct, black and white, bridge, fleuve, laval, river, sunny",2026-10-02T09:52:38+02:00
13243860,refusée,2022-08-16,1211,6,2,oui,Alignement,"contrast, current, motion, pastel color, pebbles, stone, water",2026-10-02T09:52:38+02:00
38279506,retenue,2026-06-25,1184,3,0,non,Scenic View of Niort Landmark and Park,"adventure, architecture, beautiful, botanical, building, calm, cathedral, church spire, cityscape, clear sky, daytime, destination, esplanade, europe, france, grass, greenery, heritage, historic, horticulture, landmamrk, landmark, landscape, lawn, nature, niort, nouvelle-aquitaine, outdoor, park, pathway, recreation, Saint-André, Saint-André Cathedral, scenic, sky, structure, summer, sunny, tourism, tranquil, travel, trees, urban, vacation, walkway",2026-10-02T09:52:38+02:00
13679682,refusée,2022-09-18,1181,8,3,non,Heure du goûter,"black and white, black and white background, cat, frozen, handsome, hue, sugar",2026-10-02T09:52:38+02:00
13153086,refusée,2022-08-09,1179,8,0,oui,Animal solaire,"cow, light trail, meadow, sun, vosges, vosgienne",2026-10-02T09:52:38+02:00
13216448,refusée,2022-08-14,1152,5,2,oui,Pont en amont,"black and white, bridge, river, symes",2026-10-02T09:52:38+02:00
13178331,refusée,2022-08-11,1140,4,1,non,Théâtre sylvestre,"beauty in nature, ecology, lightleak, nature, tree, vegetation",2026-10-02T09:52:38+02:00
38694043,retenue,2026-07-23,1112,1,1,non,Classic Monochrome View of Villandry Gardens,"architecture, black and white, bridge, canal, Centre-Val de Loire, chateau, château de villandry, church, classic, culture, day, elegance, elegant, europe, european, france, french architecture, garden, gardens, heritage, historic, historic site, history, kitchen garden, landmark, landscape, light and shadow, loire valley, monochrome, nature, outdoor scene, outdoors, pathway, picturesque, railings, reflection, shadow, stone, summer, touraine, tourism, traditional, travel, village, villandry, water reflection",2026-10-02T09:52:38+02:00
39595391,retenue,2026-09-19,1110,7,0,non,Stunning Night Sky with Milky Way in Galicia,"astronomical, astronomy, astrophotography, celestial, clear sky, cosmic, cosmos, dark sky, europe, galactic center, galactic plane, galicia, heavens, landscape, long exposure, milky way, natural beauty, nature, night sky, nightscape, nighttime, nocturnal, outer space, peaceful, planetary, serene, silhouette, sky, skyline, space exploration, spain, stargazing, starlight, starry, stars, tranquil, twinkling stars, universe, vista",2026-10-02T09:52:38+02:00
39434688,retenue,2026-09-08,1109,0,0,non,Weathered Vintage Door Close-Up Texture,"aged material, antique finish, architectural detail, architectural element, artistic element, basque architecture, basque country, chipped paint, classic, classic design, close-up, decorative, decorative arts, decorative rivet, detail, distressed, door, espagne, europe, european culture, european style, euskadi, faded, gipuzkoa, green door, historic, historic door, industrial, interesting pattern, iron, irun, metalwork, old-world charm, ornate, patina, peeling paint, rivets, rustic, rustic motif, spain, structural, texture, timeworn, traditional design, urban art, vintage, weathered, weathered surface, wood",2026-10-02T09:52:38+02:00
16592454,refusée,2023-04-28,1105,7,2,oui,,"abstract, abstract expressionism, experimental, human, human art, light",2026-10-02T09:52:38+02:00
39228275,retenue,2026-08-27,1087,0,0,non,Charolais Cow Grazing in Bourgogne-Franche-Comté,"agricultural scene, agriculture, animal, animal husbandry, animal husbandry scene, beef cattle, bourgogne-franche-comte, bovine, bovine animal, cattle, cattle breed, cattle farming, charolais, charolais cattle, charolais cow, country life, cow, domestic, domestic cow, europe, european cattle, european farm, farm, farm animals, farm life, farming, field, france, french countryside, grazing, livestock, livestock farming, muddy, natural environment, outdoors, pastoral, pastoral landscape, pasture, pyrenees atlantiques, rural, rural france, rural france scene, rural landscape, rustic setting, telefoto",2026-10-02T09:52:38+02:00
38694044,retenue,2026-07-23,1074,4,0,non,Charming View of Villandry Gardens and Church,"architecture, bridge, canal, captivating view, Centre-Val de Loire, chateau, château de villandry, church, colonial style, culture, day, druye, elegance, europe, france, french architecture, french countryside, gardens, heritage, historic, historical landmark, horticulture, kitchen garden, landscape, loire valley, lush, natural beauty, nature, old architecture, outdoors, panorama, parterre, pathway, picturesque, reflection, scenic, sightseeing, sky, stone buildings, summer, tourism, traditional, tranquil, travel, vegetation, village, villandry, villandry gardens",2026-10-02T09:52:38+02:00
18099951,refusée,2023-08-23,1054,6,2,oui,Maraîchines,"animals, cows, farm animals, marsh, nature, vegetation",2026-10-02T09:52:38+02:00
39423921,retenue,2026-09-08,1043,6,0,non,Historic Town Hall in Irun's City Center,"arcade, arcaded, arches, architecture, archs, balcony, basque country, cityscape, classic design, daytime, decorative, europe, european architecture, euskadi, exterior, facade, flags, gipuzkoa, government building, heritage, historic architecture, historic building, historical site, ikurrina, irun, irun city center, landmamrk, landmark, local government, municipal building, outdoors, plaza, public building, railings, spain, spain travel, spanish architecture, stone facade, summer, symmetrical, town hall, tree, urban",2026-10-02T09:52:38+02:00
38688658,retenue,2026-07-22,990,9,1,non,"Scenic River with Bridge in Villandry, France","architecture, botanical, bridge, calm, Centre-Val de Loire, countryside, cultural, daytime, destination, ecology, environment, europe, flora, france, french, freshwater, greenery, heritage, historic, landscape, lush vegetation, natural beauty, nature, outdoor, outdoors, peaceful, picturesque, plant life, river, rural, scenery, scenic, serene, summer, tourist, tranquil, travel, trees, vacation, vegetation, villandry, water flow, wildlife",2026-10-02T09:52:38+02:00
18332906,refusée,2023-09-11,983,2,3,non,Citrouillesque,"amethyst, arc de triomphe, autumn, blackboard, figure, fir cone, halloween, haloween, haze, hook, orange, pumpkin",2026-10-02T09:52:38+02:00
18100443,refusée,2023-08-23,956,7,2,oui,La femme aux trois boucles,"development, duvet, hairs, modern art, portrait, scrunchie, warm colors",2026-10-02T09:52:38+02:00
38694045,retenue,2026-07-23,871,7,1,non,Tranquil Garden View in Centre-Val de Loire,"architecture, blue sky, Centre-Val de Loire, chateau, château de villandry, classic, druye, europe, european culture, formal garden, france, french garden, garden design, greenery, hedges, heritage, historic site, horticulture, landmark, landscape photography, landscaped garden, lush, manicured lawn, natural beauty, nature, nirvana, outdoors, panoramic, peaceful, pond, reflection, relaxation, scenic, serene, summer, symmetry, tourism, tranquil, travel, vacation, vintage, water feature, western europe",2026-10-02T09:52:38+02:00
38688489,retenue,2026-07-22,844,1,0,non,Historic Boat Moored on River in Villandry,"adventure, blue, boat, boats, calm, calm water, Centre-Val de Loire, clear sky, cultural, destination, dock, embark, europe, european, france, green, heritage, historic, idyllic, journey, landscape, leisure, mooring, nature, nautical, nautical tourism, navigation, outdoors, peaceful, picturesque, reflection, river, riverbank, sail, sailing, sailing experience, serenity, sightseeing, summer, tranquil, travel, vessel, villandry, water, watercraft, wooden",2026-10-02T09:52:38+02:00
39423920,retenue,2026-09-08,810,9,0,non,Silver Car Parked Near Crosswalk in Irun,"basque country, blue sign, building facade, calm street, car parked, city life, city setting, city street, civil infrastructure, concrete pavement, crosswalk, daylight, empty road, espagne, europe, gipuzkoa, irun, metropolitan, outdoor, parked car, parking area, pedestrian crossing, public road, residential road, right-turn sign, road markings, shadow, sidewalk, signage, silver car, single car, spain, spanish city, street photography, street sign, street view, summertime, traffic sign, transport, transportation, urban architecture, urban design, urban environment, urban landscape, urban planning, urban scene, vehicle, wall, window",2026-10-02T09:52:38+02:00
39296056,retenue,2026-08-31,798,4,2,oui,Border Collie in Lush Greenery Outdoors,"alert, alertness, animal, black and white, bokeh, border collie, branch, breed, calm, canine, collie, companion animal, dog, domestic animal, exploration, eyes, fart, france, fur, garden, graceful, greenery, intelligent, landscape, leafy, leaves, lush, majestic, natural habitat, nature, outdoors, peaceful, pet, photogenic, plants, portrait, pyrenees, pyrenees atlantiques, relaxed, rural, serene, smooth coat, sunlit, telefoto, tree, vibrant, watchful, wild",2026-10-02T09:52:38+02:00
38694048,retenue,2026-07-23,790,7,0,non,"Château de Villandry Scenic View, France","architectural beauty, artisan craftsmanship, blue sky, castle, castle tower, Centre-Val de Loire, château de villandry, clouds, cultural site, elegant, europe, european heritage, france, french countryside, french garden, french landmark, gardens, grass, heritage, historic architecture, historic site, historical landmark, history, landmamrk, landmark, landscape, medieval architecture, nature, outdoor, outdoors, picturesque, reflection, reflection pond, scenic spot, serene, stone building, summer, tourism, tourist attraction, tranquil scene, travel, travel destination, trees, villandry, water feature, water reflection",2026-10-02T09:52:38+02:00
13087576,refusée,2022-08-04,733,8,2,oui,As de pique,"bokeh, flower",2026-10-02T09:52:38+02:00
13066927,refusée,2022-08-02,701,10,2,oui,Témoin de nos routes,"barrier, beautiful sky, blue sky, cloudy skies, hedge, tree",2026-10-02T09:52:38+02:00
11978981,refusée,2022-04-30,690,8,1,oui,Eglise lugubre,"branch, church, tree",2026-10-02T09:52:38+02:00
39376205,retenue,2026-09-05,684,7,1,non,Angel Sculpture at Monument aux Girondins,"angel, architectural design, architecture, art, artistic, base, blue sky, bordeaux, bronze, cityscape, classical, clouds, cultural, cultural heritage, europe, france, freedom, french landmark, gironde, girondins, heritage, historic, historic monument, iconic, landmamrk, landmark, majestic, monument, monument aux girondins, nouvelle-aquitaine, outdoors, peace, place des quinconces, place of interest, public art, sculpture, sky, statue, tourism, travel, urban, verdigris, victory, western europe, winged figure",2026-10-02T09:52:38+02:00
38694042,retenue,2026-07-23,653,1,0,non,Historic Château de Villandry Exterior View,"arcaded, arched windows, architectural details, architecture, black and white, castle, Centre-Val de Loire, château de villandry, classic, culture, detail, elegant, europe, european, facade, famous, france, french architecture, french heritage, heritage, heritage site, historic, historic architecture, historical site, landmamrk, landmark, loire valley, masonry, monochrome, old building, old world, outdoors, photogenic, pitched roof, renaissance, roof, sightseeing, stone, stonework, symmetry, tourism, tourist attraction, travel, travel destination, travel photography, travel spot, villandry, villandry gardens, windows",2026-10-02T09:52:38+02:00
10327809,refusée,2021-11-23,641,3,1,oui,,cityhall,2026-10-02T09:52:38+02:00
13020351,refusée,2022-07-29,639,7,2,oui,Clé des champs,"beautiful sky, champs, yellow background",2026-10-02T09:52:38+02:00
10418605,refusée,2021-12-02,636,4,1,oui,,"beautiful landscape, blue background, city centre, hdr, layer, sunset sky, white sky",2026-10-02T09:52:38+02:00
39423922,retenue,2026-09-08,629,4,0,non,Charming Street View of Irun Architecture,"architecture, balcony, basque, basque country, building, buildings, cables, charming, cityscape, colorful, cultural, daylight, demolition, espagne, europe, european, euskadi, facade, gipuzkoa, graffiti, green building, historic, irun, irun street, lamp post, landscape, modern, old town, outdoors, potted plants, regional, residential, rustic, spain, spanish, spanish architecture, stone wall, street, streetscape, town, traditional, travel, urban, urban photography, vibrant, village, window",2026-10-02T09:52:38+02:00
10652212,refusée,2021-12-26,625,7,1,oui,,"clear sky, fisherman, fleuve, green background, marsh, nature, river, swamps, vegetation",2026-10-02T09:52:38+02:00
13358097,refusée,2022-08-24,620,5,1,non,Arbre solaire,"cross, nature, ray of light, sun, tree",2026-10-02T09:52:38+02:00
39296054,retenue,2026-08-31,616,2,0,non,Border Collie Peeking Through Lush Greenery,"agile, alert, animal, attentive, background blur, black and white, bokeh, border collie, breed, canidae, canine, canis lupus familiaris, curious, daylight, dog, domestic animal, environment, eye contact, fart, flora, foliage, france, green leaves, greenery, guard dog, intelligent, landscape, nature, nature photograph, outdoors, pet, pet portrait, portrait, pyrenean dog, pyrenees atlantiques, sheepdog, telefoto, tree branches, wildlife, working dog",2026-10-02T09:52:38+02:00
39228273,retenue,2026-08-27,611,2,0,non,"Historic Romanesque Church in Buzy, France","ancient, architecture, architecture style, beautiful, building, buzy, church, church building, church tower, countryside, cultural, europe, france, france architecture, french village, greenery, heritage, historic, historic site, idyllic, landmark, landscape, medieval, nouvelle-aquitaine, old building, outdoor, pau, peaceful, picturesque, pyrenees, pyrenees atlantiques, quaint, romanesk, romanesque, rural, scenic, stone, summer, tourist, tower, traditional, tranquil, travel, tree, village",2026-10-02T09:52:38+02:00
10443099,refusée,2021-12-04,608,3,1,oui,,"backlight, backlit, christian, christianity, church, church notre dame, gothic, gothic style, light effect, light effects, notre dame",2026-10-02T09:52:38+02:00
39182180,retenue,2026-08-24,600,4,0,non,"Close-up of Moss-Covered Rocks in Buzy, France","atlantiques, biodiversity, bokeh, botanical, botany, boulder, buzy, close-up, earthy colors, ecosystem, environment, environmental, erosion, europe, european landscape, flora, france, france nature, french countryside, french natural beauty, geology, greenery, growth, habitat, landscape, lichen, lichen close-up, lichen texture, lichenology, macro, moss, moss detail, moss growth, mossy surface, natural formation, natural pattern, natural texture, natural world, nature, nouvelle-aquitaine, organic, outdoors, pau, pyrenees, pyrenees atlantiques, rocks, rustic, scenic, stone, texture, vegetation, verdant, wild, wildlife habitat",2026-10-02T09:52:38+02:00
11938837,refusée,2022-04-26,600,8,1,oui,Jeux d'Octaves,"lounge, musical instrument, piano, piano keys",2026-10-02T09:52:38+02:00
13679752,refusée,2022-09-18,591,6,1,non,Paon,"blue, feathered animal, majestic, peacock feathers, pride",2026-10-02T09:52:38+02:00
10369144,refusée,2021-11-27,591,3,1,oui,,"cake, french",2026-10-02T09:52:38+02:00
39386274,retenue,2026-09-05,590,1,0,non,Monument aux Girondins Sculpture in Bordeaux,"19th century, architecture, artistically, artwork, bordeaux, cityscape, crown, cultural, detail, elegant, europe, european, feminine figure, figurative, france, french, gironde, green patina, heritage, historic, historic monument, historic site, landmamrk, landmark, majestic, monument aux girondins, monumental, Neo-Classical, nouvelle-aquitaine, outdoors, patinated bronze, photography, place des quinconces, plaza des quinconces, portrait, public art, sculpture, staff, statue, stone, symbolism, telefoto, texture, tourism, tradition, travel destination, urban, verdigris",2026-10-02T09:52:38+02:00
13679728,refusée,2022-09-18,589,6,2,non,Ovidé,"ecology, house, nature, portrait",2026-10-02T09:52:38+02:00
12112236,refusée,2022-05-12,586,7,1,non,Angoulême sous draps blancs,"beautiful sky, beauty nature, center, dwelling, natural beauty",2026-10-02T09:52:38+02:00
12956180,refusée,2022-07-23,581,5,1,oui,Nocturnes républicains,"afterparty, beautiful sunset, black, cloud formation, night, party, red, shadows, twilight sky",2026-10-02T09:52:38+02:00
10368253,refusée,2021-11-27,577,6,1,oui,,"cat, city centre, giant, perspective",2026-10-02T09:52:38+02:00
12092047,refusée,2022-05-10,556,8,1,non,Chateau d'ivoire,"beautiful sky, de luxe, deluxe, river bank, white house",2026-10-02T09:52:38+02:00
13673391,refusée,2022-09-17,555,5,1,non,Fuyard,"animal, animals, games, green, jeux, nature, outdoor pursuit, running, two, voltage, water",2026-10-02T09:52:38+02:00
10355467,refusée,2021-11-26,545,4,1,oui,,"car, pedestrian passage, street",2026-10-02T09:52:38+02:00
13673408,refusée,2022-09-17,544,5,1,non,Saint Vincent,"architecture, bretagne, cathedral, church, faith, lightleak, religion, san malo, stained glass windows",2026-10-02T09:52:38+02:00
10249058,refusée,2021-11-15,542,3,1,non,,"beautiful flower, lotus flower",2026-10-02T09:52:38+02:00
13322944,refusée,2022-08-22,526,5,1,non,Orguesque,"cathedral, faith, france, music, musical instrument, organ, religion, steel, wood",2026-10-02T09:52:38+02:00
13263103,refusée,2022-08-17,521,5,1,non,Lune et rateau,"antenna, astronomy, crescent, moon, night, rake, rooftop",2026-10-02T09:52:38+02:00
13673404,refusée,2022-09-17,519,5,1,non,Bain,"animals, bain, cute animals, duck, green, mallard, nature, nosedive, several, water",2026-10-02T09:52:38+02:00
13628612,refusée,2022-09-13,516,4,1,non,Poulet,"animal, funny animal, head, hen, leger, nature, poultry",2026-10-02T09:52:38+02:00
10815620,refusée,2022-01-11,516,5,1,non,,"balcony, cat",2026-10-02T09:52:38+02:00
13651490,refusée,2022-09-15,511,5,1,non,Jeune face au monde,"bird, exploration, finding, nature, portrait, sole",2026-10-02T09:52:38+02:00
12100543,refusée,2022-05-11,508,8,1,non,Ruines du royaume de la BD,"ancient, historical architecture, road, ruins, tree",2026-10-02T09:52:38+02:00
13651457,refusée,2022-09-15,501,4,1,non,Duo d'explorateur,"animals, cute animal, exploration, finding, green, life, nature, relaxation, roots, two",2026-10-02T09:52:38+02:00
16141472,refusée,2023-03-30,482,6,1,non,Rouge,"blazing fire, communism, communist, demonstration, fire, flag, france, protestors, red, red flag, red light",2026-10-02T09:52:38+02:00
13296781,refusée,2022-08-20,470,5,1,non,Rouleau,"agriculture, champs, countryside, farm, hay, hay bales, original, yellow",2026-10-02T09:52:38+02:00
10273090,refusée,2021-11-17,464,3,1,non,,stunt,2026-10-02T09:52:38+02:00
13292485,refusée,2022-08-20,462,5,1,non,Brise  de mer,"blue, breakwater, bretagne, city, cloud, france, maritime, san malo, sea",2026-10-02T09:52:38+02:00
12092035,refusée,2022-05-10,461,8,1,non,Abords d'Angoulême,"bridge railing, old ruin, ruin, vegetation",2026-10-02T09:52:38+02:00
13628723,refusée,2022-09-13,460,5,1,non,Guide félin,"black and white, bokeh, class, cute animal, domestic, freedom, nature, relaxation",2026-10-02T09:52:38+02:00
12985910,refusée,2022-07-26,460,5,1,non,Triple course,"action, animal, bovine, cattle, cow, fielet, motion, on the move, outdoors, running",2026-10-02T09:52:38+02:00
13296675,refusée,2022-08-20,459,5,1,non,Racine,"contrast, dead, nature, rind, stump, tree",2026-10-02T09:52:38+02:00
16113052,refusée,2023-03-28,457,7,1,non,La lutte.,"black and white, city, courage, demonstration, flag, france, man, red flag, revolution, wrestling",2026-10-02T09:52:38+02:00
39532048,retenue,2026-09-15,456,1,0,non,Vibrant Pink Cosmos Flower in Sunlight,"background, bloom, blossom, bokeh, botanical, botanical photography, botany, bright colors, budding, close-up, composition, contrast, cosmos, cosmos bipinnatus, decorative, environment, flora, floral, flower, garden, garden photography, gardening, horticulture, landscape, landscaping, macro, natural, natural beauty, nature, ornamental, outdoors, pastel, petals, pink flower, plant, pollen, seasonal, sharp focus, spring, summer, texture, vibrant, warm colors, wildflower, young plant",2026-10-02T09:52:38+02:00
16141463,refusée,2023-03-30,452,5,1,non,Poing levé.,"communism, communist, demonstration, france, protestors, red",2026-10-02T09:52:38+02:00
19059624,refusée,2023-11-08,444,1,1,oui,Un homme perdu,"arrows, black and white, lines, traits, vintage",2026-10-02T09:52:38+02:00
16101436,refusée,2023-03-27,434,6,1,non,"Lutte, encore et toujours !","communist, demonstration, elected official, flags, france, motorcade, movilization, outside, protester, social, young, young people",2026-10-02T09:52:38+02:00
13313100,refusée,2022-08-21,434,5,1,non,Bonjour,"adorable, animals, bonjour, cute, cute animals, hello, zoo",2026-10-02T09:52:38+02:00
10405558,refusée,2021-12-01,428,4,1,non,,"cat, ginger cat, nature",2026-10-02T09:52:38+02:00
10815633,refusée,2022-01-11,426,7,1,non,,"parlor games, white, white background",2026-10-02T09:52:38+02:00
16141501,refusée,2023-03-30,424,5,1,non,Rouge,"communism, communist, demonstration, flag, france, protestors, red, red flag, smoked",2026-10-02T09:52:38+02:00
10260382,refusée,2021-11-16,422,3,1,non,,"cat, running",2026-10-02T09:52:38+02:00
13234891,refusée,2022-08-15,416,5,1,non,Sortie,"construction, contrast, dark, lightleak, stones, tunnel, tunnel view",2026-10-02T09:52:38+02:00
39386271,retenue,2026-09-05,414,5,0,non,"Monument aux Girondins Fountain in Bordeaux, France","artistic, artistic expression, bordeaux, bordelais, bronze sculptures, city landmark, city square, classic architecture, classical sculpture, cultural heritage, daytime, decorative art, equestrian statues, europe, european architecture, european tourism, famous landmark, fountain, fountain details, france, french culture, gironde, heritage, historical monument, historical site, horse, iconic, landmamrk, landmark, monument, monument aux girondins, mythology, neoclassical, nouvelle-aquitaine, outdoor, outdoors, photography, place des quinconces, public art, sculpture, statue, stone sculpture, summer, tourist attraction, travel destination, urban scenery, verdigris, water",2026-10-02T09:52:38+02:00
13255679,refusée,2022-08-17,409,5,1,non,Repos et oiseaux,"ancient house, bird, canal, current, france, herring gull, house, ivy, ornithology, river, vegetation",2026-10-02T09:52:38+02:00
10879440,refusée,2022-01-17,407,6,1,non,,"artifact, bokeh, parlor games",2026-10-02T09:52:38+02:00
11968816,refusée,2022-04-29,405,9,2,non,Entre deux barrières,"barriers, champs, nature, wire mesh, woman",2026-10-02T09:52:38+02:00
19047689,refusée,2023-11-07,401,2,1,oui,Mégot,"black and white, contrast, crevice, memory card, stone, symbolic",2026-10-02T09:52:38+02:00
16510834,refusée,2023-04-23,400,5,1,non,,"beautiful animal, blue t-shirt, chat, desaturated, sleep",2026-10-02T09:52:38+02:00
16141476,refusée,2023-03-30,398,5,0,non,Sous un drapeau rouge,"communism, communist, demonstration, flag, france, protestors, red, red flag",2026-10-02T09:52:38+02:00
13228683,refusée,2022-08-15,398,4,1,non,Couple de cairn,"beach, cairn, sea, stone, vacance, vacation",2026-10-02T09:52:38+02:00
10310851,refusée,2021-11-21,398,3,1,non,,"barque, boat, pontoon",2026-10-02T09:52:38+02:00
10959904,refusée,2022-01-24,397,2,1,non,,candle,2026-10-02T09:52:38+02:00
16113112,refusée,2023-03-28,396,5,1,non,Manifestation,"communist, demonstration, france, protestors, red, red flag, student, union, young people",2026-10-02T09:52:38+02:00
13102289,refusée,2022-08-05,396,6,1,non,Aube,"artifact, brightsun, ray of sunshine, rising sun, sun, sun glare, sunrise, wind generator",2026-10-02T09:52:38+02:00
10281697,refusée,2021-11-18,396,3,1,non,,"beautiful flower, greenery",2026-10-02T09:52:38+02:00
13216464,refusée,2022-08-14,395,5,2,non,Grand Choupisson,"animal lover, animals, ecology, hedgehog, nature, portrait",2026-10-02T09:52:38+02:00
13078020,refusée,2022-08-03,394,7,1,non,Toile Vosgienne,"beautiful sky, cloudy skies, france, mountain, mountain village, village",2026-10-02T09:52:38+02:00
12073895,refusée,2022-05-08,391,4,1,non,Moebius,"architecture, clear blue sky, light effects",2026-10-02T09:52:38+02:00
16904613,refusée,2023-05-20,387,5,2,non,Nature et feuillage,"blurred, branch, branches, brown color, garden, grass, green, growth, landscape, leaf, leaves, nature, spring, tree, wood",2026-10-02T09:52:38+02:00
13125683,refusée,2022-08-07,387,6,1,non,Sur et sous le fil,"barbed, barbed wire, black and white, grass, shadow, silhouette",2026-10-02T09:52:38+02:00
13078049,refusée,2022-08-03,384,5,1,non,La grand route,"clouds, road, trees, wayside",2026-10-02T09:52:38+02:00
11999254,refusée,2022-05-02,382,8,1,non,Vielles racines,"champs, green background, tree",2026-10-02T09:52:38+02:00
13197999,refusée,2022-08-12,381,5,1,non,A l'ombre des hommes,"bathing, beach, beachside, beautiful sky, cloud",2026-10-02T09:52:38+02:00
13164936,refusée,2022-08-10,381,8,1,non,Cherche le jour,"beautiful sky, clouds, cloudy skies, sun",2026-10-02T09:52:38+02:00
10879428,refusée,2022-01-17,381,6,0,non,,"bed, cover, curtain, drapes, draps, phone, portrait",2026-10-02T09:52:38+02:00
13087566,refusée,2022-08-04,380,6,2,non,Fleurilège,"bokeh, flower",2026-10-02T09:52:38+02:00
12073840,refusée,2022-05-08,380,8,1,non,Pont vers la nature,"bridge, light green background, overgrown, trees, wooden railing",2026-10-02T09:52:38+02:00
12084338,refusée,2022-05-09,378,7,1,non,Un gout estival,"green background, riverside, tree, vegetation",2026-10-02T09:52:38+02:00
12073837,refusée,2022-05-08,378,8,1,non,Ciel et pavés,"beautiful sky, city centre, exchange, landmark, tree",2026-10-02T09:52:38+02:00
11968793,refusée,2022-04-29,378,9,2,non,Tapis de rêves,"flowers, outdoors, pink background, wilted",2026-10-02T09:52:38+02:00
10699313,refusée,2022-01-01,378,6,1,non,,"black and white, cat, curiosity, portrait",2026-10-02T09:52:38+02:00
10292593,refusée,2021-11-19,377,3,1,non,,"marsh, road",2026-10-02T09:52:38+02:00
11999255,refusée,2022-05-02,376,8,1,non,Arrosoir,"tight, watering can",2026-10-02T09:52:38+02:00
39516999,retenue,2026-09-14,374,1,0,non,Elegant Architectural Details in Spanish Setting,"architectural ornament, architecture, art deco, artistic, balustrade, building detail, cityscape, classic architecture, decorative, elegant design, españa, europe, european style, glass roof, historic, historical design, ironwork, lamp post, metal roof, metalwork, outdoor, outdoor lighting, outdoor stairs, rooftop, spain, spanish architecture, stairs, stone balustrade, street lamp, sunlight, sunny day, telefoto, urban, urban landscape, vintage lamp",2026-10-02T09:52:38+02:00
13142737,refusée,2022-08-08,371,5,0,non,Lune électrique,"crescent, electric wire, luminary, moon, night",2026-10-02T09:52:38+02:00
12516756,refusée,2022-06-16,371,3,1,non,Sculpture Pictave,"art, golden statue, green tree, sculpture, statue, tree",2026-10-02T09:52:38+02:00
11991308,refusée,2022-05-01,371,8,1,non,Tiges sous cloche,"garden, garden shed, picket, tight",2026-10-02T09:52:38+02:00
10757956,refusée,2022-01-05,371,4,2,non,,"city, house, street, tree, winter",2026-10-02T09:52:38+02:00
10303311,refusée,2021-11-20,370,4,1,non,,"marsh, riverside, water",2026-10-02T09:52:38+02:00
13178332,refusée,2022-08-11,369,4,1,non,Sarment,"beauty in nature, ecology, lightleak, nature, path, sun, tree, vegetation",2026-10-02T09:52:38+02:00
13164935,refusée,2022-08-10,369,4,1,non,Pétale d'or,"flower, grass, yellow",2026-10-02T09:52:38+02:00
13153084,refusée,2022-08-09,369,5,1,non,Vallée vermeil,"beautiful sky, cloud, cloudy skies, dazzling sun, landscape, light effects, nature, sconces, sun, tree",2026-10-02T09:52:38+02:00
11961131,refusée,2022-04-28,369,9,2,non,Au crépuscule,"beautiful flower, flower, pink, plant lover, tree in blossom",2026-10-02T09:52:38+02:00
11999253,refusée,2022-05-02,368,4,1,non,Cadre et cheval,"brouter, champs, horse",2026-10-02T09:52:38+02:00
11906092,refusée,2022-04-23,368,9,1,non,Paire de duo,"city centre, sun down, sunset",2026-10-02T09:52:38+02:00
10459984,refusée,2021-12-06,368,5,1,non,,"cat, portrait, rest, restful",2026-10-02T09:52:38+02:00
10355479,refusée,2021-11-26,368,3,2,non,,cat,2026-10-02T09:52:38+02:00
13204344,refusée,2022-08-13,367,4,1,non,Pêche au canard,"animals, cute animals, duck, river, vegetation, water",2026-10-02T09:52:38+02:00
13117640,refusée,2022-08-06,365,5,1,non,Champs,"champs, corn, corn cob, corn field, light green background",2026-10-02T09:52:38+02:00
13087407,refusée,2022-08-04,365,6,2,non,Harmonie,"beautiful sky, cloud, cloudy skies",2026-10-02T09:52:38+02:00
10384181,refusée,2021-11-29,365,2,1,non,,"fairy, fairy l ight, fairy light, fir cone, lamp",2026-10-02T09:52:38+02:00
13125778,refusée,2022-08-07,364,5,1,non,Racine Urbaine,"hedge, mountain village, road, tree",2026-10-02T09:52:38+02:00
12496931,refusée,2022-06-14,364,3,1,non,Ciel vacant,"city, gray sky, sky, white sky",2026-10-02T09:52:38+02:00
10524140,refusée,2021-12-12,364,5,1,non,,"bridge, contrast, light beam, light effect, park, tree",2026-10-02T09:52:38+02:00
10515562,refusée,2021-12-11,363,4,1,non,,"green tree, river bank, summer, vienna",2026-10-02T09:52:38+02:00
18935321,refusée,2023-10-30,361,3,2,oui,Bijoux d’éducation,"bracelet, composition, dessin, drawing, earphone, earphones, jewellery, jewelry, money, necklace, notebook, orange, paper, scholastic",2026-10-02T09:52:38+02:00
13102229,refusée,2022-08-05,361,5,1,non,Doux rêves,"beautiful sky, color gradient, colorful, dream, skyline",2026-10-02T09:52:38+02:00
10618206,refusée,2021-12-22,361,3,1,non,,"black and white, bridge, graffiti, river bank, water",2026-10-02T09:52:38+02:00
12441049,refusée,2022-06-09,360,5,1,non,Kawa,"coffee, coffee art, coffee lover, french style, tablesooon",2026-10-02T09:52:38+02:00
11946983,refusée,2022-04-27,360,8,1,non,Un ciel de gare,"beautiful sky, car, outdoors, ray of sunshine, sky, station, wanderlust",2026-10-02T09:52:38+02:00
10606945,refusée,2021-12-21,360,6,1,non,,"flower, lamp, led, light bulb, purple",2026-10-02T09:52:38+02:00
13070707,refusée,2022-08-03,359,5,1,non,Grappe de fleurs,"flowering tree, flowers, garden flowers, green background, pink",2026-10-02T09:52:38+02:00
11039264,refusée,2022-02-01,359,7,1,non,,"buddha, christmas, christmas shopping, christmas tree, portrait, statue",2026-10-02T09:52:38+02:00
10714439,refusée,2022-01-02,359,3,1,non,,"bear, bench, black and white, black and white background, cuddly toy, cushion, french, lounge, soft toys, teddy bear",2026-10-02T09:52:38+02:00
18998193,refusée,2023-11-03,358,2,1,oui,Elegance fantomatique,"beard, black and white, elegance, insurance, man, short hair, stylish, suit, trade, umbrella",2026-10-02T09:52:38+02:00
16101474,refusée,2023-03-27,357,6,2,non,60 ans,"communist, demonstration, elected official, flags, france, motorcade, movilization, outside, protester, red, red flag, social, young, young people",2026-10-02T09:52:38+02:00
13153085,refusée,2022-08-09,357,5,1,non,Brindille d'or,"cereal, sun, wheat",2026-10-02T09:52:38+02:00
10394847,refusée,2021-11-30,357,3,1,non,,"light bulb, purple, purple flower",2026-10-02T09:52:38+02:00
11497010,refusée,2022-03-16,356,6,1,non,Lettre du journal : Lettres Françaises,"man, newspaper, playback",2026-10-02T09:52:38+02:00
12453008,refusée,2022-06-10,355,7,1,non,La caravane passe,"broken, cat, hidden, white and blue",2026-10-02T09:52:38+02:00
11017570,refusée,2022-01-30,355,6,1,non,,"agricultural, agriculture, art, sun, wool",2026-10-02T09:52:38+02:00
12473320,refusée,2022-06-12,354,5,1,non,Bouquet citadin,"church, city, flowers, pink, vegetation",2026-10-02T09:52:38+02:00
10688244,refusée,2021-12-30,354,6,1,non,,"amethyst, flower, plant, planta, purple, stone",2026-10-02T09:52:38+02:00
11041007,refusée,2022-02-01,353,6,1,non,,"candy, figure, sugar, toy, treat",2026-10-02T09:52:38+02:00
12484797,refusée,2022-06-13,352,7,1,non,Ecrin verdoyant,"architecture, cathedral, church, famous landmark, gray sky, green, historical monument, landmark, nature",2026-10-02T09:52:38+02:00
10535792,refusée,2021-12-13,352,6,0,non,,"bird, clock, craft, hour, wall clock, wood",2026-10-02T09:52:38+02:00
13142734,refusée,2022-08-08,351,5,1,non,Ombres végétales,"contrast, forest, mountain, road, shadow, tree",2026-10-02T09:52:38+02:00
13065295,refusée,2022-08-02,351,5,1,non,Six frères fendent le ciel,"anomaly, green tree, leaves, light green background, nature, tourism, trees",2026-10-02T09:52:38+02:00
13041935,refusée,2022-07-31,351,6,1,non,Chapelle de Longemer,"beautiful sky, bright sky, chapel, church, cloud, faith, religious art, religious belief",2026-10-02T09:52:38+02:00
11497005,refusée,2022-03-16,350,5,1,non,Sombres nouvelles : Lettres françaises,"man, newspaper",2026-10-02T09:52:38+02:00
11323389,refusée,2022-02-28,349,5,1,non,Découverte de Thrace,"ciel, ciel nuageux, cloudy sky, journal, lecture, sky",2026-10-02T09:52:38+02:00
10804000,refusée,2022-01-10,348,2,1,non,,"long exposure, nature, river, water",2026-10-02T09:52:38+02:00
39517000,retenue,2026-09-14,346,0,0,non,Historic Plateresque Building in Spain,"architectural, architecture, artistry, blue sky, building, camino de santiago, classic, classic architecture, columns, cultural heritage, culture, daytime, decorative, detailed, espagne, europe, european architecture, facade, heritage, heritage site, historic, historic building, historic site, history, landmamrk, landmark, ornate, outdoors, parador, plateresque, railings, route, sky, spain, spanish architecture, stone, stonework, structure, sunny, tourism, tourist destination, travel, window",2026-10-02T09:52:38+02:00
10347221,refusée,2021-11-25,346,3,1,non,,"book, collection of books",2026-10-02T09:52:38+02:00
13125670,refusée,2022-08-07,345,5,1,non,Avant,"ancient, black and white, forest, mountain, mountain village, nature, village",2026-10-02T09:52:38+02:00
13117680,refusée,2022-08-06,345,5,1,non,Maternité,"animals, calf, cow, fielet, mother, motherhood, nature",2026-10-02T09:52:38+02:00
10767076,refusée,2022-01-06,345,7,1,non,,"architecture, bridge, city, river, water",2026-10-02T09:52:38+02:00
10452966,refusée,2021-12-05,345,3,1,non,,"barrier, dark background, prison",2026-10-02T09:52:38+02:00
13142731,refusée,2022-08-08,344,5,1,non,Brise d'été,"cereal, flashing light, plant, planta, sun, tree, wheat",2026-10-02T09:52:38+02:00
12076680,refusée,2022-05-09,344,8,1,non,Besoin d'une cabine?,"demonstration, english, phone box",2026-10-02T09:52:38+02:00
10535821,refusée,2021-12-13,344,6,1,non,,"basket, black and white, nutshell, walnuts, wicker basket",2026-10-02T09:52:38+02:00
16101468,refusée,2023-03-27,343,5,0,non,Drapeau rouge,"communist, demonstration, elected official, flags, france, motorcade, movilization, outside, protester, red, red flag, social, young, young people",2026-10-02T09:52:38+02:00
12443176,refusée,2022-06-09,343,4,0,non,Toits Pictaves,"beige, dwelling, houses, mansion",2026-10-02T09:52:38+02:00
11876963,refusée,2022-04-20,343,7,1,non,Sur les quais du Covid,"black and white, covid 19 photo, covid19, railway platform, station",2026-10-02T09:52:38+02:00
11497009,refusée,2022-03-16,343,6,1,non,Prise d'information : Lettres Françaises,"man, newspaper",2026-10-02T09:52:38+02:00
10644439,refusée,2021-12-25,343,5,1,non,,"blue, blue background, light blue, mockup, sailing ships, ship, water",2026-10-02T09:52:38+02:00
10556063,refusée,2021-12-15,343,6,1,non,,"beautiful flower, beauty of nature, lens flare, marsh, nature, river bank, summer",2026-10-02T09:52:38+02:00
10543529,refusée,2021-12-14,342,5,1,non,,"bauble, christmas, christmas atmosphere, christmas tree, garlands, guirlandes",2026-10-02T09:52:38+02:00
10365716,refusée,2021-11-27,342,4,2,non,,"flower, spring, spring flower",2026-10-02T09:52:38+02:00
10431296,refusée,2021-12-03,341,3,0,non,,"big ben, chamber, english, harp",2026-10-02T09:52:38+02:00
16093235,refusée,2023-03-26,340,6,1,non,Plum 23,"black and white cat, cat, portrait, portrait photography",2026-10-02T09:52:38+02:00
10745565,refusée,2022-01-04,340,5,0,non,,"blackboard, green background, leaf, still life",2026-10-02T09:52:38+02:00
10669795,refusée,2021-12-28,340,6,1,non,,"bokeh, cat, portrait",2026-10-02T09:52:38+02:00
10486478,refusée,2021-12-08,339,4,1,non,,"car, france, green background, green trees, recycling bin, trash",2026-10-02T09:52:38+02:00
12063477,refusée,2022-05-07,338,5,1,non,Eglise édifiante,"baby blue, church",2026-10-02T09:52:38+02:00
11897642,refusée,2022-04-22,337,7,1,non,Bourse du travail,"old buildings, union",2026-10-02T09:52:38+02:00
10634272,refusée,2021-12-24,337,2,0,non,,"dough, france, gherkins, kitchen, restaurant",2026-10-02T09:52:38+02:00
12581896,refusée,2022-06-23,336,4,1,non,Invasion végétale,"city, dark green plants, green, life, nature, outdoors, plant, planta, vegetation, wide angle",2026-10-02T09:52:38+02:00
12484812,refusée,2022-06-13,336,4,1,non,Canarded,"busking, duck, graffiti, graffiti art, stairs, street",2026-10-02T09:52:38+02:00
11932587,refusée,2022-04-25,336,7,1,non,Mairie renversée,"cityhall, france",2026-10-02T09:52:38+02:00
10473138,refusée,2021-12-07,336,2,1,non,,"alleyway, dark background, night, old street, old town, street",2026-10-02T09:52:38+02:00
12581745,refusée,2022-06-23,335,4,1,non,Défiant le ciel,"grey, historical architecture, lamppost, sky, stone",2026-10-02T09:52:38+02:00
11497008,refusée,2022-03-16,335,5,1,non,Assoupi sous les Lettres Françaises,"man, newspaper",2026-10-02T09:52:38+02:00
12461417,refusée,2022-06-11,334,5,1,non,Une merveille face à la la beauté,"beautiful girl, city, landscape, overgrown, plant, planta, vegetation, wall, white",2026-10-02T09:52:38+02:00
10375506,refusée,2021-11-28,333,2,1,non,,"hdr, tree",2026-10-02T09:52:38+02:00
10652195,refusée,2021-12-26,331,6,1,non,,"river, river bank, root, roots, water",2026-10-02T09:52:38+02:00
10591398,refusée,2021-12-19,331,3,1,non,,"black and white, black and white background, blonde, man, park, yellow hair",2026-10-02T09:52:38+02:00
10556139,refusée,2021-12-15,331,6,1,non,,"adventure, bokeh, fir cone, gaming, product shot, staged, video games",2026-10-02T09:52:38+02:00
19047674,refusée,2023-11-07,330,3,1,oui,Statue de la liberté,"backlit, blue sky, grain, landmark, statue, statue of liberty, stone",2026-10-02T09:52:38+02:00
13034675,refusée,2022-07-30,330,7,2,non,Bleu marin,"baby blue, beautiful sky, blue, blue background, cloud, sky cloud",2026-10-02T09:52:38+02:00
11496894,refusée,2022-03-16,330,7,1,non,Boule à neige,"at home, light effect, santa claus, snowglobe",2026-10-02T09:52:38+02:00
11891040,refusée,2022-04-21,329,7,1,non,Canards,"duck, ducks",2026-10-02T09:52:38+02:00
10683520,refusée,2021-12-30,329,6,1,non,,"bauble, christmas, decoration",2026-10-02T09:52:38+02:00
10597431,refusée,2021-12-20,329,6,1,non,,"beautiful flower, pink, pink background",2026-10-02T09:52:38+02:00
10347211,refusée,2021-11-25,329,3,1,non,,"beautiful landscape, house, roofing",2026-10-02T09:52:38+02:00
11897639,refusée,2022-04-22,328,8,1,non,Colvert,"duck, mallard, park",2026-10-02T09:52:38+02:00
10659494,refusée,2021-12-27,328,3,1,non,,"cloud, effet miroir, forest, lake, lakeside, leaf, mirror effect, nature, water, winter",2026-10-02T09:52:38+02:00
13058158,refusée,2022-08-01,327,5,1,non,Xonrupt Carte postale,"cloudy skies, forest, lake, mountain, mountain ridge, postcard, rower",2026-10-02T09:52:38+02:00
12473274,refusée,2022-06-12,326,4,1,non,"Chat noir, vitrine d'espoir","animal, black, black cat, cat, feline, fur animal, home showcase interior, shop window",2026-10-02T09:52:38+02:00
13009520,refusée,2022-07-28,325,5,1,non,Village Vosgien,"mountain ridge, mountain side, village, white sky",2026-10-02T09:52:38+02:00
12976374,refusée,2022-07-25,325,5,1,non,Basilique de Nancy,"architecture, basilica, christian, church, faith, historical monument, nancy, religion",2026-10-02T09:52:38+02:00
11294895,refusée,2022-02-25,325,6,1,non,Lecteur des Lettres Françaises,"ancient, cloudy skies, newspaper, playback, portrait, squeezed",2026-10-02T09:52:38+02:00
10524139,refusée,2021-12-12,325,5,2,non,,"river bank, tree, vienna",2026-10-02T09:52:38+02:00
13058086,refusée,2022-08-01,322,5,1,non,Voûte céleste,"baby blue, beautiful sky, blue background, cloudy skies, fisheye",2026-10-02T09:52:38+02:00
10581933,refusée,2021-12-18,322,6,1,non,,"big wheel, black and white, christmas market, funfair, winter",2026-10-02T09:52:38+02:00
10504042,refusée,2021-12-10,321,3,1,non,,"green tree, open space, outdoors, park",2026-10-02T09:52:38+02:00
10644428,refusée,2021-12-25,320,5,1,non,,"artifact, artifacts, beautiful sunset, greenery, hdr, stairs, steps, sun",2026-10-02T09:52:38+02:00
13009542,refusée,2022-07-28,318,5,1,non,Crépuscule de nos rêves,"pink clouds, sunset sky, twilight sky",2026-10-02T09:52:38+02:00
12976396,refusée,2022-07-25,318,5,1,non,Chemin de bois,"contrast, dark forest background, forest, forest adventure, forest background, green background, green tree, path, tree",2026-10-02T09:52:38+02:00
11497007,refusée,2022-03-16,318,5,0,non,Où donner de la tête?,"man, newspaper",2026-10-02T09:52:38+02:00
13041926,refusée,2022-07-31,317,4,1,non,Lac éclatant,"cloudy skies, lake, mountain, mountain side, nature, stump",2026-10-02T09:52:38+02:00
13034692,refusée,2022-07-30,317,5,1,non,Baiser de Xonrupt,"beautiful landscape, forest background, lake, tree, water",2026-10-02T09:52:38+02:00
10625741,refusée,2021-12-23,317,6,1,non,,"entrance, french, kitchen, meal, pie chart, restaurant",2026-10-02T09:52:38+02:00
10565065,refusée,2021-12-16,317,3,1,non,,"black roses, dead, flower bouquets, roses, vase, withered",2026-10-02T09:52:38+02:00
11496895,refusée,2022-03-16,316,5,1,non,Fleur de papiers,"flower, paper craft",2026-10-02T09:52:38+02:00
10634288,refusée,2021-12-24,315,3,1,non,,"beauty in nature, green background, green tree, nature, tree",2026-10-02T09:52:38+02:00
11497006,refusée,2022-03-16,313,2,0,non,Lettres Française : découverte,"man, newspaper",2026-10-02T09:52:38+02:00
13020345,refusée,2022-07-29,312,5,1,non,Clocher,"architecture, baby blue, bell tower, church, sun down, sunset",2026-10-02T09:52:38+02:00
10572711,refusée,2021-12-17,308,7,1,non,,"golden, golden sunset, ivy, plants, road",2026-10-02T09:52:38+02:00
12998724,refusée,2022-07-27,306,5,0,non,Façade éblouissante,"backlit, city centre, facade, light effects, ring light, sun glare, sunlight",2026-10-02T09:52:38+02:00
13009455,refusée,2022-07-28,305,5,1,non,Montagne Vosgienne,"cloudy skies, fielet, forest background, mountain ridge, mountain side, nature",2026-10-02T09:52:38+02:00
17734823,refusée,2023-07-26,302,3,1,non,Mont-Dol,"barrier, bretagne, green, lake, nature, relaxation, vegetation, water, water lily, wheat, wood",2026-10-02T09:52:38+02:00
13058109,refusée,2022-08-01,301,4,1,non,Abords de rivière,"boulder, dark water, moss, nature, pebbles, river bank",2026-10-02T09:52:38+02:00
19059623,refusée,2023-11-08,300,1,0,non,,"bike, black and white, city, escalator, escalators, market, vintage",2026-10-02T09:52:38+02:00
17768576,refusée,2023-07-28,299,3,1,non,Romance verte,"beauty of nature, blue, green, green tree, house, life, on the move, water",2026-10-02T09:52:38+02:00
13065309,refusée,2022-08-02,298,4,1,non,Usine de mère nature,"cloudy skies, column, forest, mountain, nature, old factory",2026-10-02T09:52:38+02:00
17768573,refusée,2023-07-28,273,3,1,non,Pont pictave,"architecture, bridge, lightleak, sun, water",2026-10-02T09:52:38+02:00
19059636,refusée,2023-11-08,259,2,1,non,Essence,"backgroud, background, black and white, fuel, gas, vintage",2026-10-02T09:52:38+02:00
20315377,refusée,2024-02-19,246,1,2,non,café lointain,"bokeh, chocolate, coffee, syrup, table, three, warm, white, white chocolate",2026-10-02T09:52:38+02:00
21906959,refusée,2024-04-19,242,1,1,non,Un ciel bleuté,"architecture, blue, church, clouds, contrast, cross, sky, soothing, stone, whitestone",2026-10-02T09:52:38+02:00
22674081,refusée,2024-04-26,235,1,2,non,Le dormeur,"abstract, bristles, cat, pet, portrait, sleep, sleeps, sommeil",2026-10-02T09:52:38+02:00
38995522,refusée,2026-08-12,233,1,0,non,,"chromosphere, eclipse, espaÃ a, galiza, science",2026-10-02T09:52:38+02:00
19059634,refusée,2023-11-08,233,1,0,non,Soleil perçant,"contrast, house, rooftop, shadows, sun",2026-10-02T09:52:38+02:00
19047675,refusée,2023-11-07,230,1,1,non,Déchets,"cars, plastic, trash, waste, waste management",2026-10-02T09:52:38+02:00
19059625,refusée,2023-11-08,228,1,1,non,Fracture,"backgroud, background, glass, impact, minimalist, minimalist background, texture",2026-10-02T09:52:38+02:00
19059640,refusée,2023-11-08,225,1,1,non,,"flowers, geometry, green, handsome, nature, red, tree in blossom, white",2026-10-02T09:52:38+02:00
19047680,refusée,2023-11-07,225,1,1,non,,"architecture, motion, people, persons, women",2026-10-02T09:52:38+02:00
19059606,refusée,2023-11-08,223,1,0,non,Station,"black and white, fuel, gas, vintage",2026-10-02T09:52:38+02:00
18994935,refusée,2023-11-03,221,1,1,non,En déplacement,"beard, cap, escalator, mall, man, staircases",2026-10-02T09:52:38+02:00
19654398,refusée,2023-12-28,219,2,1,non,Chiot,"baby dog, dog, doudou, fabrics, green, hook, internet, knitwear, pup, stuffed animal",2026-10-02T09:52:38+02:00
19047682,refusée,2023-11-07,219,1,1,non,Soleil sans éclairage,"abstract, clouds, lamp, lamppost, shadow, sun",2026-10-02T09:52:38+02:00
19059635,refusée,2023-11-08,215,1,1,non,Balcon Pictave,"balcony, city, red bricks, shutters, urban, vintage",2026-10-02T09:52:38+02:00
19059639,refusée,2023-11-08,214,2,1,non,,"fir cone, minimalist, tree",2026-10-02T09:52:38+02:00
19047671,refusée,2023-11-07,214,1,1,non,Portraits sans visages,"colorful, elegance, mall, men, sepia tone, trade, umbrella, vintage",2026-10-02T09:52:38+02:00
23409059,refusée,2024-05-04,213,1,2,non,Portrait félin,"angora, cat, house, noise, pet, portrait, profile, vintage",2026-10-02T09:52:38+02:00
19059637,refusée,2023-11-08,212,1,1,non,Briques,"brick, brick building, pink, stone, texture, white",2026-10-02T09:52:38+02:00
19047677,refusée,2023-11-07,212,1,1,non,Verdoyant,"backgroud, background, green, leaves, light, lightleak, nature",2026-10-02T09:52:38+02:00
19059638,refusée,2023-11-08,211,1,1,non,Mur de couleurs,"color gradient, colors, house, nature",2026-10-02T09:52:38+02:00
18458017,refusée,2023-09-21,211,2,1,non,Etudiant sur sa route,"after rain, arc en ciel, buses, pupil, rain water, rainbow, rainbow background, schoolbus, trees",2026-10-02T09:52:38+02:00
29170694,refusée,2024-10-30,210,0,0,non,Empilement,"art, backgound, backgroud, background, boulder, contrast, earth, encounter, exploration, finding, green, grey, heat, lightleak, moss, nature, net, relaxation, steps, stone, tree, voyage, weather, yellow",2026-10-02T09:52:38+02:00
21992037,refusée,2024-04-21,210,1,2,non,La vie à la ferme,"black, blue, blue sky, cat, contrast, farm, farmer, grandpa, green, nature, portrait",2026-10-02T09:52:38+02:00
18964815,refusée,2023-11-01,209,1,1,non,,"architecture, cityhall, cloudy skies, cream colour, flags, landmark, mother of pearl, windows",2026-10-02T09:52:38+02:00
22125756,refusée,2024-04-22,208,0,1,non,Flèche d'acier,"blue, blue sky, clouds, glass, intense, modern, shadows, steel",2026-10-02T09:52:38+02:00
19654381,refusée,2023-12-28,208,1,2,non,Face of red,"cat, chair, geometry, lines, portrait, portraiture, red light, transparency",2026-10-02T09:52:38+02:00
20315376,refusée,2024-02-19,207,2,1,non,L’heure d’hier,"ancient, gold, horology, jewel, orange, pattern, sober, watch chain, weather, weather gear, wristwatch",2026-10-02T09:52:38+02:00
39564918,refusée,2026-09-17,205,0,0,non,,"lugo, panorama, ribadeo",2026-10-02T09:52:38+02:00
29136750,refusée,2024-10-28,205,1,1,non,Violette,"beautiful wallpaper, bokeh, bud, flower, flowers, handsome, harmonious design, nature, plant, planta, portrait, purple, symmetry, vegetable, vegetale, vegitable",2026-10-02T09:52:38+02:00
18890993,refusée,2023-10-26,205,1,1,non,"Nature, encore et toujours","branches, desaturated, forest adventure, green, nature, overgrown, river, river bank, trees, vegetation, water",2026-10-02T09:52:38+02:00
18890794,refusée,2023-10-26,203,1,1,non,Cathédrale de Poitiers,"architecture, cathedral, church, clear blue sky, contrast, garden, landmark, portal, stone, vegetation",2026-10-02T09:52:38+02:00
18890995,refusée,2023-10-26,202,1,2,non,Jaune,"animal, aquatic, fish, water, yellow",2026-10-02T09:52:38+02:00
21992039,refusée,2024-04-21,201,0,0,non,Il marche,"city, cross, man, phone, work",2026-10-02T09:52:38+02:00
21992034,refusée,2024-04-21,201,0,2,non,Rencontre du marais,"agriculture, black and white cat, cat, farm, looking around, nature, wildlife",2026-10-02T09:52:38+02:00
19983129,refusée,2024-01-24,201,1,1,non,Pizza,"cheese, fork, fresh cream, hdr, larten, make pizza, pizza, pizza oven, red, scissors, table, tablesooon, white, wood",2026-10-02T09:52:38+02:00
19509156,refusée,2023-12-15,201,1,1,non,Structure,"architecture, black and white, chair, chill atmosphere, lines and curves, steel",2026-10-02T09:52:38+02:00
35145725,refusée,2025-12-10,200,0,0,non,,"backgroud, plants, restful setting, vegitable",2026-10-02T09:52:38+02:00
39670628,refusée,2026-09-22,198,0,0,non,,"facade, gijon, heritage, landmamrk, monochrome",2026-10-02T09:52:38+02:00
22591348,refusée,2024-04-24,198,0,1,non,Nuages duveteux,"azura, black, blue, city, cloud, fluffy, grey, habitations, houses, roofing",2026-10-02T09:52:38+02:00
21952373,refusée,2024-04-20,197,0,1,non,Cuisine française,"desaturated, food corner, kitchen, light, relaxation",2026-10-02T09:52:38+02:00
19509151,refusée,2023-12-15,197,1,0,non,Eclat,"abstract, artifact, flashing light, green",2026-10-02T09:52:38+02:00
18986604,refusée,2023-11-02,197,1,0,non,Pluie pistage,"dazzling sun, engin de chantier, house, rain, sun, water, work",2026-10-02T09:52:38+02:00
18780101,refusée,2023-10-17,197,1,1,non,"Limoges, Limoges","architecture, bright light, clouds, hdr, morning sky, park, stone building",2026-10-02T09:52:38+02:00
31514850,refusée,2025-04-06,196,0,0,non,Blanche nature,"bokeh, branch, budding, effect, flowers, life, nature, relaxation, spring vibe, stylized, white",2026-10-02T09:52:38+02:00
18890798,refusée,2023-10-26,195,1,1,non,Cathédrale au matin,"architecture, blue, cathedral, church, clear blue sky, contrast, massive, stone, white",2026-10-02T09:52:38+02:00
35375606,refusée,2025-12-26,194,0,0,non,,"brutalist, malaise, solitude",2026-10-02T09:52:38+02:00
31514841,refusée,2025-04-06,194,0,0,non,Pomme de pin,"branch, brown color, fir cone, green, nature, plant macro, relaxation, wallpaper, zoom",2026-10-02T09:52:38+02:00
29169890,refusée,2024-10-30,194,0,0,non,Eglise,"ancient, architecture, balcony, bar, batiment, building, chilly, church, east, faith, light, religion, restaurant, stone, summer, summery, tourism, vintage",2026-10-02T09:52:38+02:00
29136752,refusée,2024-10-28,193,1,0,non,Le marais,"adventure, barque, beautiful wallpaper, boat, handsome, harmonious design, marsh, nature, plant, planta, portrait, symmetry, tourism, tree, vegetable, vegetale, vegitable",2026-10-02T09:52:38+02:00
27681005,refusée,2024-08-10,192,0,0,non,L’atlantique,"aquatic, backgroud, background, beach, beautiful sunset, blue, colorful sky, evening, hue, nature, nuances, ocean, orange, romantic, simple, skyline, sober, sun, water, waves, yellow",2026-10-02T09:52:38+02:00
22591345,refusée,2024-04-24,191,0,1,non,Vie des champs,"blue, blue sky, contrast, countryside, farmer, farmer women, green, greenery, stick, tree, vegetation, walkign stick, woman",2026-10-02T09:52:38+02:00
18890992,refusée,2023-10-26,191,1,1,non,Saint,"church, desaturated, stone, white",2026-10-02T09:52:38+02:00
32544433,refusée,2025-06-13,190,0,1,non,Juin,"chairs, coffee, layering, montage, playback, relaxation, summer, terrace, user friendly, woman",2026-10-02T09:52:38+02:00
22667988,refusée,2024-04-25,190,0,1,non,Ciel vert,"green, leaf, tree",2026-10-02T09:52:38+02:00
18890994,refusée,2023-10-26,189,1,1,non,Brut,"crude, painting, trash, yellow",2026-10-02T09:52:38+02:00
23414378,refusée,2024-05-04,188,2,1,non,Prestance 3,"flower, light, plant, planta, purple, white",2026-10-02T09:52:38+02:00
22591346,refusée,2024-04-24,188,0,0,non,Salamandre,"buche, engraving, fire, salamander, wood",2026-10-02T09:52:38+02:00
29654800,refusée,2024-12-05,187,0,0,non,Entrée,"aperitif, cocktail bar, cocktail drink, entrance, kitchen, oyster, salt, straw, table",2026-10-02T09:52:38+02:00
18890991,refusée,2023-10-26,187,1,1,non,Barreaux,"abstract, autumn, autumn colours, autumnal, backgroud, background, leaves, nature",2026-10-02T09:52:38+02:00
24200555,refusée,2024-05-14,186,0,0,non,Ciel étoilé,"astronomy, cloud, house, icons, night, night photography, sky, space, stars, tree, village",2026-10-02T09:52:38+02:00
23932629,refusée,2024-05-11,186,1,1,non,Morning chill,"bokeh, breakfast, breakfest, brown, cat, coffee, coffee mug, french, mug, portrait, relaxation",2026-10-02T09:52:38+02:00
23409060,refusée,2024-05-04,186,0,1,non,Escalier verdoyant,"clay court, flowers, garden, nature, plants, stairs, steps, stone, tree, wood",2026-10-02T09:52:38+02:00
18890846,refusée,2023-10-26,186,1,1,non,Présage d'automne,"autumn, autumnal, landscape, nature, plants, river, river bank, vegetation, water",2026-10-02T09:52:38+02:00
23102800,refusée,2024-05-01,185,0,1,non,Premier mai - 1er mai,"communist, first of may, party, thrush, union, worker, wrestling",2026-10-02T09:52:38+02:00
18890989,refusée,2023-10-26,185,1,1,non,Pont,"branches, desaturated, forest adventure, green, nature, overgrown, river, river bank, trees, vegetation, water",2026-10-02T09:52:38+02:00
35140747,refusée,2025-12-10,184,0,0,non,,"agriculture, backgroud, reason, terroir, tradition, valorization",2026-10-02T09:52:38+02:00
31641251,refusée,2025-04-15,184,0,0,non,Ghosts,"bus stop, buses, dalle, helmet, immersion, infrared, motion, Passers-By, phantom, phone, smartphone, tree, urban, woman",2026-10-02T09:52:38+02:00
26598926,refusée,2024-06-20,184,0,0,non,,"air, atmosphere, blue, blue sky, christian, church, clouds, cloudscape, cloudy skies, cross, cult, cumulus, downy, dreamy, fluffy, oxygen, paradise, pattern, picturesque, season, sky, skyline, skyscape, texture, top, white",2026-10-02T09:52:38+02:00
23409061,refusée,2024-05-04,184,0,1,non,Verdure,"barque, boat, clear water, contrast, green, nature, river bank, stones, trees, vegetation, water, water lily",2026-10-02T09:52:38+02:00
35168744,refusée,2025-12-12,183,0,1,non,,"feline, intense, portrait",2026-10-02T09:52:38+02:00
35136160,refusée,2025-12-09,183,0,0,non,,"backgroud, flower field, flowers, serie, white flowers, zoom",2026-10-02T09:52:38+02:00
22667987,refusée,2024-04-25,183,1,1,non,Printemps des coeurs,"bench, city, couple, light, love, man, outdoors, sky, woman",2026-10-02T09:52:38+02:00
18890872,refusée,2023-10-26,183,1,1,non,Marches sur l'automne,"autumn, autumn colours, beige, fall leaves, leaves, nature, noise, river bank, stairs, vegetation, water",2026-10-02T09:52:38+02:00
29654799,refusée,2024-12-05,182,0,0,non,Spaghettis,"asia, chinese chopsticks, chopsticks, food, kitchen, pasta bowl, spaghetti",2026-10-02T09:52:38+02:00
29170695,refusée,2024-10-30,182,0,0,non,Tableau de pierres,"backgound, backgroud, background, boulder, earth, encounter, exploration, green, moss, multipled, natural composition, nature, relaxation, steps, stone, stones, tree, voyage",2026-10-02T09:52:38+02:00
29136978,refusée,2024-10-28,181,0,0,non,Hélicoptère,"action, aid, caregiver, emergency, flight, helicopter, intervention, motion, propeller, yellow, zoom",2026-10-02T09:52:38+02:00
21992006,refusée,2024-04-21,181,0,1,non,Printemps me voici,"bloom, bokeh, flower, green, nature, plant, planta, portrait, vegetation, yellow",2026-10-02T09:52:38+02:00
36117556,refusée,2026-02-12,179,0,0,non,,"coffee, latte art, v60",2026-10-02T09:52:38+02:00
29170697,refusée,2024-10-30,179,2,0,non,Parterre de fleurs,"beautiful, color, colorful, colors, commitment, detailed, Detailed Close-up, emotion, festival of colors, festivalofcolors, flower, freedom, green, leaf, life, modern, natural composition, nature, organic, organnic, pattern, purple, red, repeating pattern, vitality, white",2026-10-02T09:52:38+02:00
21906951,refusée,2024-04-19,179,0,1,non,Tour de pierre,"architecture, black and white, clouds, stone, whitestone",2026-10-02T09:52:38+02:00
36652486,refusée,2026-03-20,178,0,0,non,,"forest river, life, motion, water",2026-10-02T09:52:38+02:00
33035888,refusée,2025-07-16,178,0,0,non,Mam,"asian restaurant, cafe terrace, détente, éclairage, lanterne, lecture, luminaires, paris",2026-10-02T09:52:38+02:00
27046192,refusée,2024-07-08,178,0,0,non,Tableau urbain,"anger, blackboard, city, france, leica, politics, portrait, protest sign, transformer, urban",2026-10-02T09:52:38+02:00
22667989,refusée,2024-04-25,178,0,0,non,Poitiers,"city, landscape, urban planning, urbanismo",2026-10-02T09:52:38+02:00
22591347,refusée,2024-04-24,178,0,0,non,Impri-lente,"broken white, carcass, chip, circuits, cream, electricity, green, machine, opened, paper, printer, white",2026-10-02T09:52:38+02:00
22125754,refusée,2024-04-22,178,0,1,non,Opalisque,"abstract, cairn, geometry, light, lightleak, modern, opalite, stone",2026-10-02T09:52:38+02:00
29170689,refusée,2024-10-30,177,0,0,non,Voyage,"earth, encounter, exploration, green, leaves, lightleak, nature, relaxation, roots, steps, stone, tree, voyage",2026-10-02T09:52:38+02:00
27046197,refusée,2024-07-08,177,0,0,non,Terrasse noire,"bar, black and white, chair, chalk, empty, france, french, kitchen, leica, map, menu, plant, planta, preparation, preparations, stone, straw, summery, table, terrace, trees",2026-10-02T09:52:38+02:00
18890960,refusée,2023-10-26,177,1,1,non,Compostez,"anarchy, compost, wood",2026-10-02T09:52:38+02:00
35363737,refusée,2025-12-25,176,0,0,non,,"authentic, christmas present, christmas tree, family",2026-10-02T09:52:38+02:00
29630257,refusée,2024-12-04,176,1,0,non,Nuit de décembre,"celebratory art, chilly, christmas, coldair, december, garlands, guirlandes, magic, night, trees",2026-10-02T09:52:38+02:00
25177036,refusée,2024-05-28,176,1,0,non,Entre printemps et été,"bloom, branches, bright, coloring, dynamic, flower, garden, group, growth, horizontal shot, leaf, petals, plants, season, spring, spring flowers, summer, three, white petals, women",2026-10-02T09:52:38+02:00
29170692,refusée,2024-10-30,175,0,0,non,Mousse,"backgound, backgroud, background, boulder, earth, encounter, exploration, green, lightleak, moss, nature, relaxation, steps, stone, tree, voyage",2026-10-02T09:52:38+02:00
22125755,refusée,2024-04-22,175,0,0,non,Cherche le jour,"artifacts, backlit, city, flowers, fluffy, green, light, light beam, moss, nature, pink, tree, vegetation",2026-10-02T09:52:38+02:00
35765784,refusée,2026-01-21,174,0,0,non,,"bowl, ceramics, france, gastronomie",2026-10-02T09:52:38+02:00
23414384,refusée,2024-05-04,174,0,0,non,Marais niortais,"canal, contrast, grass, green water, life, marsh, nature, plants, soothing, tree, water, yellow flower",2026-10-02T09:52:38+02:00
35363738,refusée,2025-12-25,173,0,0,non,,"authentic, christmas present, christmas tree, family",2026-10-02T09:52:38+02:00
29136751,refusée,2024-10-28,173,0,0,non,Invitation,"adventure, backgroud, background, finding, forest, nature, overview, tree, vegetable, vegitable, wood",2026-10-02T09:52:38+02:00
27141503,refusée,2024-07-14,173,0,1,non,Lunaire,"astronomy, backgroud, background, blue, degraded, element, evening, luminary, moon, nature, night, nocturne, simple, sky, white",2026-10-02T09:52:38+02:00
29188524,refusée,2024-10-31,172,0,0,non,Fromages,"board, buffalo mozzarella, cheese, chesse, cutting board, entrance, knife, meal, mozarella, mozzarella, mozzarella balls, shire, steel, wood",2026-10-02T09:52:38+02:00
29170673,refusée,2024-10-30,172,0,0,non,Fond de couleurs,"beautiful, color, colorful, colors, detailed, Detailed Close-up, emotion, festival of colors, festivalofcolors, flower, green, life, modern, natural composition, nature, organic, organnic, pattern, red, repeating pattern, vitality, white",2026-10-02T09:52:38+02:00
29136905,refusée,2024-10-28,172,0,0,non,Airais,"backgroud, background, frame, green, invitation, lightleak, marsh, nature, overview, soothing, water",2026-10-02T09:52:38+02:00
27046198,refusée,2024-07-08,172,0,0,non,Notre Dame,"black and white, buses, city bus, heat, leaves, leica, metropolitan, pedestrian, plants, road, street, summer, summery, traffic, tree, urban, woman",2026-10-02T09:52:38+02:00
21952372,refusée,2024-04-20,172,0,1,non,La vie est belle à Niort,"bright colors, coffee mug, gift, mug, store, trade, zoom",2026-10-02T09:52:38+02:00
32429294,refusée,2025-06-05,171,0,0,non,Lecture paisible,"bar, bezel, book, bun, chairs, coffee, française, france, french, french style, lifestyle, motivation, playback, relaxation, sugar bowl, terrace, woman",2026-10-02T09:52:38+02:00
31514848,refusée,2025-04-06,171,0,0,non,Eglise Matinal,"architecture, branch, church, stone",2026-10-02T09:52:38+02:00
29654801,refusée,2024-12-05,171,0,0,non,,,2026-10-02T09:52:38+02:00
29360492,refusée,2024-11-11,171,0,0,non,Bonbon Vosgien,"backgroud, background, candy, cheek, colors, confectionery, confectionery art, detailed shot, festive, multi colour background, resin, sugar",2026-10-02T09:52:38+02:00
29188525,refusée,2024-10-31,171,0,0,non,tarte aux pommes,"apple, dessert, kitchen, pomme, sugar, tart",2026-10-02T09:52:38+02:00
27141523,refusée,2024-07-14,171,1,1,non,,"backgroud, background, bokeh, espoir, flower, free, freedom, fujifilm, handsome, life, macro, macro photo, nature, petal, pistil, summer, summery, white, yellow",2026-10-02T09:52:38+02:00
23947485,refusée,2024-05-12,171,0,0,non,Lumière brisé,"abstract, art, backgroud, background, blur, bright, color, creativity, curve, design, dynamic, effect, energy, fantasy, graphic, light, lightleak, motion, pattern, texture",2026-10-02T09:52:38+02:00
36117555,refusée,2026-02-12,170,0,0,non,,"effect, fabrics, lightleak, motion, neon",2026-10-02T09:52:38+02:00
35760712,refusée,2026-01-21,170,3,0,non,,,2026-10-02T09:52:38+02:00
35403785,refusée,2025-12-27,170,0,0,non,dominos,"beautiful presentation, calculation sheet, dominoes, jeux, parlor games, playfully",2026-10-02T09:52:38+02:00
35375614,refusée,2025-12-26,170,0,0,non,,"bauble, christmas party, decoration, fir",2026-10-02T09:52:38+02:00
32429295,refusée,2025-06-05,170,0,0,non,Victoire,"bar, briefcase, football, france, french, jewellery, jewelry, metaphor, paris, symbol, terrace",2026-10-02T09:52:38+02:00
31514837,refusée,2025-04-06,170,1,0,non,Marché de Niort,"forecourt, glass, halles, lamppost, market, steel, stone, tree",2026-10-02T09:52:38+02:00
29435831,refusée,2024-11-16,170,0,0,non,chat,"adorable, alarm clock, cat, city, cool, cute animal, domestic animal, feline, portrait, rebel, urban",2026-10-02T09:52:38+02:00
29136742,refusée,2024-10-28,170,1,1,non,Rouge,"beautiful wallpaper, bokeh, bud, flower, flowers, handsome, harmonious design, nature, plant, planta, portrait, red, symmetry, vegetable, vegetale, vegitable",2026-10-02T09:52:38+02:00
27141262,refusée,2024-07-14,170,3,1,non,Viollettes,"4k background, beautiful, bokeh, botanic, bud, emotion, flower, freedom, green, heat, macro, macro photo, nature, petal, petals, plant, planta, poetry, purple, season, summer",2026-10-02T09:52:38+02:00
27046110,refusée,2024-07-08,170,0,0,non,Trèfle,"ancient, backgroud, background, clover, door, dug, entrance, leica, painting, separation, travail du bois, wall, weather, wood",2026-10-02T09:52:38+02:00
23414380,refusée,2024-05-04,170,1,1,non,Prestance,"blanche, bokeh, distortion, flower, life, nature, plant, planta, repetition, verdant, zoom",2026-10-02T09:52:38+02:00
36652487,refusée,2026-03-20,169,0,0,non,,"escapade, man, marsh, nature",2026-10-02T09:52:38+02:00
27141270,refusée,2024-07-14,169,0,0,non,Tomate cerise,"beautiful, bokeh, botanic, cherry, emotion, flower, fruit, green, macro, macro photo, nature, petal, plant, planta, poetry, tomato, vegetable",2026-10-02T09:52:38+02:00
26598925,refusée,2024-06-20,169,0,0,non,Berge,"architecture, bank, black and white, grass, house, nature, outdoors, season, stone, vegetation, water, weeping willow",2026-10-02T09:52:38+02:00
31514847,refusée,2025-04-06,168,0,0,non,Amour,"bench, couple, encounter, eyewear, nature, river, tree, water",2026-10-02T09:52:38+02:00
29136749,refusée,2024-10-28,168,0,0,non,Tapis,"backgroud, background, carpet, dried, overview, pattern, plant, planta, repeating pattern, repetitive pattern, yellow",2026-10-02T09:52:38+02:00
27046179,refusée,2024-07-08,168,1,1,non,Explosion de pétales,"beautiful, bokeh, botanic, bouquet, emotion, flower, garden, green, leica, macro, macro photo, nature, petal, pink, plant, planta, poetry, summer, white",2026-10-02T09:52:38+02:00
32429293,refusée,2025-06-05,167,0,0,non,Chaise de terrasse française,"backgroud, background, bar, chair, coffee, damier, french, minimalist, pattern, relaxation, terrace, wicker",2026-10-02T09:52:38+02:00
29170688,refusée,2024-10-30,167,0,0,non,Hotel particulier,"batiment, building, faith, lightleak, mystical, natural, naturecolors, positive, tourist, white",2026-10-02T09:52:38+02:00
29170674,refusée,2024-10-30,167,0,0,non,Boisé,"backgound, backgroud, background, desaturated, tree, wood",2026-10-02T09:52:38+02:00
25182670,refusée,2024-05-28,167,1,0,non,Train du Poitou,"champs, countryside, landscape, nature, outdoors, picturesque, power pole, railroads, rural, skyline, train, transport system, trees, vintage, wind generator, wind power",2026-10-02T09:52:38+02:00
27588523,refusée,2024-08-05,166,0,0,non,Time is time,"19th century, ancient, beautiful, clockwork, cogwheel, gears, gold, horology, ruby, timepiece, weather, wreath, wristwatch, yellow, zoom",2026-10-02T09:52:38+02:00
31640851,refusée,2025-04-15,165,0,0,non,Pinky World,"architecture, batiment, building, cars, infrared, life, moody sky, pink, road",2026-10-02T09:52:38+02:00
29926168,refusée,2024-12-25,165,0,0,non,Chat de Noël,"cat, christmas, communication, composition, decoration, fir, gift, joy, light, party, pop, ribbon bow",2026-10-02T09:52:38+02:00
29169891,refusée,2024-10-30,165,0,0,non,Obernai,"ancient, architecture, balcony, bar, chilly, dwelling, east, restaurant, stone, vintage, wood",2026-10-02T09:52:38+02:00
29136748,refusée,2024-10-28,165,0,0,non,Cheval,"animal, brouter, farm, handsome, horse, nature",2026-10-02T09:52:38+02:00
32429297,refusée,2025-06-05,164,0,0,non,Portrait souvenir 2,"nostalgia, portrait, smiling, souvenir, vintage",2026-10-02T09:52:38+02:00
31514846,refusée,2025-04-06,164,0,0,non,Port Boinot,"architecture, art, capital, lettering, water tower",2026-10-02T09:52:38+02:00
27116691,refusée,2024-07-12,164,1,0,non,Maison bleu,"blue, bokeh, bush, decoration, house, poetic, suspension cables, thread, tree, web, white, window",2026-10-02T09:52:38+02:00
29170696,refusée,2024-10-30,163,0,0,non,Composition naturelle,"backgound, backgroud, background, boulder, earth, encounter, exploration, green, isolation, moss, multipled, natural composition, nature, refocus, relaxation, steps, stone, stones, tree, voyage",2026-10-02T09:52:38+02:00
29170691,refusée,2024-10-30,163,0,0,non,Rocher,"backgound, backgroud, background, boulder, branch, brown, earth, encounter, exploration, green, lightleak, moss, nature, relaxation, steps, stone, tree, voyage",2026-10-02T09:52:38+02:00
29136747,refusée,2024-10-28,163,0,0,non,Cheval,"animal, black and white art, brouter, farm, handsome, horse, nature, vintage",2026-10-02T09:52:38+02:00
23414377,refusée,2024-05-04,163,0,0,non,Prestance 2,"blanche, bokeh, flower, pollen, portrait, yellow",2026-10-02T09:52:38+02:00
35145727,refusée,2025-12-10,162,0,0,non,,"backgroud, green, trees, yellow, yellow accent",2026-10-02T09:52:38+02:00
33036184,refusée,2025-07-16,162,1,0,non,Violette 2,"blanc, chaleur, été, fleurs, paix, poesie, violet",2026-10-02T09:52:38+02:00
31514849,refusée,2025-04-06,162,0,0,non,Paysage brisé,"architecture, bokeh, branch, breaking, budding, church, effect, flowers, shattered, spring vibe, stone, stylized, weather gear",2026-10-02T09:52:38+02:00
31514844,refusée,2025-04-06,162,0,0,non,Tapis violet,"bokeh, branch, budding, effect, flowers, life, nature, pink, purple, relaxation, spring vibe, stylized",2026-10-02T09:52:38+02:00
29169888,refusée,2024-10-30,162,0,0,non,Vue du train,"ancient, architecture, balcony, bar, batiment, building, chilly, church, east, faith, frame, light, religion, restaurant, stone, summer, summery, tourism, train, vintage",2026-10-02T09:52:38+02:00
27531658,refusée,2024-08-01,162,1,0,non,voile d’étoile,"artifact, astrology, astronomy, celestial, constellation, cosmos, dust, freedom, long exposure, milky way, night, sky, space, starry, starry sky, telescope, veil",2026-10-02T09:52:38+02:00
27141271,refusée,2024-07-14,162,0,0,non,Texture métal,"bokeh, metal, rebel, shadow, texture",2026-10-02T09:52:38+02:00
27046196,refusée,2024-07-08,162,1,1,non,Un bouquet d'une fleur,"beautiful, bokeh, botanic, bouquet, emotion, flower, garden, green, leica, macro, macro photo, nature, petal, plant, planta, poetry, summer, white",2026-10-02T09:52:38+02:00
27025918,refusée,2024-07-07,162,0,0,non,Legislative,"eft, flag, france, militant, wrestling",2026-10-02T09:52:38+02:00
26082574,refusée,2024-06-11,162,0,0,non,Mamie tech,"apple, countryside, degital photo, digital, garden chair, grandma, granny, iphone, newspaper, palette, portrait, rural, window, wood",2026-10-02T09:52:38+02:00
36652526,refusée,2026-03-20,161,0,0,non,,"boardwalk, exploration, path",2026-10-02T09:52:38+02:00
31514839,refusée,2025-04-06,161,0,0,non,La rencontre,"animal, animals, market, pigeon, several",2026-10-02T09:52:38+02:00
29169887,refusée,2024-10-30,161,0,0,non,Vignes,"blue sky, grass, nature, picket, soothing, tradition, vine, wine, wood",2026-10-02T09:52:38+02:00
29136737,refusée,2024-10-28,161,0,1,non,Lune,"astrography, astronomical, astronomical art, astronomy, astrophysics, black, grain, luminary, lunar astronomy, night, vintage",2026-10-02T09:52:38+02:00
27141522,refusée,2024-07-14,161,0,0,non,,"backgroud, background, branch, branches, degraded, fujifilm, green, handsome, life, nature, shades, summer, summery, trees, uni",2026-10-02T09:52:38+02:00
27046193,refusée,2024-07-08,161,0,0,non,Abeille au travail,"animal, beautiful, bee, bokeh, botanic, emotion, flower, garden, green, heat, insect, leica, macro, macro photo, nature, petal, plant, planta, poetry, portrait, summer, white, work",2026-10-02T09:52:38+02:00
25255092,refusée,2024-05-29,161,0,0,non,Coffe Time,"aperitif, art de la table, coffee, coffee art, cup, cup and saucer, france, french, gilding, glass, gold, hote, hotel, ice cube, porcelain, soothing, sugar, sugar bowl, user friendly, wine bottle, yellow",2026-10-02T09:52:38+02:00
36170133,refusée,2026-02-15,160,1,0,non,,"backgroud, desidesserts, flower, inspiration, love, red rose, tenderness",2026-10-02T09:52:38+02:00
29835361,refusée,2024-12-18,160,0,0,non,Crèche,"candles, christian, christmas, decoration, jesus, minimalist, nativity scene, party, shooting star",2026-10-02T09:52:38+02:00
29169889,refusée,2024-10-30,160,0,0,non,Cloché,"bell, blue, clock, hour, intense, lamppost, modern, sky, stone, tree, warm",2026-10-02T09:52:38+02:00
27141266,refusée,2024-07-14,160,1,1,non,Arrêt du ciel,"android wallpaperwall, backgroud, background, blue, bright, cloud, clouds, cloudscape, cloudy, contrast, downy, lamppost, leger, lighting, lightleak, outdoors, paradise, season, sky, sky background, skyscape, stratosphere, summer, top, transportation, turquoise, weather gear, white",2026-10-02T09:52:38+02:00
27116685,refusée,2024-07-12,160,0,0,non,Libre,"backgroud, background, bokeh, espoir, flower, free, freedom, life, nature, summer, summery, yellow",2026-10-02T09:52:38+02:00
27025916,refusée,2024-07-07,160,0,0,non,Cordeliers,"bridge, colors, decoration, leica, steps, summer vibes, trade",2026-10-02T09:52:38+02:00
29136743,refusée,2024-10-28,159,1,1,non,Rose,"beautiful wallpaper, bokeh, bud, flower, flowers, handsome, harmonious design, nature, pink, plant, planta, portrait, symmetry, vegetable, vegetale, vegitable, white",2026-10-02T09:52:38+02:00
27588524,refusée,2024-08-05,159,0,0,non,Time is time 2,"19th century, ancient, beautiful, clockwork, cogwheel, gears, gold, horology, ruby, timepiece, weather, wreath, wristwatch, yellow, zoom",2026-10-02T09:52:38+02:00
27141259,refusée,2024-07-14,159,0,0,non,Du blanc au rose,"4k background, beautiful, bokeh, botanic, bud, emotion, flower, freedom, green, heat, macro, macro photo, nature, petal, petals, pink, plant, planta, poetry, purple, season, summer, white, yellow",2026-10-02T09:52:38+02:00
27116693,refusée,2024-07-12,159,1,1,non,Ciel estival,"android wallpaperwall, backgroud, background, blue, bright, cloud, clouds in the sky, cloudscape, cloudy, contrast, downy, leger, nature background, outdoors, paradise, season, sky, sky background, skyscape, stratosphere, summer, texture, top, turquois, turquoise, weather gear, white",2026-10-02T09:52:38+02:00
27116683,refusée,2024-07-12,159,0,0,non,Lapinus,"chamber, degraded, disturbing, modern, orange, rabbit, strange, surprising",2026-10-02T09:52:38+02:00
32419413,refusée,2025-06-04,158,0,0,non,Eau,"abstract, backgroud, background, black, blue, blurred, contrast, degraded, lens flare, lightleak, texture, water, wave action",2026-10-02T09:52:38+02:00
29136741,refusée,2024-10-28,158,0,0,non,Ruche,"architecture, batiment, building, concrete, glass windows, honeycomb, modern, repeating pattern",2026-10-02T09:52:38+02:00
31641577,refusée,2025-04-15,157,0,0,non,Groove Boy,"bezel, class, cool, curly, curly hair, heat, infrared, jacket, mustache, party, pink, sun, vibes",2026-10-02T09:52:38+02:00
29169886,refusée,2024-10-30,157,0,0,non,,"blue sky, grass, nature, picket, soothing, tradition, vine, wheat, wine, wood",2026-10-02T09:52:38+02:00
27025912,refusée,2024-07-07,157,1,1,non,Fleur,"beautiful, bokeh, botanic, emotion, flower, green, leica, macro, macro photo, nature, petal, pink, plant, planta, poetry",2026-10-02T09:52:38+02:00
32419405,refusée,2025-06-04,156,0,0,non,Marches,"backgroud, background, contrast, grey, steps, stone, texture, white",2026-10-02T09:52:38+02:00
29136745,refusée,2024-10-28,156,0,0,non,Portrait naturel,"beautiful wallpaper, bud, flower, flowers, handsome, harmonious design, nature, plant, planta, portrait, symmetry, vegetable, vegetale, vegitable",2026-10-02T09:52:38+02:00
33036167,refusée,2025-07-16,155,3,0,non,Fond de nature,"arrière plan, bokeh, feuilles, fond, moderne, nature, naturel, presentation",2026-10-02T09:52:38+02:00
26775591,refusée,2024-06-27,155,0,0,non,,"beautiful sunset, boardwalk, car, city, cloud, cloudy skies, light rays, natural, nature, red, roadworks, romantic, sky, summer, sun, urban",2026-10-02T09:52:38+02:00
39670624,refusée,2026-09-22,154,0,0,non,,"architecture, gijon, telefoto, villa",2026-10-02T09:52:38+02:00
34500400,refusée,2025-10-29,154,0,0,non,Rectiligne,"architecture, backgroud, groove, minimalist architecture, sober",2026-10-02T09:52:38+02:00
32429267,refusée,2025-06-05,154,0,0,non,Portrait souvenir,"nostalgia, portrait, smiling, souvenir, vintage",2026-10-02T09:52:38+02:00
29136746,refusée,2024-10-28,154,0,0,non,Barque,"adventure, barque, beautiful wallpaper, boat, handsome, harmonious design, marsh, nature, plant, planta, portrait, symmetry, tourism, vegetable, vegetale, vegitable",2026-10-02T09:52:38+02:00
27046156,refusée,2024-07-08,154,0,0,non,Porte forgée,"backgroud, background, door, entrance, iron, leica, separation, wall, wood, wrought iron",2026-10-02T09:52:38+02:00
27116689,refusée,2024-07-12,153,0,0,non,Nature désaturée,"clear, contrast, desaturated, green, nature, passage, poetic, poetry, tree, trunk, vintage, white",2026-10-02T09:52:38+02:00
35119805,refusée,2025-12-08,152,0,0,non,,"cannon, detailed, medieval, wheel",2026-10-02T09:52:38+02:00
32419034,refusée,2025-06-04,152,0,0,non,Garnier,"architecture, cityhall, facade, france, garnier, nuances, sculpture art, stone, white",2026-10-02T09:52:38+02:00
30957681,refusée,2025-03-01,152,1,0,non,Chat attentif,"adorable, attentive, cat, cute animal, kitchen, long exposure, pooky",2026-10-02T09:52:38+02:00
27141272,refusée,2024-07-14,152,0,0,non,Texture pierre,"bokeh, clear, crack, crackled, grey, rebel, stone, texture",2026-10-02T09:52:38+02:00
27141260,refusée,2024-07-14,152,0,0,non,Fleur d'été,"4k background, beautiful, bokeh, botanic, bud, emotion, flower, freedom, green, heat, macro, macro photo, nature, petal, petals, plant, planta, poetry, purple, season, summer",2026-10-02T09:52:38+02:00
27046095,refusée,2024-07-08,152,0,0,non,Fleur,"beautiful, bokeh, botanic, bouquet, emotion, flower, garden, green, leica, macro, macro photo, nature, petal, pink, plant, planta, poetry, summer, white",2026-10-02T09:52:38+02:00
31999682,refusée,2025-05-09,151,0,0,non,pays merveilleux,"flowers, garden, golden hour, invitation, natural, orange sky, passage, path, street, summer, walls",2026-10-02T09:52:38+02:00
31514842,refusée,2025-04-06,151,0,0,non,Il marche seul,"animal, market, pigeon, single, white wings",2026-10-02T09:52:38+02:00
27520517,refusée,2024-08-01,151,0,0,non,Ciel à l’antenne,"antenna, beautiful, blue, bright, clouds, contrast, freedom, lines, modern, poetic, rectangles, shades, sky, white",2026-10-02T09:52:38+02:00
27116687,refusée,2024-07-12,151,1,1,non,Linceul,"4k background, backgroud, background, contrast, flower, poetic, poetry, sad, sadness, white, yellow",2026-10-02T09:52:38+02:00
27025915,refusée,2024-07-07,151,0,0,non,Bibliothèque de rue,"author, book, edition, glass window, leica, lens flare, library, street",2026-10-02T09:52:38+02:00
39212518,refusée,2026-08-26,150,0,0,non,,"france, panorama, pau, pyrenees atlantiques, village",2026-10-02T09:52:38+02:00
35140746,refusée,2025-12-10,150,0,0,non,,"contrast, frame, landscape, vegitable, window",2026-10-02T09:52:38+02:00
32429265,refusée,2025-06-05,150,1,0,non,Violette blanche,"backgound, backgroud, background, bokeh, contrast, flower, green, joy, leaf, nature, nuances, white",2026-10-02T09:52:38+02:00
27488883,refusée,2024-07-30,150,0,0,non,concert,"abstract, abstract art, concert, crowd, distortion, dynamic, happiness, music, party, red lights, stage",2026-10-02T09:52:38+02:00
27141263,refusée,2024-07-14,150,1,1,non,Violette,"beautiful, bokeh, botanic, emotion, flower, green, macro, macro photo, nature, petal, plant, planta, poetry, purple",2026-10-02T09:52:38+02:00
31999683,refusée,2025-05-09,149,0,0,non,Église écrasante,"architecture, church, deformation, faith, immense, red",2026-10-02T09:52:38+02:00
30957682,refusée,2025-03-01,149,1,1,non,chat joueur,"angora, cat, cute animal, long exposure, pelota, relaxation",2026-10-02T09:52:38+02:00
27016847,refusée,2024-07-07,149,0,0,non,Petit village,"agriculture, azura, blue, champs, clouds, corn cobs, corn field, degraded, earth, farm field, freedom, grass, green, landscape, nature, sky, summer vibes, sun, village",2026-10-02T09:52:38+02:00
35765783,refusée,2026-01-21,148,0,0,non,,"beauty, divine, food, france, gastronomie, kitchen, sauce",2026-10-02T09:52:38+02:00
29136738,refusée,2024-10-28,148,1,1,non,Violettes,"beautiful wallpaper, bokeh, bud, flower, flowers, handsome, harmonious design, nature, plant, planta, portrait, purple, vegetable, vegetale",2026-10-02T09:52:38+02:00
27025911,refusée,2024-07-07,148,0,0,non,Le portail,"contrast, crest, door frame, iron, leica, medieval architecture, portal, steel, stone, white, whitestone",2026-10-02T09:52:38+02:00
26598924,refusée,2024-06-20,148,0,0,non,Prise de vue sur la berge,"backlit, bench, boardwalk, grass, house, nature, relaxation, river bank, starry, stone, vegetation, water",2026-10-02T09:52:38+02:00
33035694,refusée,2025-07-16,147,0,0,non,Tic tac,"bois, bokeh, coucou, doux, f1 4, fujifilm, heure, horloge, metro, metropolitan, temps, vosges",2026-10-02T09:52:38+02:00
32429268,refusée,2025-06-05,147,0,0,non,Marche,"bokeh, development, market, metaphor, motivation",2026-10-02T09:52:38+02:00
31514843,refusée,2025-04-06,147,0,0,non,Colonnes,"architecture, columns, nature, stone, tree, white",2026-10-02T09:52:38+02:00
27116694,refusée,2024-07-12,147,0,0,non,Bourgeon ou fleur,"exploration, flower, forest adventure, fujifilm, green, leaves, nature, outdoors, pink, roots, summer vibes, tree, trunk, vacance, vacation",2026-10-02T09:52:38+02:00
27116688,refusée,2024-07-12,147,0,0,non,Cascade,"black and white, brook, chaos, nature, organic, organnic, overgrown, sinked, steps, stone steps, stunt, vegetation, vintage, water",2026-10-02T09:52:38+02:00
27025913,refusée,2024-07-07,147,0,0,non,Fleur 2,"beautiful, bokeh, botanic, emotion, flower, green, leica, macro, macro photo, nature, petal, pink, plant, planta, poetry, yellow",2026-10-02T09:52:38+02:00
33036031,refusée,2025-07-16,146,0,0,non,Promenade,"artefact lumineux, chemin, détente, flare, lumiere, nature, promenade",2026-10-02T09:52:38+02:00
32429296,refusée,2025-06-05,146,0,0,non,Béret,"bar, beret, cigarette, coffee, france, french, french style, gold, jewellery, jewelry, lifestyle, relaxation, tabac, terrace",2026-10-02T09:52:38+02:00
31999687,refusée,2025-05-09,146,0,0,non,un prince,"green, luck, majestic, nature, opportunity, pigeon, royal, staged",2026-10-02T09:52:38+02:00
31838328,refusée,2025-04-28,146,0,0,non,Bruit d’église,"architecture, church, noise, nuances, subdued colors",2026-10-02T09:52:38+02:00
30908350,refusée,2025-02-26,146,0,0,non,Fleurit,"flower, relaxation, spring vibe",2026-10-02T09:52:38+02:00
27025917,refusée,2024-07-07,146,0,0,non,Tables,"bar, chair, france, leica, minimalism, minimalist, number, party, round, shadows, simple, stone, straw, table, terrace",2026-10-02T09:52:38+02:00
26775590,refusée,2024-06-27,146,0,0,non,,"beautiful sunset, boardwalk, car, city, cloud, cloudy skies, light rays, natural, nature, red, roadworks, romantic, sky, summer, sun, urban",2026-10-02T09:52:38+02:00
35119804,refusée,2025-12-08,145,0,0,non,,"backgroud, bokeh, harmony, planta, white",2026-10-02T09:52:38+02:00
33035660,refusée,2025-07-16,145,0,0,non,Coeur rose,"chaleur, été, extérieur, fleur, nature",2026-10-02T09:52:38+02:00
32429192,refusée,2025-06-05,145,0,0,non,Amour amour,"brown, brunette, communication, couple, isolation, love, man, metaphor, park, smartphone, solitude, woman",2026-10-02T09:52:38+02:00
27488882,refusée,2024-07-30,145,0,0,non,Sushi,"asia, beer, beverage, blue, chair, crawfish, fried food, harddrink, japan, maki, restaurant, seafood, shrimp, sushi, table",2026-10-02T09:52:38+02:00
27116684,refusée,2024-07-12,145,0,0,non,3,"backgroud, background, degraded, fire hose, modern, numÃ ro, painting, red, weather, white",2026-10-02T09:52:38+02:00
27016845,refusée,2024-07-07,145,0,0,non,,"agriculture, champs, corn cobs, corn field, earth, farm field, grass, green, nature, pattern, plant, planta, summer vibes, texture",2026-10-02T09:52:38+02:00
39670623,refusée,2026-09-22,144,0,0,non,,"gijon, heritage, landmamrk",2026-10-02T09:52:38+02:00
35104311,refusée,2025-12-07,144,0,0,non,,"animal, camel, caravan of camels, christmas atmosphere, colors, dromedary, fabrics, faith, holiday sweets, jesus, nativity, patterns",2026-10-02T09:52:38+02:00
33035693,refusée,2025-07-16,144,0,0,non,Mur jaune,"arrière plan, détente, fond d'écran, géométrie, jaune, lignes, metro, metropolitan, mur, urbain",2026-10-02T09:52:38+02:00
32419411,refusée,2025-06-04,144,0,0,non,Bokeh naturel,"backgroud, background, background bokeh, blurred, grass, heat, nature, summer, texture",2026-10-02T09:52:38+02:00
35145726,refusée,2025-12-10,143,0,0,non,,"backgroud, contrast, relaxation, restful, stone, water",2026-10-02T09:52:38+02:00
29136739,refusée,2024-10-28,143,1,1,non,Violette,"beautiful wallpaper, bokeh, bud, flower, flowers, handsome, harmonious design, nature, plant, planta, portrait, purple, vegetable, vegetale",2026-10-02T09:52:38+02:00
27520518,refusée,2024-08-01,143,1,0,non,Pain et beurre,"abstract, art, artwork, bread, butter, still life",2026-10-02T09:52:38+02:00
26598923,refusée,2024-06-20,143,0,0,non,Devant la nature,"backlit, boardwalk, contrast, crouching, human, immense, man, nature, portrait, season, shadow, tree, vertigo",2026-10-02T09:52:38+02:00
29136740,refusée,2024-10-28,142,0,0,non,Chardon 2,"beautiful wallpaper, bokeh, bud, flower, flowers, handsome, harmonious design, nature, plant, planta, portrait, symmetry, vegetable, vegetale, vegitable",2026-10-02T09:52:38+02:00
39228272,refusée,2026-08-27,141,0,0,non,,"camino de santiago, france, moraine, pau, pyrenees atlantiques",2026-10-02T09:52:38+02:00
35363731,refusée,2025-12-25,141,0,0,non,chat de noel,"adorable pet, cat, christmas gifts, christmas shopping, party",2026-10-02T09:52:38+02:00
35119803,refusée,2025-12-08,141,0,0,non,,"garden, horticulture, medieval architecture",2026-10-02T09:52:38+02:00
33035659,refusée,2025-07-16,141,0,0,non,Texture bois,"4k, arrière plan, bois, fond, mousse, texture",2026-10-02T09:52:38+02:00
32429264,refusée,2025-06-05,140,0,0,non,Porte bleu,"architecture, balcony, bright colors, composition, contrast, pedestrian passage, street, urban life",2026-10-02T09:52:38+02:00
27116680,refusée,2024-07-12,140,0,1,non,Repas français,"alcohol, apÃ ro, aperitif, bottle, charcuterie, cream, french, glasses, liqueur, meal, plate, table, tablecloth",2026-10-02T09:52:38+02:00
27016848,refusée,2024-07-07,140,0,0,non,Ciel écrasant,"agriculture, azura, blue, champs, clouds, corn cobs, corn field, crushing, degraded, earth, farm field, freedom, grass, green, incredible, landscape, nature, sky, summer vibes, sun, village",2026-10-02T09:52:38+02:00
32127342,refusée,2025-05-17,139,0,0,non,Lets go,"assertive, cinema, dazzling, dynamic, iphone, jewellery, jewelry, lovely pose, motivating, wristwatch, zoom",2026-10-02T09:52:38+02:00
31514840,refusée,2025-04-06,139,0,0,non,Tapis Vert,"bokeh, branch, budding, effect, flowers, green, life, nature, relaxation, spring vibe, stylized",2026-10-02T09:52:38+02:00
30755522,refusée,2025-02-16,138,0,0,non,Bois et saucisson,"apÃ ro, aperitif, blade, board, charcuterie, composition, geometry, lunch, meat, olivetree, opinel, saucisson, wood",2026-10-02T09:52:38+02:00
29136736,refusée,2024-10-28,138,0,0,non,Volatile,"animal, bird, black and white animal, nature, urban",2026-10-02T09:52:38+02:00
27016844,refusée,2024-07-07,138,0,0,non,Champs,"agriculture, azura, blue, champs, clouds, corn cobs, corn field, degraded, earth, farm field, freedom, grass, green, landscape, nature, sky",2026-10-02T09:52:38+02:00
39650070,refusée,2026-09-22,137,2,0,non,,"constellations, galaxy, lugo, ophiuchus, stars",2026-10-02T09:52:38+02:00
35104310,refusée,2025-12-07,137,0,0,non,,"blackboard, brook, bulwark, castle, contrast, epic, europe, flowers, france, history, medieval",2026-10-02T09:52:38+02:00
33036165,refusée,2025-07-16,137,1,0,non,Bouquet d'une fleur,"blanc, chaleur, été, fleurs, paix, poesie, unique, violet",2026-10-02T09:52:38+02:00
32419045,refusée,2025-06-04,137,0,0,non,Ecluse,"branch, contemplation, degraded, france, green, lens flare, life, marsh, mirror, nature, river, sluice",2026-10-02T09:52:38+02:00
39212543,refusée,2026-08-26,136,0,1,oui,,"france, pau, pic du midi d'ossau, pyrenees atlantiques, telefoto",2026-10-02T09:52:38+02:00
32429191,refusée,2025-06-05,136,0,0,non,Terrasse française,"apÃ ro, france, french, glass, jewellery, jewelry, joy, necklace, relaxation, smiling, terasse, terrace, wristwatch",2026-10-02T09:52:38+02:00
32419525,refusée,2025-06-04,136,0,0,non,Travaux d'église,"architecture, church, faith, infrared, infrared photography, pink, red, tree",2026-10-02T09:52:38+02:00
31285712,refusée,2025-03-23,136,0,0,non,,"bacon, blue, cheese, dividing, familyfriendly, knife, olivetree, opinel, pizza, vintage, wood",2026-10-02T09:52:38+02:00
27585488,refusée,2024-08-05,136,0,0,non,Portrait de Plum,"animal, bokeh, cat, chaleureux, cozy, feline, fur, handsome, house, household, natural, pelage, portrait, relaxation, thermometer, towel, warm",2026-10-02T09:52:38+02:00
32429266,refusée,2025-06-05,135,1,0,non,Micro horizon,"backgound, backgroud, background, flower, green, leaf, macro detail, nature, nuances",2026-10-02T09:52:38+02:00
33035647,refusée,2025-07-16,134,0,0,non,Notre dame,"cathedral, cathedral architecture, foi, messe, prêtre, priere, vitraux",2026-10-02T09:52:38+02:00
30908349,refusée,2025-02-26,134,0,0,non,Amonite,"ancient, archaelogy, archaeology, beautiful wallpaper, fossil, green, mollusque, moss, roche",2026-10-02T09:52:38+02:00
32429186,refusée,2025-06-05,133,0,0,non,Dans la brousse de la vie,"chair, green, isolated, nature, park, rest, single, smartphone, wild, woman",2026-10-02T09:52:38+02:00
36946795,refusée,2026-04-06,132,0,0,non,,,2026-10-02T09:52:38+02:00
35136159,refusée,2025-12-09,132,0,0,non,,"back, backlit, jacket, man, mystery, old stone building, portrait",2026-10-02T09:52:38+02:00
35039650,refusée,2025-12-03,132,1,0,non,,"christmas, fir, guirlandes, magic, market, party, Passers-By, perambulation, street light, tradition",2026-10-02T09:52:38+02:00
32419414,refusée,2025-06-04,132,0,0,non,Ensemble,"activity, blue, effort, jersey, motion, park, parking, runners, sport",2026-10-02T09:52:38+02:00
31514836,refusée,2025-04-06,132,0,0,non,Il revient seul,"animal, feathered wings, market, pigeon, single, white, white wings",2026-10-02T09:52:38+02:00
39670619,refusée,2026-09-22,131,0,0,non,,"education, gijon, monochrome, perspective",2026-10-02T09:52:38+02:00
37296561,refusée,2026-04-27,131,1,0,non,,"coffee, coffee accessories, coffee bean, coffee grinder, coffee lover",2026-10-02T09:52:38+02:00
35048476,refusée,2025-12-03,131,0,0,non,,"ancient, authentic, bokeh, country walk, family, nature, stone, sunny afternoon, together",2026-10-02T09:52:38+02:00
33185094,refusée,2025-07-27,131,0,1,non,selfie,"cat, geometric lines, grey, natural, nature, selfie, wood",2026-10-02T09:52:38+02:00
31285711,refusée,2025-03-23,131,0,0,non,Pizza,"bacon, blue, cheese, dividing, familyfriendly, knife, olivetree, opinel, pizza, vintage, wood",2026-10-02T09:52:38+02:00
35086241,refusée,2025-12-06,130,0,0,non,,"getaway, sand, sea scallop, seashell, shell, sun",2026-10-02T09:52:38+02:00
33035658,refusée,2025-07-16,130,0,0,non,Bois et feuilles,"bois, détente, éclairage naturel, feuilles, lumiere, nature, poétique",2026-10-02T09:52:38+02:00
33035651,refusée,2025-07-16,130,0,0,non,La Rotonde,"active lifestyle, cafe terrace, clients, la rotonde, paris, restaurant, serveur",2026-10-02T09:52:38+02:00
33035648,refusée,2025-07-16,130,0,0,non,Dos,"carreaux, cheveux longs, chouchou, dos, femme, géométrie, robe, sac, urbain",2026-10-02T09:52:38+02:00
32429188,refusée,2025-06-05,130,1,0,non,féérie,"artifact, backgound, backgroud, background, bokeh, contrast, flower, green, joy, leaf, nature, nuances, white",2026-10-02T09:52:38+02:00
32419041,refusée,2025-06-04,130,1,0,non,Un sourire,"bezel, billy goat, bokeh, charisma, lens flare, mustache, portrait, smiling",2026-10-02T09:52:38+02:00
37296469,refusée,2026-04-27,129,1,0,non,,"cup, gaiwan, tea",2026-10-02T09:52:38+02:00
35048474,refusée,2025-12-03,129,0,0,non,,"ancient, authentic, country walk, houses, stone, sunny afternoon",2026-10-02T09:52:38+02:00
33035652,refusée,2025-07-16,129,0,0,non,RER,"flou, metro, metropolitan, mouvement, rer b, train, transport en commun, vitesse",2026-10-02T09:52:38+02:00
32429190,refusée,2025-06-05,129,0,0,non,Une porte,"door, minimalist architecture, red, stone, wrist",2026-10-02T09:52:38+02:00
32429185,refusée,2025-06-05,129,0,0,non,Amour amour large,"brown, brunette, communication, couple, isolation, love, man, metaphor, park, smartphone, solitude, woman",2026-10-02T09:52:38+02:00
32419410,refusée,2025-06-04,129,0,0,non,Rires heureux,"black and white, joy, laughing, photographics, photography, together",2026-10-02T09:52:38+02:00
39376206,refusée,2026-09-05,128,0,0,non,,"bordeaux, france, gironde, heritage, landmamrk, landmark, monument aux girondins, place des quinconces, telefoto, verdigris",2026-10-02T09:52:38+02:00
35104309,refusée,2025-12-07,128,0,0,non,,"biological diversity, canal, flowers, garden",2026-10-02T09:52:38+02:00
35027338,refusée,2025-12-02,128,0,0,non,,"aperture, backgroud, kodak movie film, lens flare, nature, shore, watercourse",2026-10-02T09:52:38+02:00
34552339,refusée,2025-11-01,128,0,0,non,lampadaire lunaire,"autumn atmosphe, calming vibes, lamppost, moonlight, orange, tree, warm colors",2026-10-02T09:52:38+02:00
34342144,refusée,2025-10-17,128,0,0,non,Jardin tropical,"bright colors, exuberant, france, palmtree, shimmering, tropical",2026-10-02T09:52:38+02:00
33035635,refusée,2025-07-16,128,0,0,non,Tour Eiffel,"acier, arbre, architecture, francais, france, immense, monument, nuages, patrimoine, tour, tour eiffel, vintage",2026-10-02T09:52:38+02:00
35104308,refusée,2025-12-07,127,0,0,non,,"bell tower, church, compass rose, cross, garden, hedge, holiday, journeys, landmark, rose stone, summery, sun",2026-10-02T09:52:38+02:00
35104306,refusée,2025-12-07,127,0,0,non,,"bell tower, church, compass rose, cross, garden, holiday, journeys, landmark, summery, sun",2026-10-02T09:52:38+02:00
39670626,refusée,2026-09-22,126,0,0,non,,"arcaded, colonnade, darth, gijon, heritage, monochrome, texture",2026-10-02T09:52:38+02:00
39670625,refusée,2026-09-22,126,0,0,non,,"archs, atrium, colonnade, gijon, heritage, monochrome",2026-10-02T09:52:38+02:00
37296558,refusée,2026-04-27,126,0,0,non,,"authentic, bread, knife, soup",2026-10-02T09:52:38+02:00
32429189,refusée,2025-06-05,126,0,0,non,Couloir vers l'impasse,"deadend, distortion, green, plantes grimpantes, slabs",2026-10-02T09:52:38+02:00
35048475,refusée,2025-12-03,125,0,0,non,,"ancient, authentic, bokeh, country walk, nature, stone, sunny afternoon",2026-10-02T09:52:38+02:00
34978560,refusée,2025-11-29,125,0,0,non,,"authentic, haze, house, invitation, rest, strange",2026-10-02T09:52:38+02:00
34500399,refusée,2025-10-29,125,0,0,non,On part !,"backpack, fluffy, hat, inner peace, on the go, peace, walking away",2026-10-02T09:52:38+02:00
32429183,refusée,2025-06-05,125,1,0,non,Bouquet de feuille,"backgound, backgroud, background, black, contrast, green, leaf, nature, nuances",2026-10-02T09:52:38+02:00
39670620,refusée,2026-09-22,124,0,0,non,,"gijon, heritage, landmamrk, monochrome, whorl",2026-10-02T09:52:38+02:00
34342146,refusée,2025-10-17,124,0,1,oui,Pont sous les ordres,"ancient, black and white art, branch, bridge, contrast, stone, vintage",2026-10-02T09:52:38+02:00
32429184,refusée,2025-06-05,124,1,0,non,Croisée des feuilles,"artifact, backgound, backgroud, background, bokeh, composition, contrast, flower, geometry, green, joy, leaf, nature, nuances, white",2026-10-02T09:52:38+02:00
35027337,refusée,2025-12-02,123,0,0,non,,"autumn, backgroud, boardwalk, kodak movie film, nature, shade of green, verdant",2026-10-02T09:52:38+02:00
34500397,refusée,2025-10-29,123,0,0,non,Vitraux,"architecture, backgroud, church, holy, stained glass windows",2026-10-02T09:52:38+02:00
34354427,refusée,2025-10-18,123,0,0,non,MOOD: PROLOGUE 1600-D,"blonde, blue eyes, brown eyes, couple, happy, love, man, romantic, selfie, smiling, wink, woman",2026-10-02T09:52:38+02:00
34342112,refusée,2025-10-17,123,0,0,non,Cris,"floodlight, mannequin, nature",2026-10-02T09:52:38+02:00
32419412,refusée,2025-06-04,123,0,0,non,Consignes,"action, black and white, cap, men, stone, tiles, two",2026-10-02T09:52:38+02:00
37296468,refusée,2026-04-27,122,0,0,non,,"first of may, flowers, thrush",2026-10-02T09:52:38+02:00
35070408,refusée,2025-12-05,122,0,0,non,,"backgroud, bulbuli, floraison, flowers, garden, horticulture, joy, landscape, life, nature, purple, serie",2026-10-02T09:52:38+02:00
34354423,refusée,2025-10-18,122,0,0,non,MOOD: MONO 1600-U,"black and white, fujifilm, lens flare, lot, photographer, photography, portrait, smiling, tamron, zoom",2026-10-02T09:52:38+02:00
33834555,refusée,2025-09-09,122,0,0,non,Belle île,"back, bezel, chevelure, flower, green, lens flare, lightleak, nature, pincone, purple, woman",2026-10-02T09:52:38+02:00
33035654,refusée,2025-07-16,122,1,0,non,Violettes,"blanc, chaleur, été, fleurs, paix, poesie, violet",2026-10-02T09:52:38+02:00
33035632,refusée,2025-07-16,122,0,0,non,,"acier, arbres, architecture, cadre végétal, francais, france, immense, monument, patrimoine, tour, tour eiffel",2026-10-02T09:52:38+02:00
39241472,refusée,2026-08-28,121,0,1,non,,"contemplation, eclipse, exploration, monochrome, nature, road trip, silhouette, skyline, solitude",2026-10-02T09:52:38+02:00
35086240,refusée,2025-12-06,120,0,0,non,,"exhibition, faded, freedom, geometry, instinct, wild, yellow",2026-10-02T09:52:38+02:00
35024042,refusée,2025-12-02,120,0,0,non,,"algae, bretagne, nature, seashell, stone, symbol, tourism",2026-10-02T09:52:38+02:00
35024038,refusée,2025-12-02,120,0,0,non,,"big, green, imposing, majestic, strength, towering trees, tree",2026-10-02T09:52:38+02:00
35015316,refusée,2025-12-01,120,1,0,non,,"bee, flower, good mood, impressive, joy, life, marvel, nature, positive, yellow, zoom",2026-10-02T09:52:38+02:00
33035657,refusée,2025-07-16,120,0,0,non,Fond de nature 2,"arrière plan, bokeh, feuilles, fond, moderne, nature, naturel, presentation",2026-10-02T09:52:38+02:00
33035639,refusée,2025-07-16,120,0,0,non,Héra,"ancient sculpture, deesse, hera",2026-10-02T09:52:38+02:00
32419498,refusée,2025-06-04,120,0,0,non,Vue d'un pont,"architecture, church, desaturated, faith, sunny afternoon, traditional church, tree",2026-10-02T09:52:38+02:00
38570572,refusée,2026-07-14,119,0,0,non,,"cape, france",2026-10-02T09:52:38+02:00
38279517,refusée,2026-06-25,119,0,0,non,,"france, street art",2026-10-02T09:52:38+02:00
35024036,refusée,2025-12-02,119,0,0,non,,"foliage, green, hue, nature, white, winter",2026-10-02T09:52:38+02:00
34500401,refusée,2025-10-29,119,0,0,non,Prendre racine,"flowers, gnawed, house, ramp, roots, south, tree, weather",2026-10-02T09:52:38+02:00
39423924,refusée,2026-09-08,118,0,0,non,,"euskadi, gipuzkoa",2026-10-02T09:52:38+02:00
38188748,refusée,2026-06-19,118,0,0,non,,,2026-10-02T09:52:38+02:00
33035628,refusée,2025-07-16,118,0,0,non,Style haussmannien,"habitation, haussmann architecture, paris, style haussmannien, urbain, ville",2026-10-02T09:52:38+02:00
32419407,refusée,2025-06-04,118,0,0,non,Repos,"back, grain, nature, park, peace, relaxation, simple",2026-10-02T09:52:38+02:00
38971384,refusée,2026-08-11,117,0,0,non,,"celebraciÃ n, foz, fuegos artificiales, lugo, silhouettes, ssmoke",2026-10-02T09:52:38+02:00
35024040,refusée,2025-12-02,117,0,0,non,,"blue, bretagne, cloud, nuances, sky, soothing",2026-10-02T09:52:38+02:00
34552337,refusée,2025-11-01,117,0,0,non,MOOD: APOLLO 800-N,"autumn, boardwalk, church, france, village",2026-10-02T09:52:38+02:00
34506494,refusée,2025-10-29,117,0,0,non,Angle du pendantif,"artistic angle, aventurine, fabrics, original, pendant, portrait, stone",2026-10-02T09:52:38+02:00
34500388,refusée,2025-10-29,117,1,0,non,Mairie de Cognac,"blue sky, cityhall, drapeau franÃ ais, garden, republic, whitestone",2026-10-02T09:52:38+02:00
32419049,refusée,2025-06-04,117,0,0,non,Hésitation,"animal, metaphor, pigeon, portrait",2026-10-02T09:52:38+02:00
32419038,refusée,2025-06-04,117,0,0,non,Floraison,"degraded, flower, green, life, nature, orange, portrait, summer",2026-10-02T09:52:38+02:00
39670627,refusée,2026-09-22,116,0,0,non,,"architecture, campus, gijon, heritage, landmamrk",2026-10-02T09:52:38+02:00
34506473,refusée,2025-10-29,116,0,0,non,paix et magie,"book mark, damascus, jewellery, ring, steel",2026-10-02T09:52:38+02:00
33035627,refusée,2025-07-16,116,0,0,non,Metro,"metro, metropolitan, tour montparnasse",2026-10-02T09:52:38+02:00
32920014,refusée,2025-07-08,116,0,0,non,Fond d'imprimeur,"backgroud, colors, effect, ink, printing house, texture",2026-10-02T09:52:38+02:00
32419408,refusée,2025-06-04,116,0,0,non,Motif fleural,"backgroud, background, contrast, flower, life and death, nature, white",2026-10-02T09:52:38+02:00
32419406,refusée,2025-06-04,116,0,0,non,Furtif,"green, greenery, hidden, lamppost",2026-10-02T09:52:38+02:00
32419048,refusée,2025-06-04,116,0,0,non,Bariolé,"abstract, chair, multicolored, parti-colored, party",2026-10-02T09:52:38+02:00
39386273,refusée,2026-09-05,115,0,0,non,,"bordeaux, france, gironde, heritage, landmamrk, monument aux girondins, place des quinconces, telefoto, verdigris",2026-10-02T09:52:38+02:00
38570570,refusée,2026-07-14,115,0,0,non,,"darth, silhouette",2026-10-02T09:52:38+02:00
35070409,refusée,2025-12-05,115,0,0,non,,"backgroud, flower, freedom, garden, life, white",2026-10-02T09:52:38+02:00
34988859,refusée,2025-11-30,115,0,1,non,curiosité,"animal curiosity, cat, colors, cute feline, garden ambience, shimmering",2026-10-02T09:52:38+02:00
34956320,refusée,2025-11-27,115,0,0,non,,"color pop, fillet, flash, peach, summer, summery, sun, tradition, vacance, work",2026-10-02T09:52:38+02:00
34500398,refusée,2025-10-29,115,0,0,non,Roule ma poule !,"leather, vehicle, voyage",2026-10-02T09:52:38+02:00
33035645,refusée,2025-07-16,115,0,0,non,Joie,"beaute, découverte, femme, foule, française, louvre, lunettes, musee",2026-10-02T09:52:38+02:00
37296467,refusée,2026-04-27,114,0,0,non,,"cup, gaiwan",2026-10-02T09:52:38+02:00
35070415,refusée,2025-12-05,114,0,0,non,,"backgroud, bulbuli, floraison, flowers, garden, horticulture, joy, landscape, life, nature, purple, serie",2026-10-02T09:52:38+02:00
35015312,refusée,2025-12-01,114,0,0,non,,"grey, hue, lizard, low key, sandstone, stone, tone on tone",2026-10-02T09:52:38+02:00
34552338,refusée,2025-11-01,114,0,0,non,lampadaire orange,"autumn atmosphe, calming vibes, lamppost, moonlight, orange, tree, warm colors",2026-10-02T09:52:38+02:00
34517717,refusée,2025-10-30,114,0,0,non,minimaliste MOOD: APOLLO 800-N,"break room, coffee, desk, france, relaxation, rest, stationery, supplies, vintage",2026-10-02T09:52:38+02:00
34342150,refusée,2025-10-17,114,0,0,non,Abandon,"abandoned building, ancient, iron, rust, steel, surrender",2026-10-02T09:52:38+02:00
39359766,refusée,2026-09-04,113,0,0,non,,"altarpiece, baroque, camino de santiago, france, heritage, pyrenees atlantiques, tabernacle",2026-10-02T09:52:38+02:00
34939450,refusée,2025-11-26,113,0,0,non,,"atmosphere, chausey, earth, finding, haze, island, lighthouse, mysterious, ocean, remote, skyline, voyage",2026-10-02T09:52:38+02:00
34500394,refusée,2025-10-29,113,0,0,non,Terrasse,"coffee, drapeau franÃ ais, flag, france, french republic, portrait, republic, terasse",2026-10-02T09:52:38+02:00
34354428,refusée,2025-10-18,113,0,0,non,MOOD: PROLOGUE 1600-D,"blonde, blue eyes, brown eyes, couple, happy, love, man, romantic, selfie, smiling, woman",2026-10-02T09:52:38+02:00
32419042,refusée,2025-06-04,113,0,0,non,Zoom d'été,"bokeh, degraded, floraison, flower, flowering, hatching, life, macro, orange, zoom",2026-10-02T09:52:38+02:00
39670622,refusée,2026-09-22,112,0,0,non,,"gijon, heritage, landmamrk, monochrome",2026-10-02T09:52:38+02:00
39632228,refusée,2026-09-21,112,0,0,non,,"darth, nature, silhouette",2026-10-02T09:52:38+02:00
39236039,refusée,2026-08-28,112,0,1,oui,,"lifestyle, rural, skyline",2026-10-02T09:52:38+02:00
34982307,refusée,2025-11-29,112,0,0,non,MOOD: APOLLO 800-N Tranche de vie,"bar, christmas lights, city illumination, crowd, drunkenness, joy, party mood",2026-10-02T09:52:38+02:00
34939460,refusée,2025-11-26,112,0,0,non,,"bird, crude, far away, lighthouse, minimalist, natural, serie, simple, soothing, zoom",2026-10-02T09:52:38+02:00
34354421,refusée,2025-10-18,112,0,0,non,MOOD: MONO 1600-U,"black and white, bulwark, garden, nature, park, seawall, trees",2026-10-02T09:52:38+02:00
35070410,refusée,2025-12-05,111,0,0,non,,"backgroud, branch, flower, nature, red",2026-10-02T09:52:38+02:00
35015315,refusée,2025-12-01,111,0,0,non,,"beautiful insect, beetle, freedom, green, life, nature",2026-10-02T09:52:38+02:00
34342153,refusée,2025-10-17,111,0,0,non,Arche,"aqueduct, architecture, bridge, golden, leaves, portrait, stone, tree",2026-10-02T09:52:38+02:00
34342142,refusée,2025-10-17,111,0,0,non,Rayon de nature,"dazzling, exception, forest, impressive, light colors, lightleak, rest, tourism",2026-10-02T09:52:38+02:00
38993497,refusée,2026-08-12,110,0,0,non,,"eclipse, espaÃ a, galiza, orange",2026-10-02T09:52:38+02:00
35024041,refusée,2025-12-02,110,0,0,non,,"bouquet, growth, jeunesse, ladnmark, nature, stone, summer, summery",2026-10-02T09:52:38+02:00
34500395,refusée,2025-10-29,110,0,0,non,Terrasse portrait,"coffee, drapeau franÃ ais, flag, france, french republic, portrait, republic, terasse",2026-10-02T09:52:38+02:00
33035638,refusée,2025-07-16,110,0,0,non,Jésus,"ancient sculpture, christ, jesus",2026-10-02T09:52:38+02:00
38971694,refusée,2026-08-11,109,0,0,non,,"donostia, euskadi, gipuzkoa, nature, pais vasco, san sebastian",2026-10-02T09:52:38+02:00
35070407,refusée,2025-12-05,109,0,0,non,,"backgroud, bulbuli, floraison, flowers, garden, horticulture, joy, landscape, life, nature, purple, serie",2026-10-02T09:52:38+02:00
34930395,refusée,2025-11-25,109,0,0,non,,"cap, duo, exploration, photographer, teleobjective, zoom",2026-10-02T09:52:38+02:00
34354420,refusée,2025-10-18,109,0,0,non,MOOD: MONO 1600-U,"black and white, fujifilm, lens flare, lot, photographer, photography, portrait, smiling, tamron, zoom",2026-10-02T09:52:38+02:00
34354413,refusée,2025-10-18,109,0,0,non,Abandon,"barque, leaves, ominious, surrender",2026-10-02T09:52:38+02:00
33035626,refusée,2025-07-16,109,0,0,non,Palette,"film plastique, hachette, livre, palette",2026-10-02T09:52:38+02:00
32419037,refusée,2025-06-04,109,0,0,non,Miroir de la vie,"branch, contemplation, degraded, france, green, lens flare, life, marsh, mirror, nature, river",2026-10-02T09:52:38+02:00
34894959,refusée,2025-11-23,108,0,0,non,,"chausey, green, island, isolated, isolated place, lighthouse, nature, recluse, sailing ships",2026-10-02T09:52:38+02:00
34532663,refusée,2025-10-31,108,0,0,non,table heureuse,"dividing, love, meal, party, restaurant",2026-10-02T09:52:38+02:00
39670621,refusée,2026-09-22,107,0,0,non,,"gijon, heritage, landmamrk",2026-10-02T09:52:38+02:00
39434692,refusée,2026-09-08,107,0,0,non,,"bokeh, cape, confidant, gipuzkoa, headsho, lifestyle, portrait",2026-10-02T09:52:38+02:00
39423923,refusée,2026-09-08,107,0,0,non,,"euskadi, gipuzkoa, monochrome, texture",2026-10-02T09:52:38+02:00
36946794,refusée,2026-04-06,107,0,0,non,,,2026-10-02T09:52:38+02:00
34956319,refusée,2025-11-27,107,0,0,non,,"color pop, fillet, flash, peach, summer, summery, sun, tradition, vacance, work",2026-10-02T09:52:38+02:00
34908869,refusée,2025-11-24,107,0,0,non,,"bird, black, black and white, chausey, english, faded, island, isolated, nature, sea, voyage",2026-10-02T09:52:38+02:00
34342360,refusée,2025-10-17,107,0,0,non,Anatomie d'une feuille,"anatomy, autumn, comparison, leaf",2026-10-02T09:52:38+02:00
34342148,refusée,2025-10-17,107,0,0,non,Texture pierre,"contrast, grain, hd, stone, texture",2026-10-02T09:52:38+02:00
39208821,refusée,2026-08-26,106,0,0,non,,"camino de santiago, france, pau, pyrenees atlantiques",2026-10-02T09:52:38+02:00
38993391,refusée,2026-08-12,106,0,0,non,,"eclipse, espaÃ a, galiza, orange, science",2026-10-02T09:52:38+02:00
38562044,refusée,2026-07-14,106,0,0,non,,"apÃ ro, bar, bokeh, cocktails, france, generation z, lifestyle, service, table",2026-10-02T09:52:38+02:00
35104307,refusée,2025-12-07,106,0,0,non,,"bulwark, castle, contrast, epic, europe, flowers, france, history",2026-10-02T09:52:38+02:00
34408656,refusée,2025-10-22,106,0,0,non,pluie,"autumn atmosphe, beauty, naturelle, rain, theme",2026-10-02T09:52:38+02:00
34342137,refusée,2025-10-17,106,0,0,non,Branche et pierres dissimulées,"aqueduct, branches, france, portrait, relaxation, stone, warm tone, woodland, yellow",2026-10-02T09:52:38+02:00
34408224,refusée,2025-10-22,105,0,0,non,MOOD: APOLLO 800-N,"breccia, dragon, france, street, tricolour, vintage vibe",2026-10-02T09:52:38+02:00
34342152,refusée,2025-10-17,105,0,0,non,Aqueduc et village,"aqueduct, architecture, portrait",2026-10-02T09:52:38+02:00
38570603,refusée,2026-07-14,104,0,0,non,,"graffiti, grunge, i love you, message, orange, street art, texture",2026-10-02T09:52:38+02:00
38561993,refusée,2026-07-14,104,0,0,non,,"bokeh, cigarette, cineamtic, headsho, lifestyle, portrait, tuxedo",2026-10-02T09:52:38+02:00
34930397,refusée,2025-11-25,104,0,0,non,,"animal, dog, dors, faithful, rest",2026-10-02T09:52:38+02:00
33035637,refusée,2025-07-16,104,0,0,non,Colonne,"ancient sculpture, colonne, epee, france",2026-10-02T09:52:38+02:00
33035634,refusée,2025-07-16,104,0,0,non,Tour Montparnasse,"architecture, building, écrasant, france, monument, paris",2026-10-02T09:52:38+02:00
38993636,refusée,2026-08-12,103,0,0,non,,"eclipse, espaÃ a, galiza, orange",2026-10-02T09:52:38+02:00
38712883,refusée,2026-07-24,103,0,0,non,,,2026-10-02T09:52:38+02:00
34967548,refusée,2025-11-28,103,0,0,non,,"expressive, freedom, holiday, holiday vibes, house, no cars, no neighbors, relaxation, relief, rest",2026-10-02T09:52:38+02:00
34967545,refusée,2025-11-28,103,0,0,non,,"door, freedom, holiday, holiday vibes, house, no cars, no neighbors, relaxation, relief, rest, ruins",2026-10-02T09:52:38+02:00
34500393,refusée,2025-10-29,103,0,0,non,En travaux,"colors, fanions, flowerpots, indian restaurant, nacelle, party, roadworks",2026-10-02T09:52:38+02:00
34342151,refusée,2025-10-17,103,0,0,non,Mousse et vague,"current, leaves, moss, peace, relaxation, stone, water, waves",2026-10-02T09:52:38+02:00
34342138,refusée,2025-10-17,103,0,0,non,Photographe,"back, background bokeh, bokeh, canon eos 5d, confidence, curly hair, engaing, face, fluffy, france, gaze, golden, light, man, mustache, photographer, portrait, skyline",2026-10-02T09:52:38+02:00
34500387,refusée,2025-10-29,102,0,0,non,Drapeau français,"coffee, drapeau franÃ ais, flag, france, french republic, portrait, republic, terasse",2026-10-02T09:52:38+02:00
34342141,refusée,2025-10-17,102,0,0,non,Un rempart percé,"aqueduct, authentic, emblematic, france, illustrative, nature, stone",2026-10-02T09:52:38+02:00
34342136,refusée,2025-10-17,102,0,0,non,Portrait botanique,"branches, current, dazzling, degraded, engaing, first plan, leaves, lens flare, life, nature, shore, trees, water",2026-10-02T09:52:38+02:00
34342132,refusée,2025-10-17,102,0,0,non,Face à lui,"back, curly hair, gaze, golden, homme de dos, man, skyline",2026-10-02T09:52:38+02:00
39632229,refusée,2026-09-21,101,0,0,non,,"darth, nature, silhouette",2026-10-02T09:52:38+02:00
38570569,refusée,2026-07-14,101,0,0,non,,"chrome, designing, detail, macro, metal",2026-10-02T09:52:38+02:00
38561994,refusée,2026-07-14,101,0,0,non,,"bokeh, cigarette, cineamtic, contoured, headsho, lifestyle, portrait, tuxedo",2026-10-02T09:52:38+02:00
34500386,refusée,2025-10-29,101,0,0,non,Mairie de Cognac,"blue sky, cityhall, drapeau franÃ ais, garden, republic, whitestone",2026-10-02T09:52:38+02:00
34500326,refusée,2025-10-29,101,0,0,non,,,2026-10-02T09:52:38+02:00
39532050,refusée,2026-09-15,100,0,0,non,,"bokeh, cosmos bipinnatus, floral, macro, nature, pollen, young plant",2026-10-02T09:52:38+02:00
39235898,refusée,2026-08-28,100,0,1,oui,,texture,2026-10-02T09:52:38+02:00
34500385,refusée,2025-10-29,100,0,0,non,Repos,"blurred, garden, motion, sitting on a bench",2026-10-02T09:52:38+02:00
34342140,refusée,2025-10-17,100,0,0,non,Un sourire rieur,"back, background bokeh, bokeh, confidence, curly hair, engaing, face, fluffy, france, gaze, golden, light, man, mustache, portrait, skyline, smiling",2026-10-02T09:52:38+02:00
34342139,refusée,2025-10-17,100,0,0,non,Un regard jeté,"background bokeh, bokeh, confidence, curly hair, engaing, face, fluffy, france, gaze, golden, light, man, mustache, portrait, profile, skyline, smiling",2026-10-02T09:52:38+02:00
34342134,refusée,2025-10-17,100,0,0,non,Photographe,"action, bokeh, canon eos 5d, jacket, man, nikon, photographer",2026-10-02T09:52:38+02:00
34342131,refusée,2025-10-17,100,0,0,non,Entre les branches,"branches, current, dazzling, degraded, engaing, lens flare, life, nature, shore, trees, water",2026-10-02T09:52:38+02:00
39595392,refusée,2026-09-19,99,0,0,non,,"galaxy, m31, skyline, stars",2026-10-02T09:52:38+02:00
39434689,refusée,2026-09-08,99,1,1,non,,"crrek, euskadi, gipuzkoa, texture",2026-10-02T09:52:38+02:00
38855700,refusée,2026-08-03,99,0,0,non,,,2026-10-02T09:52:38+02:00
34908872,refusée,2025-11-24,99,0,0,non,,"bird, black, chausey, island, nature, sea",2026-10-02T09:52:38+02:00
34894968,refusée,2025-11-23,99,0,0,non,,"black and white, chausey, green, island, isolated, isolated place, nature, peach, recluse, sailing ships",2026-10-02T09:52:38+02:00
34849704,refusée,2025-11-21,99,0,0,non,,"abbaye du mont-saint-micheal, architectural style, architecture, geometry, gothic, light trails, novel, stone, stone work",2026-10-02T09:52:38+02:00
34354417,refusée,2025-10-18,99,0,1,non,MOOD: MONO 1600-U,"black and white, fujifilm, lens flare, lot, photographer, photography, portrait, smiling, tamron, zoom",2026-10-02T09:52:38+02:00
34342120,refusée,2025-10-17,99,0,0,non,Reflet,"green, lens flare, nature, tree, troubled, vertigo",2026-10-02T09:52:38+02:00
34342118,refusée,2025-10-17,99,0,0,non,Fond d'automne,"autumn, backgroud, illustrative, leaves, nature, season, sycle",2026-10-02T09:52:38+02:00
38561991,refusée,2026-07-14,98,0,0,non,,"bokeh, cigarette, cineamtic, contoured, headsho, lifestyle, portrait, tuxedo",2026-10-02T09:52:38+02:00
34939456,refusée,2025-11-26,98,0,0,non,,"colorgrading, exploration, nature, ocean, scale, stone, water",2026-10-02T09:52:38+02:00
34849708,refusée,2025-11-21,98,0,0,non,,"backgroud, geometry, pastel colors, repetitive pattern, stained glass windows",2026-10-02T09:52:38+02:00
34500396,refusée,2025-10-29,98,0,0,non,République,"drapeau franÃ ais, flag, france, french republic, republic",2026-10-02T09:52:38+02:00
34500350,refusée,2025-10-29,98,0,0,non,Traversé,"boardwalk, bridge, gold accents, green, nature",2026-10-02T09:52:38+02:00
34491966,refusée,2025-10-28,98,0,0,non,KODAKEIR,"argentique, colors, exotic, infrared, infrared photography, rowing boat, sport",2026-10-02T09:52:38+02:00
34354418,refusée,2025-10-18,98,0,0,non,MOOD: MONO 1600-U,"black and white, fujifilm, photographer, photography, portrait, tamron, zoom",2026-10-02T09:52:38+02:00
34342125,refusée,2025-10-17,98,0,0,non,Une place pour l'homme,"car, diffused light, france, lens flare, mankind, nature, powerful light, relationship, visual metaphor",2026-10-02T09:52:38+02:00
39564917,refusée,2026-09-17,97,0,0,non,,"lugo, monochrome, ribadeo, telefoto",2026-10-02T09:52:38+02:00
39564915,refusée,2026-09-17,97,0,0,non,,"lugo, monochrome, ribadeo, telefoto",2026-10-02T09:52:38+02:00
38561995,refusée,2026-07-14,97,0,0,non,,"bokeh, cigarette, cineamtic, headsho, lifestyle, portrait, tuxedo",2026-10-02T09:52:38+02:00
34342126,refusée,2025-10-17,97,0,0,non,Aqueduc et tradition,"aqueduct, france, portrait, relaxation, stone, warm tone, woodland, yellow",2026-10-02T09:52:38+02:00
34342121,refusée,2025-10-17,97,0,0,non,Arbre féérique,"nature, tree, water",2026-10-02T09:52:38+02:00
39228699,refusée,2026-08-27,96,0,0,non,,"dome, gijon, heritage, landmamrk, saints, statues",2026-10-02T09:52:38+02:00
34908868,refusée,2025-11-24,96,0,0,non,,"bird, black, chausey, island, nature, sea, stone, waves",2026-10-02T09:52:38+02:00
34500324,refusée,2025-10-29,96,0,0,non,,,2026-10-02T09:52:38+02:00
34342145,refusée,2025-10-17,96,0,0,non,Bain de lumière,"dazzling, exception, forest, impressive, light colors, lightleak, rest, tourism",2026-10-02T09:52:38+02:00
34342135,refusée,2025-10-17,96,0,0,non,Il réajuste sa veste,"action, bokeh, canon eos 5d, jacket, man, nikon, photographer",2026-10-02T09:52:38+02:00
34342127,refusée,2025-10-17,96,0,0,non,Nature nature,"backgroud, emotion, intense, macro detail, nature, reflexion",2026-10-02T09:52:38+02:00
34342116,refusée,2025-10-17,96,0,0,non,Souche de vie,"portrait, root, stump, tree, wood",2026-10-02T09:52:38+02:00
34342115,refusée,2025-10-17,96,0,0,non,Nature déteinte,"autumn, backgroud, illustrative, leaves, nature, season, sycle, tree",2026-10-02T09:52:38+02:00
38973353,refusée,2026-08-11,95,0,0,non,,"bilbao, eucalyptus",2026-10-02T09:52:38+02:00
38279515,refusée,2026-06-25,95,0,0,non,,"buses, france",2026-10-02T09:52:38+02:00
38279505,refusée,2026-06-25,95,0,0,non,,"avenue, boardwalk, france, monochrome",2026-10-02T09:52:38+02:00
34876055,refusée,2025-11-23,95,0,0,non,,"ancient, backgroud, column, shadow, stained glass windows, windows",2026-10-02T09:52:38+02:00
34849712,refusée,2025-11-21,95,0,0,non,,"backgroud, faith, geometry, pastel colors, red, repetitive pattern, serie, stained glass windows, sweet dreams",2026-10-02T09:52:38+02:00
34762347,refusée,2025-11-16,95,0,0,non,,"backgroud, bokeh, moss, stone, texture",2026-10-02T09:52:38+02:00
34762323,refusée,2025-11-16,95,0,0,non,,"beach, birds, colors, nature, rest, stone",2026-10-02T09:52:38+02:00
34342133,refusée,2025-10-17,95,0,0,non,Il voit,"back, curly hair, gaze, golden, homme de dos, man, skyline",2026-10-02T09:52:38+02:00
34342128,refusée,2025-10-17,95,0,0,non,Rive de la nature,"current, degraded, life, nature, shore, trees, water",2026-10-02T09:52:38+02:00
34342117,refusée,2025-10-17,95,0,0,non,Géométrie hydraulique,"bokeh, geometry, sluice, steel",2026-10-02T09:52:38+02:00
34340147,refusée,2025-10-17,95,0,0,non,MOOD: STOCK 1600-N,"argentique, boardwalk, forest, grain, iconography, resource, stone, vintage, wood",2026-10-02T09:52:38+02:00
34876057,refusée,2025-11-23,94,0,0,non,,"ancient, archangel, colors, stained glass windows",2026-10-02T09:52:38+02:00
34500347,refusée,2025-10-29,94,0,0,non,Fond tuile,"red tile roof, tile patterns",2026-10-02T09:52:38+02:00
34500336,refusée,2025-10-29,94,0,0,non,Fond de nature,"backgroud, green, leaves, nature, nature background",2026-10-02T09:52:38+02:00
34500333,refusée,2025-10-29,94,0,0,non,Réglages,"angle of photography, checkered shirt, manual settings, photographer, tree",2026-10-02T09:52:38+02:00
34342124,refusée,2025-10-17,94,0,0,non,Pose sur un banc,"bench, dazzling, exception, impressive, lightleak, rest, sluice, tourism",2026-10-02T09:52:38+02:00
34342123,refusée,2025-10-17,94,0,0,non,,"autumn, backgroud, illustrative, leaves, nature, season, sycle, tree",2026-10-02T09:52:38+02:00
39632230,refusée,2026-09-21,93,0,0,non,,"experimental, minimal, neon, texture",2026-10-02T09:52:38+02:00
38279507,refusée,2026-06-25,93,0,0,non,,"france, roses, sculpture, street art",2026-10-02T09:52:38+02:00
34762321,refusée,2025-11-16,93,1,0,non,,"contrast, hue, layers, man, market, motion, nature, sea, single, solitude, strength, upright, vertial, water, will",2026-10-02T09:52:38+02:00
34500329,refusée,2025-10-29,93,0,0,non,,,2026-10-02T09:52:38+02:00
34342130,refusée,2025-10-17,93,0,0,non,Nature et cycle,"autumn, backgroud, illustrative, leaves, nature, season, sycle",2026-10-02T09:52:38+02:00
39386272,refusée,2026-09-05,92,0,0,non,,"bordeaux, france, gironde, heritage, landmamrk, monument aux girondins, newts, place des quinconces, verdigris",2026-10-02T09:52:38+02:00
38973354,refusée,2026-08-11,92,0,0,non,,bilbao,2026-10-02T09:52:38+02:00
38712881,refusée,2026-07-24,92,1,0,non,,,2026-10-02T09:52:38+02:00
38279514,refusée,2026-06-25,92,0,0,non,,"albizia julibrissin, france",2026-10-02T09:52:38+02:00
34849710,refusée,2025-11-21,92,0,0,non,,"backgroud, diffused light, faith, geometry, pastel colors, red, repetitive pattern, serie, stained glass windows, sweet dreams",2026-10-02T09:52:38+02:00
34828679,refusée,2025-11-20,92,0,0,non,,"amusing, bird, bokeh, colorful, foreground focus, nature, perspective, pigeon, portrait",2026-10-02T09:52:38+02:00
34500354,refusée,2025-10-29,92,0,0,non,Mairie de Cognac,"blue sky, cityhall, drapeau franÃ ais, garden, republic, whitestone",2026-10-02T09:52:38+02:00
38256829,refusée,2026-06-23,91,0,0,non,,"lifestyle, nature, portrait",2026-10-02T09:52:38+02:00
34876056,refusée,2025-11-23,91,0,0,non,,"garden, horticulture, light, ornament, signet, stone, summer, summery",2026-10-02T09:52:38+02:00
34876053,refusée,2025-11-23,91,0,0,non,,"abstract, backgroud, blurred, colorful",2026-10-02T09:52:38+02:00
34849711,refusée,2025-11-21,91,0,0,non,,"backgroud, diffused light, faith, geometry, pastel colors, red, repetitive pattern, serie, stained glass windows, sweet dreams",2026-10-02T09:52:38+02:00
34849707,refusée,2025-11-21,91,0,0,non,,"abbaye du mont-saint-micheal, architectural style, architecture, black and white, columns, geometry, gothic, light trails, monumental, novel, stone, stone work",2026-10-02T09:52:38+02:00
34828675,refusée,2025-11-20,91,0,0,non,,"ancient, bulwark, calvados, holy, sea, stone, tradition",2026-10-02T09:52:38+02:00
34762322,refusée,2025-11-16,91,0,0,non,,"beach, birds, colors, nature, rest, stone",2026-10-02T09:52:38+02:00
34762320,refusée,2025-11-16,91,0,0,non,,"contrast, hue, layers, man, market, motion, nature, sea, single, solitude, strength, upright, water, will",2026-10-02T09:52:38+02:00
34500337,refusée,2025-10-29,91,0,0,non,Racines,"chopped, nature, roots",2026-10-02T09:52:38+02:00
34500331,refusée,2025-10-29,91,0,0,non,Usine,"evening, glowing light, production",2026-10-02T09:52:38+02:00
39359762,refusée,2026-09-04,90,0,0,non,,"alcove, camino de santiago, christ, france, heritage, posy, pyrenees atlantiques",2026-10-02T09:52:38+02:00
34939457,refusée,2025-11-26,90,0,0,non,,"ocean, peace, relaxation, splash, spume, stone, water",2026-10-02T09:52:38+02:00
34894967,refusée,2025-11-23,90,0,0,non,,"chausey, green, hue, island, isolated, isolated place, nature, recluse",2026-10-02T09:52:38+02:00
34849706,refusée,2025-11-21,90,0,0,non,,"abbaye du mont-saint-micheal, architectural style, architecture, gothic, light trails, novel, stone, stone work",2026-10-02T09:52:38+02:00
34500334,refusée,2025-10-29,90,0,0,non,Téléphone cartes et café,"dividing, friends, gathering, glass, group, men, park, picnic area, relaxation",2026-10-02T09:52:38+02:00
34500323,refusée,2025-10-29,90,0,0,non,,,2026-10-02T09:52:38+02:00
34342129,refusée,2025-10-17,90,0,0,non,Marches de la rive,"nature, steps, stone",2026-10-02T09:52:38+02:00
39575545,refusée,2026-09-17,89,0,0,non,,"darth, orange",2026-10-02T09:52:38+02:00
39455694,refusée,2026-09-10,89,0,0,non,,"camino de santiago, heritage, landmamrk, lichen, silhouette",2026-10-02T09:52:38+02:00
39434691,refusée,2026-09-08,89,0,0,non,,"euskadi, gipuzkoa",2026-10-02T09:52:38+02:00
39359764,refusée,2026-09-04,89,0,0,non,,"altarpiece, baroque, camino de santiago, devotional, france, heritage, pyrenees atlantiques, sankt blasius, tabernacle",2026-10-02T09:52:38+02:00
39359763,refusée,2026-09-04,89,0,0,non,,"camino de santiago, darth, detail, france, pyrenees atlantiques, tabernacle",2026-10-02T09:52:38+02:00
39228270,refusée,2026-08-27,89,0,0,non,,"france, panorama, pau, pyrenees atlantiques",2026-10-02T09:52:38+02:00
39228269,refusée,2026-08-27,89,0,0,non,,"france, pau, pyrenees atlantiques, telefoto, village",2026-10-02T09:52:38+02:00
34876054,refusée,2025-11-23,89,0,0,non,,"ancient, cement, liberation, sky, stone, walls",2026-10-02T09:52:38+02:00
34849709,refusée,2025-11-21,89,0,0,non,,"abbaye du mont-saint-micheal, architectural style, architecture, geometry, gothic, light trails, novel, stone, stone work",2026-10-02T09:52:38+02:00
39575546,refusée,2026-09-17,88,0,0,non,,parque eolico,2026-10-02T09:52:38+02:00
39517013,refusée,2026-09-14,88,0,0,non,,,2026-10-02T09:52:38+02:00
39359765,refusée,2026-09-04,88,0,0,non,,"camino de santiago, contemplation, darth, france, pyrenees atlantiques, tabernacle",2026-10-02T09:52:38+02:00
39564913,refusée,2026-09-17,87,0,0,non,,"gorge, lugo, ribadeo, telefoto",2026-10-02T09:52:38+02:00
39238259,refusée,2026-08-28,87,0,1,non,,"architecture, europe, facade, gijon, landmamrk",2026-10-02T09:52:38+02:00
38712882,refusée,2026-07-24,87,0,0,non,,invitation,2026-10-02T09:52:38+02:00
38674516,refusée,2026-07-22,87,0,0,non,,"nature, vertial",2026-10-02T09:52:38+02:00
38188749,refusée,2026-06-19,87,0,0,non,,,2026-10-02T09:52:38+02:00
34894965,refusée,2025-11-23,87,0,0,non,,"daily, france, french, nature, peach, tourism, work",2026-10-02T09:52:38+02:00
34849713,refusée,2025-11-21,87,0,0,non,,"backgroud, geometry, repetitive pattern, stained glass windows",2026-10-02T09:52:38+02:00
34500351,refusée,2025-10-29,87,0,0,non,Envahi,"lamppost, lighthouse, nature, overgrown",2026-10-02T09:52:38+02:00
39434690,refusée,2026-09-08,86,0,0,non,,"bokeh, cape, confidant, gipuzkoa, lifestyle, portrait",2026-10-02T09:52:38+02:00
38994579,refusée,2026-08-12,86,0,0,non,,"road trip, silhouette, solitude, switched",2026-10-02T09:52:38+02:00
39359761,refusée,2026-09-04,85,0,0,non,,"camino de santiago, france, pyrenees atlantiques, tabernacle",2026-10-02T09:52:38+02:00
39228268,refusée,2026-08-27,85,0,1,non,,"bokeh, france, paddock, pyrenees atlantiques, rural, telefoto",2026-10-02T09:52:38+02:00
38279512,refusée,2026-06-25,85,0,0,non,,"macro, nature, petunia",2026-10-02T09:52:38+02:00
34762319,refusée,2025-11-16,84,0,0,non,,"blue, flag, france, red, scrappy, tricolour, white",2026-10-02T09:52:38+02:00
34500348,refusée,2025-10-29,84,0,0,non,Verdure prenante,"green, handsome, life, nature, root, stone",2026-10-02T09:52:38+02:00
39575548,refusée,2026-09-17,83,0,0,non,,,2026-10-02T09:52:38+02:00
39564916,refusée,2026-09-17,83,0,0,non,,"eucalyptus, lugo, nature, ribadeo, silhouette, telefoto",2026-10-02T09:52:38+02:00
39363487,refusée,2026-09-04,83,0,0,non,,"contemplation, france, memorial, pyrenees atlantiques, silence",2026-10-02T09:52:38+02:00
38712879,refusée,2026-07-24,83,0,0,non,,bokeh,2026-10-02T09:52:38+02:00
34500335,refusée,2025-10-29,83,0,0,non,Fond de nature 2,"backgroud, green, leaves, nature, nature background",2026-10-02T09:52:38+02:00
34342114,refusée,2025-10-17,83,0,0,non,Aqueduc et tradition 2,"aqueduct, france, portrait, relaxation, stone, warm tone, woodland, yellow",2026-10-02T09:52:38+02:00
39564914,refusée,2026-09-17,82,0,0,non,,"lugo, ribadeo, skyline",2026-10-02T09:52:38+02:00
39359759,refusée,2026-09-04,82,0,0,non,,"camino de santiago, devotional, france, halo, posy, pyrenees atlantiques, silhouette",2026-10-02T09:52:38+02:00
39228266,refusée,2026-08-27,82,0,0,non,,"bokeh, france, pyrenees atlantiques, rural, telefoto",2026-10-02T09:52:38+02:00
39208847,refusée,2026-08-26,82,0,0,non,,"camino de santiago, france, pau, pyrenees atlantiques",2026-10-02T09:52:38+02:00
38279516,refusée,2026-06-25,82,0,0,non,,"floral, macro, magenta, nature, petunia",2026-10-02T09:52:38+02:00
38279511,refusée,2026-06-25,82,0,0,non,,"floral, hortensia, hydrangea, macro, nature, pastel",2026-10-02T09:52:38+02:00
39455692,refusée,2026-09-10,81,0,0,non,,"camino de santiago, facade, heritage, landmamrk, saint james, sculptures",2026-10-02T09:52:38+02:00
39235897,refusée,2026-08-28,81,0,0,non,,facade,2026-10-02T09:52:38+02:00
39228267,refusée,2026-08-27,81,0,0,non,,"agriculture, france, pyrenees atlantiques, rural, telefoto",2026-10-02T09:52:38+02:00
38708323,refusée,2026-07-24,81,0,0,non,,"bokeh, floral, nature, pastel, pink, roses",2026-10-02T09:52:38+02:00
38279502,refusée,2026-06-25,81,1,0,non,,"floral, hortensia, hydrangea, macro, nature, pastel",2026-10-02T09:52:38+02:00
38256668,refusée,2026-06-23,81,0,0,non,,"bokeh, soft drink",2026-10-02T09:52:38+02:00
39363486,refusée,2026-09-04,80,0,0,non,,"france, orange, pyrenees atlantiques, zig zag",2026-10-02T09:52:38+02:00
38708321,refusée,2026-07-24,80,1,0,non,,"bokeh, echinops, floral, macro, nature, texture",2026-10-02T09:52:38+02:00
38708319,refusée,2026-07-24,80,0,0,non,,"agriculture, bokeh, château de villandry, france, fruit, pergola, winegrowing",2026-10-02T09:52:38+02:00
38694049,refusée,2026-07-23,80,0,0,non,,"castle, villandry",2026-10-02T09:52:38+02:00
34197247,refusée,2025-10-07,80,0,0,non,Restes,"apÃ ro, charcuterie, france, opinel, party, remains, sharp knife",2026-10-02T09:52:38+02:00
39575547,refusée,2026-09-17,79,0,0,non,,,2026-10-02T09:52:38+02:00
39359760,refusée,2026-09-04,79,0,0,non,,"camino de santiago, france, heritage, mashrabiya, mudejar, oculus, pyrenees atlantiques",2026-10-02T09:52:38+02:00
39238257,refusée,2026-08-28,79,0,0,non,,"europe, nature, road trip",2026-10-02T09:52:38+02:00
39212519,refusée,2026-08-26,79,0,0,non,,"france, pau, pyrenees atlantiques, rural, village",2026-10-02T09:52:38+02:00
39182179,refusée,2026-08-24,79,0,1,non,,"dolmen, france, pau, pyrenees atlantiques, smartphone",2026-10-02T09:52:38+02:00
34342113,refusée,2025-10-17,79,0,0,non,PP2200,"aqueduct, bridge, european, landscape, nature, sluice, water",2026-10-02T09:52:38+02:00
39550973,refusée,2026-09-16,78,0,0,non,,"guano, lugo, ribadeo, telefoto",2026-10-02T09:52:38+02:00
39550972,refusée,2026-09-16,78,0,0,non,,"lugo, ribadeo, telefoto",2026-10-02T09:52:38+02:00
39241587,refusée,2026-08-28,78,0,1,non,,"bokeh, detail, macro, road trip, texture",2026-10-02T09:52:38+02:00
39238258,refusée,2026-08-28,78,0,0,non,,"bokeh, decoration, floral, macro, nature, roses",2026-10-02T09:52:38+02:00
38708322,refusée,2026-07-24,78,0,0,non,,"bokeh, floral, macro, nature, phlox, phlox paniculata",2026-10-02T09:52:38+02:00
38708320,refusée,2026-07-24,77,0,0,non,,"begonia, bokeh, floral, macro, nature",2026-10-02T09:52:38+02:00
38694046,refusée,2026-07-23,77,0,0,non,,"château de villandry, france, heritage, panorama, perovskia, railings, village",2026-10-02T09:52:38+02:00
38256669,refusée,2026-06-23,77,0,0,non,,"cozy, lifestyle, monochrome, smartphone, textile, tweed",2026-10-02T09:52:38+02:00
39550974,refusée,2026-09-16,76,0,0,non,,"lugo, nature, ribadeo, telefoto, texture",2026-10-02T09:52:38+02:00
39455693,refusée,2026-09-10,76,0,0,non,,"camino de santiago, heritage, landmamrk",2026-10-02T09:52:38+02:00
39212506,refusée,2026-08-26,74,0,0,non,,"france, pastel, pau, pyrenees atlantiques",2026-10-02T09:52:38+02:00
38694025,refusée,2026-07-23,74,0,0,non,,"antic, carafe, château de villandry, france, heritage, villandry",2026-10-02T09:52:38+02:00
39296055,refusée,2026-08-31,73,0,0,non,,"bokeh, floral, france, nature, pyrenees atlantiques, roses",2026-10-02T09:52:38+02:00
39208897,refusée,2026-08-26,73,0,0,non,,"bokeh, france, macro, pyrenees atlantiques, ruscus aculeatus",2026-10-02T09:52:38+02:00
38712878,refusée,2026-07-24,73,0,0,non,,"bokeh, commitment, macro",2026-10-02T09:52:38+02:00
39167575,refusée,2026-08-23,72,0,0,non,,"france, pau, pyrenees atlantiques, telefoto",2026-10-02T09:52:38+02:00
38279503,refusée,2026-06-25,72,0,0,non,,"animal, branches, monochrome, nature, pica pica",2026-10-02T09:52:38+02:00
39359758,refusée,2026-09-04,71,0,0,non,,"camino de santiago, devotional, france, pyrenees atlantiques, tabernacle",2026-10-02T09:52:38+02:00
39228271,refusée,2026-08-27,71,0,0,non,,"agriculture, france, monochrome, pyrenees atlantiques, rural, texture",2026-10-02T09:52:38+02:00
39212520,refusée,2026-08-26,71,0,0,non,,"agriculture, france, pau, pyrenees atlantiques",2026-10-02T09:52:38+02:00
38694053,refusée,2026-07-23,71,0,0,non,,"begonias, château de villandry, france, heritage",2026-10-02T09:52:38+02:00
39208898,refusée,2026-08-26,70,0,0,non,,"france, lichen, macro, pyrenees atlantiques, texture",2026-10-02T09:52:38+02:00
39167572,refusée,2026-08-23,69,0,0,non,,"bokeh, france, pau, rural, texture",2026-10-02T09:52:38+02:00
38712877,refusée,2026-07-24,69,0,0,non,,macro,2026-10-02T09:52:38+02:00
39212504,refusée,2026-08-26,68,0,0,non,,"france, pastel, pau, pyrenees atlantiques",2026-10-02T09:52:38+02:00
39167576,refusée,2026-08-23,68,0,0,non,,"bokeh, france, pau, texture",2026-10-02T09:52:38+02:00
39167573,refusée,2026-08-23,68,0,0,non,,"bokeh, france, pau, texture",2026-10-02T09:52:38+02:00
38712880,refusée,2026-07-24,68,0,0,non,,"meditation, zen",2026-10-02T09:52:38+02:00
39532049,refusée,2026-09-15,67,0,0,non,,"architecture, facade, repetition, telefoto",2026-10-02T09:52:38+02:00
39517001,refusée,2026-09-14,67,0,0,non,,"architecture, cordyline, supervision",2026-10-02T09:52:38+02:00
39212505,refusée,2026-08-26,67,0,0,non,,"france, pastel, pau, pyrenees atlantiques, rural",2026-10-02T09:52:38+02:00
39208822,refusée,2026-08-26,67,0,0,non,,"camino de santiago, france, pau, pyrenees atlantiques",2026-10-02T09:52:38+02:00
38674515,refusée,2026-07-22,67,0,0,non,,"france, silhouette",2026-10-02T09:52:38+02:00
39167574,refusée,2026-08-23,66,0,0,non,,"bokeh, france, pau, texture",2026-10-02T09:52:38+02:00
39151962,refusée,2026-08-22,66,0,0,non,,"france, gully, pau, pyrenees atlantiques",2026-10-02T09:52:38+02:00
39151961,refusée,2026-08-22,66,0,0,non,,"bokeh, france, pau, pyrenees atlantiques",2026-10-02T09:52:38+02:00
38688486,refusée,2026-07-22,66,0,0,non,,"france, geraniums, village, villandry",2026-10-02T09:52:38+02:00
38688485,refusée,2026-07-22,66,0,0,non,,"france, village, villandry",2026-10-02T09:52:38+02:00
39151963,refusée,2026-08-22,63,0,0,non,,"france, pau, pyrenees atlantiques, solitude",2026-10-02T09:52:38+02:00
38688488,refusée,2026-07-22,63,0,0,non,,"armistice, commemoration, france, hairy, heritage, memorial, monument to the fallen, sculpture, veteran, villandry",2026-10-02T09:52:38+02:00
39208846,refusée,2026-08-26,62,0,0,non,,"france, macro, pyrenees atlantiques",2026-10-02T09:52:38+02:00
39151960,refusée,2026-08-22,62,0,0,non,,"bokeh, france, pau, pyrenees atlantiques",2026-10-02T09:52:38+02:00
38682316,refusée,2026-07-22,62,0,0,non,,"14 july, architecture, cityhall, drapeau franÃ ais, election, facade, france, french republic, petunias, rf, tricolour, villandry, voting",2026-10-02T09:52:38+02:00
39182178,refusée,2026-08-24,61,0,0,non,,"althea, bokeh, france, hibiscus, hibiscus syriacus, macro, pollen",2026-10-02T09:52:38+02:00
38688484,refusée,2026-07-22,61,0,0,non,,"architecture, france, heritage, rural, village, villandry",2026-10-02T09:52:38+02:00
39182177,refusée,2026-08-24,59,0,0,non,,"bokeh, erosion, france, lichen, pau, pyrenees atlantiques",2026-10-02T09:52:38+02:00
38674517,refusée,2026-07-22,57,0,0,non,,bokeh,2026-10-02T09:52:38+02:00
39881122,refusée,2026-09-29,40,0,0,non,,"crrek, gijon, nature",2026-10-02T09:52:38+02:00
39881120,refusée,2026-09-29,40,0,0,non,,"crrek, gijon, nature",2026-10-02T09:52:38+02:00
39881117,refusée,2026-09-29,37,0,0,non,,"gijon, nature, vintage",2026-10-02T09:52:38+02:00
39881118,refusée,2026-09-29,34,0,0,non,,"crrek, gijon, nature",2026-10-02T09:52:38+02:00
39881113,refusée,2026-09-29,33,0,0,non,,"gijon, nature, zen",2026-10-02T09:52:38+02:00
39903592,refusée,2026-09-29,32,0,0,non,,"architecture, bilbao, casa consistorial, facade, landmamrk",2026-10-02T09:52:38+02:00
39881121,refusée,2026-09-29,32,0,0,non,,"bokeh, crrek, gijon, gliters, nature",2026-10-02T09:52:38+02:00
39881119,refusée,2026-09-29,31,0,0,non,,"gijon, nature, texture",2026-10-02T09:52:38+02:00
39881115,refusée,2026-09-29,31,0,0,non,,"bokeh, crrek, detail, gijon, gliters, nature, rock, texture",2026-10-02T09:52:38+02:00
39881114,refusée,2026-09-29,31,0,0,non,,"bokeh, gijon, lichen, nature, sculpture, statue",2026-10-02T09:52:38+02:00
39903593,refusée,2026-09-29,30,0,0,non,,"bilbao, justice, legal, sculpture, statue",2026-10-02T09:52:38+02:00
39872109,refusée,2026-09-28,30,0,0,non,,"bokeh, nature, parents",2026-10-02T09:52:38+02:00
39881116,refusée,2026-09-29,29,0,0,non,,"bokeh, crrek, gijon, gliters, nature",2026-10-02T09:52:38+02:00
39881112,refusée,2026-09-29,29,0,0,non,,"bokeh, gijon, sculpture, statue, texture",2026-10-02T09:52:38+02:00
39872033,refusée,2026-09-28,29,0,0,non,,"gijon, nature, telefoto",2026-10-02T09:52:38+02:00
39872034,refusée,2026-09-28,28,0,0,non,,"architecture, gijon, heritage, landmamrk, monochrome, whorl",2026-10-02T09:52:38+02:00
39872031,refusée,2026-09-28,28,0,0,non,,"arcaded, architecture, gijon, heritage, monochrome, oculus, texture",2026-10-02T09:52:38+02:00
39872029,refusée,2026-09-28,28,0,0,non,,"gijon, lifestyle, smartphone",2026-10-02T09:52:38+02:00
39903594,refusée,2026-09-29,27,0,0,non,,"bilbao, legal, sculpture, statue",2026-10-02T09:52:38+02:00
39881111,refusée,2026-09-29,27,0,0,non,,"crrek, darth, gijon, nature, texture",2026-10-02T09:52:38+02:00
39881110,refusée,2026-09-29,27,0,0,non,,"gijon, lichen, nature",2026-10-02T09:52:38+02:00
39872032,refusée,2026-09-28,26,0,0,non,,"eucalyptus, gijon, nature, telefoto, villas",2026-10-02T09:52:38+02:00
39872030,refusée,2026-09-28,26,0,0,non,,"architecture, gijon, perspective, texture, tunnel",2026-10-02T09:52:38+02:00
39903591,refusée,2026-09-29,24,0,0,non,,"architecture, bilbao, camino de santiago, casco viejo, catedral de santiago, monochrome, whorl",2026-10-02T09:52:38+02:00
39872028,refusée,2026-09-28,24,0,0,non,,"architecture, archs, corridor, darth, gijon, monochrome",2026-10-02T09:52:38+02:00
