photo,lien,import,titre_site,sûre,probable,écartée
10187408,https://www.pexels.com/photo/10187408/,2021-11-09,Promenade au bord de la Sèvre niortaise avec la flèche de Notre-Dame à Niort,"Quai de la Sèvre, garde-corps noir et flèche unique de l'église Notre-Dame au fond ; titre de l'atelier cohérent avec l'image.",,
21952372,https://www.pexels.com/photo/21952372/,2024-04-20,La vie est belle à Niort,"Titre de l'auteur ; le mug porte « La vie est belle à Niort », en rayon dans une boutique.",,
23409060,https://www.pexels.com/photo/23409060/,2024-05-04,Escalier verdoyant,"Probable, confirmée par Karl Forterre le 28 septembre 2026. Escalier de rocaille à rambardes en faux bois : c'est ce que décrit le Jardin des plantes de Niort ; même import que Saint-André.",,
23409061,https://www.pexels.com/photo/23409061/,2024-05-04,Verdure,"Probable, confirmée par Karl Forterre le 28 septembre 2026. Barque sur une rivière vert émeraude, même import que Saint-André et le marais niortais ; aucun repère.",,
23414381,https://www.pexels.com/photo/23414381/,2024-05-04,Vue majestueuse des flèches néogothiques de l'église Saint-André au-dessus de Niort,Les deux flèches néogothiques de l'église Saint-André au-dessus de la ville et de la Sèvre.,,
23414382,https://www.pexels.com/photo/23414382/,2024-05-04,Vue de l'église Saint-André de Niort avec la Sèvre niortaise au premier plan,"L'église Saint-André et ses deux flèches, la Sèvre niortaise au premier plan.",,
23414383,https://www.pexels.com/photo/23414383/,2024-05-04,Un banc en bois serein entouré d'un feuillage d'automne éclatant dans un parc paisible,"Probable, confirmée par Karl Forterre le 28 septembre 2026. Mot-clé « niort » donné par l'auteur à cette photo (et aux deux vues de Saint-André du même import), mais aucun repère : parc en automne.",,
23414384,https://www.pexels.com/photo/23414384/,2024-05-04,Marais niortais,"Probable, confirmée par Karl Forterre le 28 septembre 2026. Titre de l'auteur « Marais niortais » : le marais commence dans la commune (Saint-Liguaire, Sevreau), mais la photo peut avoir été prise plus loin.",,
31514837,https://www.pexels.com/photo/31514837/,2025-04-06,Marché de Niort,"Titre de l'auteur ; les Halles de Niort, marché couvert de fer et de verre.",,
31514843,https://www.pexels.com/photo/31514843/,2025-04-06,Colonnes,"Probable, confirmée par Karl Forterre le 28 septembre 2026. Colonnade blanche entre les arbres, même matinée que les Halles, Notre-Dame et Port Boinot ; bâtiment non identifié.",,
31514846,https://www.pexels.com/photo/31514846/,2025-04-06,Port Boinot,Titre de l'auteur ; lettres « PO… » de l'inscription PORT BOINOT sur la tour d'eau blanche.,,
31514847,https://www.pexels.com/photo/31514847/,2025-04-06,Amour,"Probable, confirmée par Karl Forterre le 28 septembre 2026. Couple sur un banc au bord de l'eau, garde-corps métallique ; même matinée que les Halles.",,
31514848,https://www.pexels.com/photo/31514848/,2025-04-06,Église matinale,"Flèche gothique flamboyante à clochetons de l'église Notre-Dame, même matinée que les Halles et Port Boinot.",,
31514849,https://www.pexels.com/photo/31514849/,2025-04-06,Paysage brisé,"Flèche unique de Notre-Dame au-dessus des toits, même import que les Halles et Port Boinot.",,
31838328,https://www.pexels.com/photo/31838328/,2025-04-28,Bruit d'église,"Flèche de Notre-Dame au bout d'une rue, échafaudage au pied de la flèche : sa restauration a commencé début 2025 (vivre-a-niort.com).",,
31999682,https://www.pexels.com/photo/31999682/,2025-05-09,Pays merveilleux,"Probable, confirmée par Karl Forterre le 28 septembre 2026. Ruelle en pente entre deux murs de pierre, prise le jour de la façade de Saint-André.",,
31999683,https://www.pexels.com/photo/31999683/,2025-05-09,Église écrasante,"Façade de l'église Saint-André : deux flèches jumelles, rosace, trois portails rouges en haut des marches.",,
32419037,https://www.pexels.com/photo/32419037/,2025-06-04,Miroir de la vie,"Probable, confirmée par Karl Forterre le 28 septembre 2026. Reflets d'arbres dans l'eau d'une rivière, même promenade que « Vue d'un pont » (Saint-André).",,
32419045,https://www.pexels.com/photo/32419045/,2025-06-04,Écluse,"Probable, confirmée par Karl Forterre le 28 septembre 2026. Seuil ou écluse sur une rivière, même promenade que « Vue d'un pont » (Saint-André).",,
32419498,https://www.pexels.com/photo/32419498/,2025-06-04,Vue d'un pont,"Les deux flèches de Saint-André au-dessus de la vieille ville, vues d'un pont.",,
32419525,https://www.pexels.com/photo/32419525/,2025-06-04,Travaux d'église,"Flèche de Notre-Dame sous échafaudage (restauration commencée en 2025), en infrarouge ; même import que « Vue d'un pont ».",,
33035661,https://www.pexels.com/photo/33035661/,2025-07-16,"Les flèches jumelles de l'église Saint-André de Niort, encadrées de verdure en été",Les deux flèches de l'église Saint-André entre les arbres.,,
34354413,https://www.pexels.com/photo/34354413/,2025-10-18,Abandon,"Barque échouée dont la coque porte « PISSOT NIORT » et « NIORT 79 000 » : au Pissot, au bord de la Sèvre.",,
34354417,https://www.pexels.com/photo/34354417/,2025-10-18,MOOD: MONO 1600-U,"Probable, confirmée par Karl Forterre le 28 septembre 2026. Portrait à l'appareil photo, le jour du parc de Saint-André ; haie et allée semblables.",,
34354420,https://www.pexels.com/photo/34354420/,2025-10-18,MOOD: MONO 1600-U,"Probable, confirmée par Karl Forterre le 28 septembre 2026. Portrait à l'appareil photo, même séance que 34354417.",,
34354421,https://www.pexels.com/photo/34354421/,2025-10-18,MOOD: MONO 1600-U,"Probable, confirmée par Karl Forterre le 28 septembre 2026. Muret au bord d'un plan d'eau, en noir et blanc, le jour du parc de Saint-André et de la barque du Pissot.",,
34354423,https://www.pexels.com/photo/34354423/,2025-10-18,MOOD: MONO 1600-U,"Probable, confirmée par Karl Forterre le 28 septembre 2026. Portrait à l'appareil photo, même séance que 34354417.",,
34354424,https://www.pexels.com/photo/34354424/,2025-10-18,"Parc pittoresque à Niort aux couleurs d'automne, avec les flèches de l'église Saint-André","Parc d'automne, les deux flèches de Saint-André au fond ; titre de l'auteur.",,
34354427,https://www.pexels.com/photo/34354427/,2025-10-18,MOOD: PROLOGUE 1600-D,"Probable, confirmée par Karl Forterre le 28 septembre 2026. Égoportrait d'un couple sur une allée jonchée de feuilles, le jour du parc de Saint-André.",,
34354428,https://www.pexels.com/photo/34354428/,2025-10-18,MOOD: PROLOGUE 1600-D,"Probable, confirmée par Karl Forterre le 28 septembre 2026. Égoportrait du même couple, même allée.",,
34408224,https://www.pexels.com/photo/34408224/,2025-10-22,MOOD: APOLLO 800-N,"Mots-clés de l'auteur « breccia » (la Brèche) et « dragon » : un dragon de bronze de la rue Ricard au bord de la place de la Brèche, platanes et colonne Morris.",,
36170132,https://www.pexels.com/photo/36170132/,2026-02-15,"Canards nageant dans un canal en crue sous un pont à Niort, au printemps","Titre de l'auteur ; quai inondé par une crue de la Sèvre, canards sous un pont.",,
38279504,https://www.pexels.com/photo/38279504/,2026-06-25,"Superbe façade de l'hôtel de ville de Niort, drapeaux et architecture classique","Hôtel de ville de Niort, titre et mots-clés de l'auteur (« city hall niort »).",,
38279505,https://www.pexels.com/photo/38279505/,2026-06-25,Vue en noir et blanc d'une promenade bordée d'arbres et de bancs à Niort,"Probable, confirmée par Karl Forterre le 28 septembre 2026. Même promenade du 25 juin 2026 que l'hôtel de ville et les dragons ; titre de l'atelier, sans repère visible.",,
38279506,https://www.pexels.com/photo/38279506/,2026-06-25,"Vue paisible d'un parc de Niort, avec un clocher imposant et de beaux arbres verdoyants",Titre de l'auteur (« Niort Landmark and Park ») ; pelouse et flèche d'église.,,
38279507,https://www.pexels.com/photo/38279507/,2026-06-25,"Des roses blanches devant les dragons de bronze de la rue Ricard, à Niort","Les dragons de bronze de Jacques Hondelatte (1992), rue Ricard et rue du Temple, derrière des roses blanches.",,
38279508,https://www.pexels.com/photo/38279508/,2026-06-25,"Façade de la préfecture des Deux-Sèvres à Niort, drapeaux tricolores","Préfecture des Deux-Sèvres, d'après le titre de l'auteur (« Prefecture ») : grille bleu et or, drapeaux.",,
38279509,https://www.pexels.com/photo/38279509/,2026-06-25,Bas-relief sculpté de la Belle Époque à Niort,Titre de l'auteur (« Bas-Relief Sculpture in Niort »).,,
38279514,https://www.pexels.com/photo/38279514/,2026-06-25,Les fleurs roses d'un arbre à soie ombragent un monument en pierre à Niort,"Probable, confirmée par Karl Forterre le 28 septembre 2026. Même promenade que l'hôtel de ville et les dragons ; square, albizias et stèle non identifiés.",,
38279515,https://www.pexels.com/photo/38279515/,2026-06-25,"Un bus passe devant les dragons de bronze de la rue Ricard, dans le centre de Niort","Dragons de bronze de la rue Ricard et bus urbain ; enseigne du bar Le Ricardo, 35 rue Ricard.",,
38279517,https://www.pexels.com/photo/38279517/,2026-06-25,"Un piéton traverse la rue Ricard, à Niort, entre ses dragons de bronze","Dragons de bronze de la rue Ricard, même endroit que 38279515.",,
38279684,https://www.pexels.com/photo/38279684/,2026-06-25,"Reflet artistique de fleurs et d'un lampadaire dans l'eau, effet onirique sous un ciel dégagé",Titre de l'auteur (« Reflection of Flowers and Lamp Post in Niort ») ; garde-corps fleuri reflété dans l'eau.,,
10187396,https://www.pexels.com/photo/10187396/,2021-11-09,Traînées d'avions croisées dans un ciel bleu au-dessus d'une place de ville,,,"Place et ciel à traînées d'avion : même import que 10187408, mais aucun indice ; Niort ou Poitiers."
10187432,https://www.pexels.com/photo/10187432/,2021-11-09,Barques traditionnelles amarrées le long d'un canal dans le Marais poitevin,,,"Marais poitevin : barques alignées le long d'un quai de village, vu d'un pont (sans doute Coulon ou La Garette), hors de Niort. Rangée dans « Marais poitevin »."
10187589,https://www.pexels.com/photo/10187589/,2021-11-09,Escalier de pierre raide dans une ruelle étroite le long d'un vieux mur,,,"Escalier raide entre de vieux murs : aucun indice, plutôt une ville en coteau comme Poitiers."
10187660,https://www.pexels.com/photo/10187660/,2021-11-09,Traînée d'avion unique dans un ciel bleu dégagé aux nuages légers,,,"Photo de ciel seul, sans aucun bâtiment ni élément au sol permettant de situer le lieu."
10199772,https://www.pexels.com/photo/10199772/,2021-11-10,Vieille maison couverte de lierre aux volets de bois et femme assise devant,,,"Maison et chemin de campagne sans repère identifiable, aucune indication de ville ou de région. Rangée dans « Marais poitevin »."
10220497,https://www.pexels.com/photo/10220497/,2021-11-12,Rivière claire et peu profonde avec une passerelle et le reflet des arbres,,,Cours d'eau boisé sans construction ni repère reconnaissable ; aucun élément ne permet de le situer.
10249058,https://www.pexels.com/photo/10249058/,2021-11-15,Fleur de lotus sacré rose épanouie parmi les capsules et les feuilles,,,Gros plan botanique sans aucun élément d'arrière-plan permettant d'identifier un lieu.
10260382,https://www.pexels.com/photo/10260382/,2021-11-16,Chat roux courant sur un chemin de gravier sous un pont ferroviaire,,,"Scène animalière sous un pont ferroviaire anonyme, sans repère permettant d'identifier la ville."
10273090,https://www.pexels.com/photo/10273090/,2021-11-17,Petit seuil en cascade sous une passerelle métallique,,,Seuil sous une passerelle métallique : aucun indice de lieu.
10281697,https://www.pexels.com/photo/10281697/,2021-11-18,Fleur blanche de liseron des haies parmi les feuilles vertes,,,"Gros plan botanique isolé, sans aucun indice de lieu."
10292593,https://www.pexels.com/photo/10292593/,2021-11-19,Chemin de gravier blanc sinueux entre les arbres verts du marais,,,"Chemin de marais : Marais poitevin, commune inconnue, aucun repère. Rangée dans « Marais poitevin »."
10303311,https://www.pexels.com/photo/10303311/,2021-11-20,Canal paisible bordé d'arbres luxuriants sous un ciel nuageux,,,"Conche bordée d'arbres : Marais poitevin, commune inconnue. Rangée dans « Marais poitevin »."
10310851,https://www.pexels.com/photo/10310851/,2021-11-21,Ponton en bois et petite barque sur une rivière calme reflétant les nuages,,,"Ponton et barque : rivière ou marais, commune inconnue. Rangée dans « Marais poitevin »."
10327809,https://www.pexels.com/photo/10327809/,2021-11-23,L'hôtel de ville de Poitiers et son beffroi sous un ciel bleu profond,,,Poitiers : hôtel de ville et son beffroi. Rangée dans « Poitiers et son pays pictave ».
10347211,https://www.pexels.com/photo/10347211/,2021-11-25,Immeubles de pierre et toits d'ardoise aux cheminées sous des nuages spectaculaires,,,Vue de toits et cheminées sans monument ni repère permettant d'identifier la ville.
10347221,https://www.pexels.com/photo/10347221/,2021-11-25,Rangée de livres politiques et un album de Grup Yorum sur une étagère,,,Nature morte d'intérieur sans aucun indice de lieu.
10355467,https://www.pexels.com/photo/10355467/,2021-11-26,Piéton traversant un carrefour devant un immeuble moderne arrondi,,,Architecture moderne et enseigne de magasin trop génériques pour identifier la ville avec certitude.
10355479,https://www.pexels.com/photo/10355479/,2021-11-26,Chat tigré aux yeux verts assis sur l'asphalte,,,"Portrait animalier très rapproché, sans aucun arrière-plan exploitable."
10365716,https://www.pexels.com/photo/10365716/,2021-11-27,Fleurs blanches de céraiste en gros plan sombre et intimiste,,,"Macro botanique sur fond neutre, aucun indice de lieu."
10368253,https://www.pexels.com/photo/10368253/,2021-11-27,Chat tigré marchant dans une rue résidentielle vu en contre-plongée,,,Rue pavillonnaire anonyme sans repère permettant d'identifier la ville.
10369144,https://www.pexels.com/photo/10369144/,2021-11-27,"Assiette de cannelés dorés et caramélisés, pâtisserie bordelaise",,,"Nature morte culinaire d'intérieur, sans indice de lieu ; le titre évoque l'origine bordelaise de la recette, non le lieu de la photo."
10375506,https://www.pexels.com/photo/10375506/,2021-11-28,Néflier du Japon dans un jardin devant la maison sous un ciel orageux,,,Jardin pavillonnaire générique sans repère de ville.
10384181,https://www.pexels.com/photo/10384181/,2021-11-29,Lampe à ampoule allumée avec des violettes près d'une figurine de fée et de pommes de pin,,,Composition d'intérieur sans aucun indice de lieu.
10394847,https://www.pexels.com/photo/10394847/,2021-11-30,Gros plan de violettes posées sur une ampoule lumineuse,,,"Macro d'intérieur, aucun indice de lieu."
10405558,https://www.pexels.com/photo/10405558/,2021-12-01,Chaton roux se faufilant dans les hautes herbes sèches,,,Scène animalière en pleine nature sans repère de lieu.
10418605,https://www.pexels.com/photo/10418605/,2021-12-02,Rayons de soleil perçant les nuages d'orage au-dessus des toits au coucher du soleil,,,Panorama urbain large mais sans monument ni repère reconnaissable pour identifier la ville.
10431296,https://www.pexels.com/photo/10431296/,2021-12-03,Maquette de Big Ben avec une harpe et un bus londonien rouge miniature,,,"Objets décoratifs d'intérieur évoquant Londres par leur sujet, sans lien avec le lieu réel de la photo."
10443099,https://www.pexels.com/photo/10443099/,2021-12-04,"L'église Notre-Dame-la-Grande de Poitiers et son clocher roman, dans un éclat de soleil",,,Poitiers : Notre-Dame-la-Grande. Rangée dans « Poitiers et son pays pictave ».
10452966,https://www.pexels.com/photo/10452966/,2021-12-05,Grille de fer rouillée devant un bâtiment sombre à l'escalier de béton,,,"Intérieur ou cour d'un bâtiment anonyme, sans enseigne ni repère permettant d'identifier le lieu."
10459984,https://www.pexels.com/photo/10459984/,2021-12-06,"Profil d'un chat tigré et blanc au repos, les yeux fermés",,,Portrait animalier rapproché sans arrière-plan identifiable.
10473138,https://www.pexels.com/photo/10473138/,2021-12-07,Rue commerçante étroite et déserte la nuit avec pavés et lanternes,,,Rue ancienne de nuit sans enseigne lisible ni monument permettant d'identifier la ville.
10486478,https://www.pexels.com/photo/10486478/,2021-12-08,Voiture blanche garée près de conteneurs de recyclage sous des arbres d'automne,,,"Scène de rue résidentielle générique, conteneurs de tri sans indication de ville."
10504042,https://www.pexels.com/photo/10504042/,2021-12-10,Feuilles de lierre au premier plan d'une pelouse ensoleillée et d'une serre,,,Serre et pelouse : aucun indice de lieu (Niort ou Poitiers).
10515562,https://www.pexels.com/photo/10515562/,2021-12-11,Berge ensoleillée bordée d'arbres et de feuilles mortes à la fin de l'été,,,Mot-clé « vienna » (la Vienne) : berge hors de Niort.
10524139,https://www.pexels.com/photo/10524139/,2021-12-12,Tronc et pneumatophores d'un cyprès chauve au bord d'une rivière,,,"Mot-clé « vienna » (la Vienne) : cyprès chauve au bord d'une rivière, hors de Niort."
10524140,https://www.pexels.com/photo/10524140/,2021-12-12,Arche de rocaille au-dessus d'une allée dans un jardin romantique,,,"Arche de rocaille, photographiée le jour du cyprès chauve « vienna » : sans doute dans la Vienne."
10535792,https://www.pexels.com/photo/10535792/,2021-12-13,Coucou en bois sculpté orné d'un oiseau avec ses poids en pomme de pin,,,Objet décoratif d'intérieur sans lien avec un lieu précis.
10535821,https://www.pexels.com/photo/10535821/,2021-12-13,Panier en osier rempli de noix et personnes masquées dans une cour,,,Scène de marché ou de cour sans enseigne ni repère permettant d'identifier le lieu.
10543529,https://www.pexels.com/photo/10543529/,2021-12-14,Cime d'un sapin de Noël avec guirlandes rouges et guirlande lumineuse,,,"Décoration de Noël d'intérieur, aucun indice de lieu."
10556063,https://www.pexels.com/photo/10556063/,2021-12-15,Salicaire en fleurs sur une berge de rivière sous un ciel d'été nuageux,,,Salicaire au bord d'une large rivière : aucun indice de lieu. Rangée dans « Marais poitevin ».
10556139,https://www.pexels.com/photo/10556139/,2021-12-15,Figurine de héros elfe de jeu vidéo avec épée et bouclier parmi des pommes de pin,,,"Nature morte de figurine d'intérieur, aucun indice de lieu."
10565065,https://www.pexels.com/photo/10565065/,2021-12-16,Bouquet de roses fanées dans un vase en verre en noir et blanc,,,"Nature morte d'intérieur en noir et blanc, sans indice de lieu."
10572711,https://www.pexels.com/photo/10572711/,2021-12-17,Lierre rouge et vert grimpant sur un mur de pierre le long d'une route,,,Mur et trottoir génériques sans repère permettant d'identifier la ville.
10581933,https://www.pexels.com/photo/10581933/,2021-12-18,Grande roue du marché de Noël devant l'hôtel de ville de Poitiers,,,Poitiers : grande roue du marché de Noël devant l'hôtel de ville. Rangée dans « Poitiers et son pays pictave ».
10591398,https://www.pexels.com/photo/10591398/,2021-12-19,Homme blond de profil près d'un saule pleureur dans un parc,,,"Portrait dans un parc non identifiable, aucun monument ni repère de lieu."
10597431,https://www.pexels.com/photo/10597431/,2021-12-20,Gros plan sur des fleurs roses de valériane rouge,,,Cadrage macro serré sur des fleurs sans aucun élément d'arrière-plan identifiable.
10606945,https://www.pexels.com/photo/10606945/,2021-12-21,Ampoule transparente et fleurs violettes vues à travers un grillage,,,"Nature morte de jardin cadrée en gros plan, sans aucun repère de lieu."
10618206,https://www.pexels.com/photo/10618206/,2021-12-22,"Pont routier en béton reflété dans une rivière calme, en noir et blanc",,,Pont en béton moderne sans caractère distinctif ni bâtiment reconnaissable pour situer le lieu.
10625741,https://www.pexels.com/photo/10625741/,2021-12-23,Croustillant de feuille de brick sur salade mélangée et pousses de betterave,,,"Photo culinaire prise en salle de restaurant, sans indice de lieu géographique."
10634272,https://www.pexels.com/photo/10634272/,2021-12-24,Tranches de terrine de campagne avec cornichons et pousses de betterave,,,"Photo culinaire de restaurant, aucun élément ne permet de situer le lieu."
10634288,https://www.pexels.com/photo/10634288/,2021-12-24,Tronc d'arbre couvert de lierre dans une végétation luxuriante au bord d'une rivière,,,"Cadrage rapproché sur la végétation, sans quai ni bâtiment permettant d'identifier l'endroit."
10644428,https://www.pexels.com/photo/10644428/,2021-12-25,"Vieil escalier en béton couvert de feuilles mortes, soleil éblouissant près d'un immeuble",,,"Immeuble résidentiel anonyme, sans enseigne ni détail architectural reconnaissable."
10644439,https://www.pexels.com/photo/10644439/,2021-12-25,Maquette de voilier prise dans la banquise sous une lumière bleue,,,"Scène de diorama en intérieur, sans indice permettant d'identifier le musée."
10652195,https://www.pexels.com/photo/10652195/,2021-12-26,Pneumatophores noueux d'un cyprès chauve au bord d'une rivière,,,"Gros plan naturaliste sur des racines, sans bâtiment ni repère de lieu."
10652212,https://www.pexels.com/photo/10652212/,2021-12-26,Pêcheur à la ligne sur une berge verdoyante bordée de grands arbres,,,"Berge de rivière ordinaire, sans élément architectural permettant de reconnaître le lieu. Rangée dans « Marais poitevin »."
10659494,https://www.pexels.com/photo/10659494/,2021-12-27,Lac reflétant un ciel nuageux avec des feuilles mortes sur la rive,,,Paysage de lac ou d'étang sans construction ni repère permettant de le situer.
10669795,https://www.pexels.com/photo/10669795/,2021-12-28,Portrait d'un chat tigré fixant l'objectif sur fond flou,,,"Portrait animalier en intérieur, sans aucun indice de lieu."
10683520,https://www.pexels.com/photo/10683520/,2021-12-30,"Décoration de Noël avec nœud vichy rouge, baies de houx et guirlande dorée",,,"Nature morte décorative en intérieur, sans aucun indice de lieu."
10688244,https://www.pexels.com/photo/10688244/,2021-12-30,Gros plan sur une fleur de glycine posée sur des cristaux d'améthyste,,,"Nature morte macro, sans aucun élément de décor extérieur."
10699313,https://www.pexels.com/photo/10699313/,2022-01-01,Portrait en noir et blanc d'un chat tigré curieux,,,"Portrait animalier en intérieur, sans indice de lieu."
10714439,https://www.pexels.com/photo/10714439/,2022-01-02,Grand ours en peluche sur un banc en bois avec peluches et coussin,,,"Scène domestique en intérieur, aucun repère de lieu extérieur."
10745565,https://www.pexels.com/photo/10745565/,2022-01-04,Feuilles sèches brunes sur l'herbe et le gravier vues du dessus,,,"Gros plan au sol, sans aucun élément permettant d'identifier le lieu."
10757956,https://www.pexels.com/photo/10757956/,2022-01-05,Arbres nus bordant une rue résidentielle aux toits de tuiles en hiver,,,"Rue pavillonnaire ordinaire, sans enseigne ni repère architectural distinctif."
10767076,https://www.pexels.com/photo/10767076/,2022-01-06,Vieux pont de pierre en arche sur une petite rivière dans une ville en pierre calcaire,,,"Pont de pierre sur une petite rivière dans une ville calcaire : ville non identifiée, rien de Niort."
10804000,https://www.pexels.com/photo/10804000/,2022-01-10,Déversoir de rivière sous une passerelle en bois près d'un ancien moulin,,,Seuil sous une passerelle de bois près d'un vieux moulin : aucun indice de lieu.
10815620,https://www.pexels.com/photo/10815620/,2022-01-11,Chat tigré et blanc assis sur un balcon près d'une chaise blanche,,,"Portrait animalier sur un balcon anonyme, sans repère de lieu."
10815633,https://www.pexels.com/photo/10815633/,2022-01-11,Gros plan sur des tuiles de jeu blanches retournées aux logos en relief,,,"Nature morte d'objets en intérieur, sans indice de lieu."
10879428,https://www.pexels.com/photo/10879428/,2022-01-17,Couette blanche sur un lit devant des rideaux gris,,,"Scène intérieure de chambre, aucun indice de lieu extérieur."
10879440,https://www.pexels.com/photo/10879440/,2022-01-17,Tuile de rami numéro 11 dressée sur une table en bois,,,"Nature morte de jeu de société en intérieur, sans indice de lieu."
10959904,https://www.pexels.com/photo/10959904/,2022-01-24,Bougie allumée à la cire jaune dans un pot en verre dépoli,,,"Nature morte en intérieur dans la pénombre, sans indice de lieu."
11017570,https://www.pexels.com/photo/11017570/,2022-01-30,Bonhomme de neige en chaussette devant une cagette d'agrumes du Maroc au soleil imprimé,,,"Objet artisanal photographié près d'une fenêtre intérieure, sans indice de lieu."
11039264,https://www.pexels.com/photo/11039264/,2022-02-01,Statue de Bouddha rieur tenant un lingot d'or devant un sapin de Noël,,,"Nature morte décorative en intérieur, sans indice de lieu."
11041007,https://www.pexels.com/photo/11041007/,2022-02-01,Figurine cubique de jeu vidéo au casque de diamant tenant un paquet de bonbons,,,"Nature morte d'objet en intérieur, sans indice de lieu."
11294895,https://www.pexels.com/photo/11294895/,2022-02-25,Lecteur des Lettres françaises,,,Portrait posé où la maison floue en arrière-plan ne permet d'identifier aucun lieu précis.
11323389,https://www.pexels.com/photo/11323389/,2022-02-28,Découverte de Thrace,,,"Portrait posé avec mur et toiture anonymes en arrière-plan, aucun repère de lieu précis."
11496894,https://www.pexels.com/photo/11496894/,2022-03-16,Boule à neige,,,"Nature morte en intérieur, sans indice de lieu."
11496895,https://www.pexels.com/photo/11496895/,2022-03-16,Fleur de papiers,,,"Nature morte artisanale en intérieur, sans indice de lieu."
11497005,https://www.pexels.com/photo/11497005/,2022-03-16,Sombres nouvelles : Lettres françaises,,,"Portrait posé en extérieur avec sol et mur anonymes, sans repère de lieu identifiable."
11497006,https://www.pexels.com/photo/11497006/,2022-03-16,Lettres françaises : découverte,,,"Portrait où seul un ciel surexposé apparaît en fond, sans indice de lieu."
11497007,https://www.pexels.com/photo/11497007/,2022-03-16,Où donner de la tête?,,,"Montage artistique en surimpression, sans aucun élément de décor identifiable."
11497008,https://www.pexels.com/photo/11497008/,2022-03-16,Assoupi sous les Lettres françaises,,,"Portrait posé en clair-obscur, sans arrière-plan identifiable."
11497009,https://www.pexels.com/photo/11497009/,2022-03-16,Prise d'information : Lettres françaises,,,"Portrait rapproché où seul un coin de ciel est visible, sans repère de lieu."
11497010,https://www.pexels.com/photo/11497010/,2022-03-16,Lettre du journal : Lettres françaises,,,Montage en surimpression sans aucun élément de décor identifiable.
11876963,https://www.pexels.com/photo/11876963/,2022-04-20,Sur les quais du Covid,,,"Quai de gare anonyme, sans bâtiment ni enseigne permettant d'identifier la ville."
11891040,https://www.pexels.com/photo/11891040/,2022-04-21,Canards,,,Canards dans un parc : aucun indice de lieu.
11897639,https://www.pexels.com/photo/11897639/,2022-04-22,Colvert,,,Canard colvert dans un parc : aucun indice de lieu.
11897642,https://www.pexels.com/photo/11897642/,2022-04-22,Bourse du travail,,,Bourse du travail : ville non identifiée (Niort et Poitiers en ont une).
11906092,https://www.pexels.com/photo/11906092/,2022-04-23,Paire de duo,,,Esplanade moderne à contre-jour : ville non identifiée.
11932587,https://www.pexels.com/photo/11932587/,2022-04-25,Mairie renversée,,,"Poitiers : hôtel de ville (même beffroi et même place que 10327809), et non celui de Niort. Rangée dans « Poitiers et son pays pictave »."
11938837,https://www.pexels.com/photo/11938837/,2022-04-26,Jeux d'Octaves,,,"Instrument photographié en intérieur, sans indice de lieu."
11946983,https://www.pexels.com/photo/11946983/,2022-04-27,Un ciel de gare,,,Gare sous un grand ciel : ville non identifiée.
11961131,https://www.pexels.com/photo/11961131/,2022-04-28,Au crépuscule,,,"Cadre resserré sur des fleurs, sans le moindre repère de lieu."
11968793,https://www.pexels.com/photo/11968793/,2022-04-29,Tapis de rêves,,,"Simple gros plan au sol, aucun indice de lieu."
11968816,https://www.pexels.com/photo/11968816/,2022-04-29,Entre deux barrières,,,"Prairie et clôture ordinaires, sans bâtiment ni repère permettant de situer le lieu."
11978981,https://www.pexels.com/photo/11978981/,2022-04-30,Église lugubre,,,Clocher isolé sans façade ni environnement visibles ; ne correspond ni aux deux flèches de Saint-André ni à la flèche unique de Notre-Dame.
11991308,https://www.pexels.com/photo/11991308/,2022-05-01,Tiges sous cloche,,,"Intérieur de serre de jardin, aucun indice de lieu."
11999253,https://www.pexels.com/photo/11999253/,2022-05-02,Cadre et cheval,,,"Champ rural anonyme, sans bâtiment ni repère identifiable."
11999254,https://www.pexels.com/photo/11999254/,2022-05-02,Vieilles racines,,,"Paysage de champ générique, aucun repère de lieu."
11999255,https://www.pexels.com/photo/11999255/,2022-05-02,Arrosoir,,,"Objet de jardin en gros plan, aucun indice de lieu."
12063477,https://www.pexels.com/photo/12063477/,2022-05-07,Église édifiante,,,"Église non identifiée, de plan et de clocher différents de Saint-André et Notre-Dame de Niort ; aucun nom ni repère ne permet de la situer."
12073837,https://www.pexels.com/photo/12073837/,2022-05-08,Ciel et pavés,,,Même jour que le Vaisseau Moebius : sans doute Angoulême.
12073840,https://www.pexels.com/photo/12073840/,2022-05-08,Pont vers la nature,,,Même jour que le Vaisseau Moebius : sans doute Angoulême.
12073895,https://www.pexels.com/photo/12073895/,2022-05-08,Moebius,,,"Angoulême : le Vaisseau Moebius, à la Cité internationale de la bande dessinée."
12076681,https://www.pexels.com/photo/12076681/,2022-05-09,"Façade élégante d'un bâtiment historique à Angoulême, sous un ciel bleu vif",,,"Seul indice textuel : « aquitaine », « nouvelle-aquitaine », sans rapport avec Niort ; la photo montre : Façade élégante d'un bâtiment historique à Angoulême, sous un ciel bleu vif."
12441049,https://www.pexels.com/photo/12441049/,2022-06-09,Kawa,,,"Scène d'intérieur, aucun indice de lieu."
12443176,https://www.pexels.com/photo/12443176/,2022-06-09,Toits pictaves,,,Poitiers : titre de l'auteur (« pictaves »). Rangée dans « Poitiers et son pays pictave ».
12453008,https://www.pexels.com/photo/12453008/,2022-06-10,La caravane passe,,,"Gros plan sur un chat et une porte, sans rue ni monument visible."
12461417,https://www.pexels.com/photo/12461417/,2022-06-11,Une merveille face à la beauté,,,"Poitiers (probable), vue sur la ville depuis un point haut : Même point de vue en surplomb sur un coteau boisé que les photos suivantes du même séjour où la cathédrale de Poitiers est identifiable ; aucun repère de Niort, ville plutôt plane le long de la Sèvre. Rangée dans « Poitiers et son pays pictave »."
12473274,https://www.pexels.com/photo/12473274/,2022-06-12,"Chat noir, vitrine d'espoir",,,"Portrait de chat en intérieur, aucun indice de lieu."
12473320,https://www.pexels.com/photo/12473320/,2022-06-12,Bouquet citadin,,,"Poitiers (probable), vue sur la ville avec un clocher : Même coteau urbain que les autres vues de ce séjour de juin 2022, dont la cathédrale de Poitiers voisine est confirmée ; aucun repère niortais visible. Rangée dans « Poitiers et son pays pictave »."
12484797,https://www.pexels.com/photo/12484797/,2022-06-13,Écrin verdoyant,,,Poitiers : cathédrale Saint-Pierre. Rangée dans « Poitiers et son pays pictave ».
12484812,https://www.pexels.com/photo/12484812/,2022-06-13,Canarded,,,"Détail de mur taggé, sans bâtiment ni rue permettant d'identifier un lieu."
12496931,https://www.pexels.com/photo/12496931/,2022-06-14,Ciel vacant,,,"Poitiers (probable), vue sur la ville : Même vue de coteau urbain que les photos voisines de ce séjour, dont la cathédrale de Poitiers est identifiée ; rien n'évoque Niort. Rangée dans « Poitiers et son pays pictave »."
12516756,https://www.pexels.com/photo/12516756/,2022-06-16,Sculpture pictave,,,Poitiers : titre de l'auteur (« pictave »). Rangée dans « Poitiers et son pays pictave ».
12581745,https://www.pexels.com/photo/12581745/,2022-06-23,Défiant le ciel,,,"Poitiers (probable), clocher non identifié avec précision : Photo du même jour que la vue de coteau confirmée à Poitiers ; le clocher ne correspond à aucun repère de Niort mais n'a pas pu être identifié avec certitude. Rangée dans « Poitiers et son pays pictave »."
12581896,https://www.pexels.com/photo/12581896/,2022-06-23,Invasion végétale,,,"Poitiers (probable), vue sur la ville à travers le lierre : Reprend le même point de vue en surplomb sur la ville-coteau que les autres photos de ce séjour, identifié à Poitiers par la cathédrale voisine. Rangée dans « Poitiers et son pays pictave »."
13041926,https://www.pexels.com/photo/13041926/,2022-07-31,Lac éclatant,,,"Seul indice textuel : « souche », sans rapport avec Niort ; la photo montre : Lac éclatant."
13296675,https://www.pexels.com/photo/13296675/,2022-08-20,Racine,,,"Seul indice textuel : « souche », sans rapport avec Niort ; la photo montre : Racine."
13628612,https://www.pexels.com/photo/13628612/,2022-09-13,Poulet,,,"Portrait animalier en gros plan, décor de basse-cour non identifiable."
13628723,https://www.pexels.com/photo/13628723/,2022-09-13,Guide félin,,,"Portrait animalier rapproché, sans décor identifiable."
13651457,https://www.pexels.com/photo/13651457/,2022-09-15,Duo d'explorateur,,,"Eau verte pouvant évoquer le marais niortais, mais sans berge aménagée ni repère bâti ; la présence de paons et d'un cygne noir dans le même import évoque plutôt un parc animalier."
13651490,https://www.pexels.com/photo/13651490/,2022-09-15,Jeune face au monde,,,"Portrait animalier au bord de l'eau, aucun repère de lieu."
13673391,https://www.pexels.com/photo/13673391/,2022-09-17,Fuyard,,,"La présence d'un cygne noir, espèce ornementale, suggère un parc animalier plutôt qu'un repère précis de Niort ; aucun bâtiment visible."
13673404,https://www.pexels.com/photo/13673404/,2022-09-17,Bain,,,"Scène animalière resserrée sur l'eau, sans le moindre repère de lieu."
13673408,https://www.pexels.com/photo/13673408/,2022-09-17,Saint Vincent,,,"Saint-Malo (Bretagne), cathédrale Saint-Vincent : Le titre « Saint Vincent » et les mots-clés « bretagne, san malo » désignent la cathédrale Saint-Vincent de Saint-Malo."
13679682,https://www.pexels.com/photo/13679682/,2022-09-18,Heure du goûter,,,Scène rapprochée sans décor identifiable.
13679728,https://www.pexels.com/photo/13679728/,2022-09-18,Ovidé,,,"Portrait animalier en pleine végétation, aucun indice de lieu."
13679752,https://www.pexels.com/photo/13679752/,2022-09-18,Paon,,,"Portrait animalier, aucun élément bâti ; oiseau plutôt typique d'un parc que de la nature niortaise."
16093235,https://www.pexels.com/photo/16093235/,2023-03-26,Plum 23,,,"Portrait de chat en intérieur, aucun indice de lieu."
16101436,https://www.pexels.com/photo/16101436/,2023-03-27,"Lutte, encore et toujours !",,,"Poitiers (probable), manifestation contre la réforme des retraites : Manifestation de mars 2023 sans repère de Niort ; le même cortège comprend une pancarte mentionnant Poitiers (voir photo 16101474). Rangée dans « Poitiers et son pays pictave »."
16101468,https://www.pexels.com/photo/16101468/,2023-03-27,Drapeau rouge,,,"Poitiers (probable), manifestation contre la réforme des retraites : Même cortège que les autres photos du 27 mars 2023, situé à Poitiers par une pancarte voisine. Rangée dans « Poitiers et son pays pictave »."
16101474,https://www.pexels.com/photo/16101474/,2023-03-27,60 ans,,,"Poitiers (probable), manifestation contre la réforme des retraites : Une pancarte du cortège porte un texte se terminant par « TIERS », vraisemblablement « POITIERS », qui situe la manifestation. Rangée dans « Poitiers et son pays pictave »."
16113052,https://www.pexels.com/photo/16113052/,2023-03-28,La lutte,,,"Poitiers (probable), manifestation contre la réforme des retraites : Suite du même cortège des 27 et 28 mars 2023 rattaché à Poitiers ; la rue résidentielle et son panneau triangulaire ne portent aucun nom de ville lisible. Rangée dans « Poitiers et son pays pictave »."
16113112,https://www.pexels.com/photo/16113112/,2023-03-28,Manifestation,,,"Poitiers (probable), manifestation contre la réforme des retraites : Suite du même cortège du 28 mars 2023 rattaché à Poitiers, sans repère propre à Niort. Rangée dans « Poitiers et son pays pictave »."
16141463,https://www.pexels.com/photo/16141463/,2023-03-30,Poing levé,,,"Poitiers (probable), manifestation contre la réforme des retraites : Même mobilisation de fin mars 2023 que les photos précédentes, rattachée à Poitiers, sans élément propre à Niort. Rangée dans « Poitiers et son pays pictave »."
16141472,https://www.pexels.com/photo/16141472/,2023-03-30,Rouge,,,"Poitiers (probable), manifestation contre la réforme des retraites : Bâtiment moderne non identifiable avec certitude, mais même cortège que le reste de la série rattachée à Poitiers. Rangée dans « Poitiers et son pays pictave »."
16141476,https://www.pexels.com/photo/16141476/,2023-03-30,Sous un drapeau rouge,,,"Poitiers (probable), manifestation contre la réforme des retraites : Suite du même cortège de fin mars 2023 situé à Poitiers, aucune enseigne ne mentionne Niort. Rangée dans « Poitiers et son pays pictave »."
16141501,https://www.pexels.com/photo/16141501/,2023-03-30,Rouge,,,"Poitiers (probable), manifestation contre la réforme des retraites : Dernière image du même cortège de fin mars 2023 rattaché à Poitiers, sans repère propre à Niort. Rangée dans « Poitiers et son pays pictave »."
17734823,https://www.pexels.com/photo/17734823/,2023-07-26,Mont-Dol,,,"Mont-Dol (Bretagne) : Titre et mots-clés (bretagne, lac) désignent Mont-Dol, sans rapport avec Niort."
17768573,https://www.pexels.com/photo/17768573/,2023-07-28,Pont pictave,,,Poitiers : titre de l'auteur (« pictave »). Rangée dans « Poitiers et son pays pictave ».
17768576,https://www.pexels.com/photo/17768576/,2023-07-28,Romance verte,,,"Aucun repère niortais (pas de quai pavé ni de garde-corps noir) ; rivière et moulin non identifiés, photographiés le même jour que « Pont pictave ». Rangée dans « Poitiers et son pays pictave »."
18099951,https://www.pexels.com/photo/18099951/,2023-08-23,Maraîchines,,,"Vaches maraîchines : Marais poitevin, commune inconnue. Rangée dans « Marais poitevin »."
18100443,https://www.pexels.com/photo/18100443/,2023-08-23,La femme aux trois boucles,,,"Portrait rapproché en intérieur, aucun indice de lieu."
18458017,https://www.pexels.com/photo/18458017/,2023-09-21,Étudiant sur sa route,,,Poitiers : bus Vitalis à destination d'Édith Augustin. Rangée dans « Poitiers et son pays pictave ».
18780101,https://www.pexels.com/photo/18780101/,2023-10-17,"Limoges, Limoges",,,"Limoges : Titre explicite désignant Limoges, ville distincte de Niort et de Poitiers."
18890794,https://www.pexels.com/photo/18890794/,2023-10-26,Cathédrale de Poitiers,,,Poitiers : cathédrale Saint-Pierre. Rangée dans « Poitiers et son pays pictave ».
18890798,https://www.pexels.com/photo/18890798/,2023-10-26,Cathédrale au matin,,,Poitiers : cathédrale Saint-Pierre au matin. Rangée dans « Poitiers et son pays pictave ».
18890846,https://www.pexels.com/photo/18890846/,2023-10-26,Présage d'automne,,,"Poitiers (probable), bords du Clain : Bord de rivière boisé sans repère de Niort, importé le même jour que les deux photos de la cathédrale de Poitiers. Rangée dans « Poitiers et son pays pictave »."
18890872,https://www.pexels.com/photo/18890872/,2023-10-26,Marches sur l'automne,,,"Poitiers (probable), jardin au bord de l'eau : Escalier de jardin sans repère de Niort, daté du même import que les photos de la cathédrale de Poitiers du 26 octobre 2023. Rangée dans « Poitiers et son pays pictave »."
18890960,https://www.pexels.com/photo/18890960/,2023-10-26,Compostez,,,"Simple mobilier de parc en gros plan, aucun indice de lieu."
18890989,https://www.pexels.com/photo/18890989/,2023-10-26,Pont,,,"Sous-bois générique sans aucun repère architectural, impossible à situer précisément."
18890991,https://www.pexels.com/photo/18890991/,2023-10-26,Barreaux,,,"Cadrage serré sur un treillage métallique et des feuillages, aucun indice de lieu."
18890992,https://www.pexels.com/photo/18890992/,2023-10-26,Saint,,,"Poitiers (probable), église non identifiée : Église moderne sans les deux flèches de Saint-André ni la flèche flamboyante de Notre-Dame de Niort ; importée durant l'excursion du 26 octobre 2023 à Poitiers. Rangée dans « Poitiers et son pays pictave »."
18890993,https://www.pexels.com/photo/18890993/,2023-10-26,"Nature, encore et toujours",,,"Sous-bois générique sans aucun repère, même série que « Pont »."
18890994,https://www.pexels.com/photo/18890994/,2023-10-26,Brut,,,"Détail d'objet en gros plan, aucun indice de lieu."
18890995,https://www.pexels.com/photo/18890995/,2023-10-26,Jaune,,,"Gros plan aquatique en intérieur ou bassin, aucun indice de lieu."
18935321,https://www.pexels.com/photo/18935321/,2023-10-30,Bijoux d’éducation,,,"Nature morte en intérieur, aucun indice de lieu."
18964815,https://www.pexels.com/photo/18964815/,2023-11-01,Façade et campanile de l'hôtel de ville de Poitiers avec drapeaux sous un ciel d'orage,,,Poitiers : hôtel de ville et son beffroi. Rangée dans « Poitiers et son pays pictave ».
18986604,https://www.pexels.com/photo/18986604/,2023-11-02,Pluie pistage,,,"Poitiers (probable), rue ancienne : Rue d'une vieille ville sans repère de Niort, importée durant la période consacrée à Poitiers (2 novembre 2023). Rangée dans « Poitiers et son pays pictave »."
18994935,https://www.pexels.com/photo/18994935/,2023-11-03,En déplacement,,,"Intérieur de centre commercial sans enseigne identifiable, aucun indice de lieu."
18998193,https://www.pexels.com/photo/18998193/,2023-11-03,Élégance fantomatique,,,"Intérieur flouté par surimpression, aucun indice de lieu."
19047671,https://www.pexels.com/photo/19047671/,2023-11-07,Portraits sans visages,,,"Intérieur de magasin générique, aucun indice de lieu."
19047674,https://www.pexels.com/photo/19047674/,2023-11-07,Statue de la liberté,,,"Poitiers (probable), statue-lampadaire : Statue urbaine sans repère de Niort, importée durant l'excursion à Poitiers du 7 novembre 2023. Rangée dans « Poitiers et son pays pictave »."
19047675,https://www.pexels.com/photo/19047675/,2023-11-07,Déchets,,,"Poitiers (probable), rue ancienne : Rue générique sans repère de Niort, importée le même jour que la vue explicite d'une rue de Poitiers. Rangée dans « Poitiers et son pays pictave »."
19047677,https://www.pexels.com/photo/19047677/,2023-11-07,Verdoyant,,,"Gros plan végétal, aucun indice de lieu."
19047680,https://www.pexels.com/photo/19047680/,2023-11-07,Femmes passant devant un mur de pierre sous un clocher,,,Poitiers (import du 7 novembre 2023) : clocher d'ardoise à clochetons verts. Rangée dans « Poitiers et son pays pictave ».
19047681,https://www.pexels.com/photo/19047681/,2023-11-07,"Vue aérienne en noir et blanc d'un train en gare, symbole du transport urbain",,,"Poitiers, gare (probable) : Photo de gare correspondant à celle annoncée pour l'import consacré à Poitiers (cathédrale, hôtel de ville, gare), sans rapport avec Niort. Rangée dans « Poitiers et son pays pictave »."
19047682,https://www.pexels.com/photo/19047682/,2023-11-07,Soleil sans éclairage,,,"Cadrage uniquement sur le ciel et un lampadaire, aucun indice de lieu."
19047688,https://www.pexels.com/photo/19047688/,2023-11-07,"Une rue animée de Poitiers, entre architecture moderne et classique",,,Poitiers : titre de l'auteur. Rangée dans « Poitiers et son pays pictave ».
19047689,https://www.pexels.com/photo/19047689/,2023-11-07,Mégot,,,"Gros plan sur un détail de pavement, aucun indice de lieu."
19059606,https://www.pexels.com/photo/19059606/,2023-11-08,Station,,,"Détail d'objet vintage, aucun indice de lieu."
19059623,https://www.pexels.com/photo/19059623/,2023-11-08,Homme en costume sur un escalator extérieur en noir et blanc,,,"Poitiers (probable), escalier mécanique extérieur : Escalier mécanique en plein air lié au relief de la vieille ville, importé durant la période consacrée à Poitiers (8 novembre 2023) ; aucun repère de Niort. Rangée dans « Poitiers et son pays pictave »."
19059624,https://www.pexels.com/photo/19059624/,2023-11-08,Un homme perdu,,,"Hall intérieur générique, aucun indice de lieu."
19059625,https://www.pexels.com/photo/19059625/,2023-11-08,Fracture,,,"Gros plan abstrait sur du verre brisé, aucun indice de lieu."
19059634,https://www.pexels.com/photo/19059634/,2023-11-08,Soleil perçant,,,"Poitiers (probable), toits : Toits sans repère de Niort, importés durant la période consacrée à Poitiers (8 novembre 2023). Rangée dans « Poitiers et son pays pictave »."
19059635,https://www.pexels.com/photo/19059635/,2023-11-08,Balcon Pictave,,,Poitiers : titre de l'auteur (« pictave »). Rangée dans « Poitiers et son pays pictave ».
19059636,https://www.pexels.com/photo/19059636/,2023-11-08,Essence,,,"Détail d'objet vintage, aucun indice de lieu."
19059637,https://www.pexels.com/photo/19059637/,2023-11-08,Briques,,,"Texture de mur en gros plan, aucun indice de lieu."
19059638,https://www.pexels.com/photo/19059638/,2023-11-08,Mur de couleurs,,,"Toiture végétalisée en gros plan, aucun indice de lieu permettant de la situer."
19059639,https://www.pexels.com/photo/19059639/,2023-11-08,Branche d'épicéa chargée de cônes au-dessus d'un toit de tuiles,,,"Gros plan végétal, aucun indice de lieu."
19059640,https://www.pexels.com/photo/19059640/,2023-11-08,Branches d'abélia en fleurs devant des poteaux de clôture rouges,,,"Gros plan végétal en jardin, aucun indice de lieu."
21906951,https://www.pexels.com/photo/21906951/,2024-04-19,Tour de pierre,,,"Tour contemporaine non identifiée, sans ressemblance avec le donjon ni avec la tour d'eau de Port Boinot."
21906959,https://www.pexels.com/photo/21906959/,2024-04-19,Un ciel bleuté,,,"Clocher d'ardoise à clochetons verts, le même qu'à Poitiers sur 19047680 : pas Notre-Dame de Niort. Rangée dans « Poitiers et son pays pictave »."
21952373,https://www.pexels.com/photo/21952373/,2024-04-20,Cuisine française,,,"Intérieur domestique générique, aucun indice de lieu."
21992006,https://www.pexels.com/photo/21992006/,2024-04-21,Printemps me voici,,,"Aucun repère architectural ni indication de ville, seulement une fleur, de la végétation et un rail flou en arrière-plan."
21992034,https://www.pexels.com/photo/21992034/,2024-04-21,Rencontre du marais,,,"Champ et bâtiments de ferme non identifiables, aucun repère de Niort ni d'un autre lieu nommé ; le marais du titre n'est pas visible à l'image. Rangée dans « Marais poitevin »."
21992037,https://www.pexels.com/photo/21992037/,2024-04-21,La vie à la ferme,,,"Scène de campagne (pré, homme, chat) sans bâtiment ni monument permettant de reconnaître un lieu précis. Rangée dans « Marais poitevin »."
21992039,https://www.pexels.com/photo/21992039/,2024-04-21,Il marche,,,"Simple trottoir pavé sans commerce ni façade identifiable, aucun indice permettant de situer la scène."
22125754,https://www.pexels.com/photo/22125754/,2024-04-22,Opalisque,,,"Image abstraite d'objet en intérieur, sans aucun élément de paysage ou d'architecture."
22125755,https://www.pexels.com/photo/22125755/,2024-04-22,Cherche le jour,,,"Bâtiments à l'arrière-plan trop flous et génériques pour être identifiés, aucun repère net de Niort ou d'ailleurs."
22125756,https://www.pexels.com/photo/22125756/,2024-04-22,Flèche d'acier,,,"Architecture contemporaine anonyme, aucun élément ne permet de reconnaître un bâtiment ou une ville précise."
22591345,https://www.pexels.com/photo/22591345/,2024-04-24,Vie des champs,,,"Jardin privé et maison ordinaire sans caractère distinctif, aucun monument ni repère urbain visible."
22591346,https://www.pexels.com/photo/22591346/,2024-04-24,Salamandre,,,"Scène d'intérieur en gros plan, sans aucun indice extérieur de localisation."
22591347,https://www.pexels.com/photo/22591347/,2024-04-24,Impri-lente,,,"Objet photographié en intérieur, aucun élément de décor ne renseigne sur le lieu."
22591348,https://www.pexels.com/photo/22591348/,2024-04-24,Nuages duveteux,,,Toits mansardés typiques mais sans enseigne ni monument permettant de reconnaître la ville.
22667987,https://www.pexels.com/photo/22667987/,2024-04-25,Printemps des coeurs,,,"Terrasse au-dessus d'une ville en coteau, même import que « Poitiers ». Rangée dans « Poitiers et son pays pictave »."
22667988,https://www.pexels.com/photo/22667988/,2024-04-25,Ciel vert,,,Bâtiments beaucoup trop flous pour être reconnus ; même import que la photo « Poitiers » mais rien d'assez net sur cette image pour conclure.
22667989,https://www.pexels.com/photo/22667989/,2024-04-25,Poitiers,,,Poitiers : titre de l'auteur. Rangée dans « Poitiers et son pays pictave ».
22674081,https://www.pexels.com/photo/22674081/,2024-04-26,Le dormeur,,,"Macro sur l'animal uniquement, aucun élément d'arrière-plan visible."
23102800,https://www.pexels.com/photo/23102800/,2024-05-01,Premier mai - 1er mai,,,"Scène d'intérieur, aucun indice de ville ou de quartier."
23409059,https://www.pexels.com/photo/23409059/,2024-05-04,Portrait félin,,,"Portrait d'animal en intérieur, aucun repère extérieur visible."
23414377,https://www.pexels.com/photo/23414377/,2024-05-04,Prestance 2,,,Macro florale sans aucun élément de paysage ou de construction visible.
23414378,https://www.pexels.com/photo/23414378/,2024-05-04,Prestance 3,,,"Macro florale sans indice de lieu, même import du 4 mai 2024 que des photos de Niort."
23414380,https://www.pexels.com/photo/23414380/,2024-05-04,Prestance,,,"Macro florale sans indice de lieu, même import du 4 mai 2024 que des photos de Niort."
23932629,https://www.pexels.com/photo/23932629/,2024-05-11,Matin tranquille,,,"Scène domestique d'intérieur, aucun indice de ville."
23947485,https://www.pexels.com/photo/23947485/,2024-05-12,Lumière brisée,,,"Image entièrement abstraite, aucun élément reconnaissable ni indice de lieu."
24200555,https://www.pexels.com/photo/24200555/,2024-05-14,Ciel étoilé,,,"Lotissement pavillonnaire anonyme de nuit, aucun repère permettant d'identifier la ville."
25177036,https://www.pexels.com/photo/25177036/,2024-05-28,Entre printemps et été,,,Jardin ou rue résidentielle sans bâtiment ni monument identifiable.
25182670,https://www.pexels.com/photo/25182670/,2024-05-28,Train du Poitou,,,« Train du Poitou » : campagne sans indice de commune. Rangée dans « Poitiers et son pays pictave ».
25255092,https://www.pexels.com/photo/25255092/,2024-05-29,L'heure du café,,,"Nature morte de table en intérieur, aucun indice de lieu."
26598923,https://www.pexels.com/photo/26598923/,2024-06-20,Devant la nature,,,"Grande rivière bordée de saules : Sèvre ou Clain, aucun indice (import entre deux séjours à Poitiers)."
26598924,https://www.pexels.com/photo/26598924/,2024-06-20,Prise de vue sur la berge,,,Maisons anciennes au-delà d'une large rivière : ville non identifiée (Niort ou Poitiers).
26598925,https://www.pexels.com/photo/26598925/,2024-06-20,Berge,,,Même berge que 26598924 : ville non identifiée.
26598926,https://www.pexels.com/photo/26598926/,2024-06-20,Rayons de soleil à travers des nuages spectaculaires au-dessus d'un clocher,,,Petite flèche d'ardoise au-dessus d'un pignon de pierre : ni Notre-Dame ni Saint-André de Niort.
26775590,https://www.pexels.com/photo/26775590/,2024-06-27,Coucher de soleil orange flamboyant au bout d'une rue,,,"Rue résidentielle ordinaire sans enseigne ni monument, aucun repère permettant de situer la ville."
26775591,https://www.pexels.com/photo/26775591/,2024-06-27,Coucher de soleil sur une rue en travaux bordée de vieilles maisons en pierre,,,"Rue en travaux sans élément distinctif, ni enseigne ni monument permettant d'identifier la ville."
27016844,https://www.pexels.com/photo/27016844/,2024-07-07,Champs,,,Paysage agricole ouvert sans aucun bâtiment ni repère identifiable.
27016845,https://www.pexels.com/photo/27016845/,2024-07-07,Feuilles vertes denses de jeunes plants de maïs dans un champ d'été,,,"Image végétale en gros plan, aucun indice de lieu possible."
27016847,https://www.pexels.com/photo/27016847/,2024-07-07,Petit village,,,"Village trop lointain et flou pour être identifié, aucun monument reconnaissable."
27016848,https://www.pexels.com/photo/27016848/,2024-07-07,Ciel écrasant,,,Paysage agricole sans aucun repère bâti reconnaissable.
27025911,https://www.pexels.com/photo/27025911/,2024-07-07,Le portail,,,"Cour et bâtiment anciens sans enseigne ni élément permettant d'identifier la ville, malgré la proximité avec la photo « Cordeliers » du même jour. Rangée dans « Poitiers et son pays pictave »."
27025912,https://www.pexels.com/photo/27025912/,2024-07-07,Fleur,,,Macro végétale sans aucun élément de décor identifiable.
27025913,https://www.pexels.com/photo/27025913/,2024-07-07,Fleur 2,,,"Macro florale de jardin, aucun repère de lieu visible."
27025915,https://www.pexels.com/photo/27025915/,2024-07-07,Bibliothèque de rue,,,"Seuls des titres de livres sont lisibles, aucun indice géographique."
27025916,https://www.pexels.com/photo/27025916/,2024-07-07,Cordeliers,,,Poitiers : centre commercial des Cordeliers. Rangée dans « Poitiers et son pays pictave ».
27025917,https://www.pexels.com/photo/27025917/,2024-07-07,Tables,,,Terrasse de café générique sans enseigne ni bâtiment permettant d'identifier le lieu.
27025918,https://www.pexels.com/photo/27025918/,2024-07-07,Législative,,,"Immeubles anonymes de nuit, aucun monument ni élément identifiant la ville de ce rassemblement électoral. Rangée dans « Poitiers et son pays pictave »."
27046095,https://www.pexels.com/photo/27046095/,2024-07-08,Fleur,,,Macro florale sans aucun élément de décor extérieur.
27046110,https://www.pexels.com/photo/27046110/,2024-07-08,Trèfle,,,Détail décoratif de porte sans contexte de rue ni de bâtiment identifiable.
27046156,https://www.pexels.com/photo/27046156/,2024-07-08,Porte forgée,,,"Détail de ferronnerie isolé, sans façade ni rue visible pour situer le lieu."
27046179,https://www.pexels.com/photo/27046179/,2024-07-08,Explosion de pétales,,,Macro florale sans indice de lieu.
27046192,https://www.pexels.com/photo/27046192/,2024-07-08,Tableau urbain,,,Mobilier urbain anonyme sans enseigne ni bâtiment permettant d'identifier la ville.
27046193,https://www.pexels.com/photo/27046193/,2024-07-08,Abeille au travail,,,Macro animalière et florale sans aucun élément de décor.
27046196,https://www.pexels.com/photo/27046196/,2024-07-08,Un bouquet d'une fleur,,,Arrière-plan trop flou pour distinguer le moindre repère de rue ou de bâtiment.
27046197,https://www.pexels.com/photo/27046197/,2024-07-08,Terrasse noire,,,"Nom du restaurant sur l'ardoise illisible à cette résolution, aucun autre indice ne permet d'identifier la ville. Rangée dans « Poitiers et son pays pictave »."
27046198,https://www.pexels.com/photo/27046198/,2024-07-08,Notre-Dame,,,Arrêt de bus « Notre-Dame » : aucune église visible ; import de Poitiers (Cordeliers). Rangée dans « Poitiers et son pays pictave ».
27116680,https://www.pexels.com/photo/27116680/,2024-07-12,Repas français,,,Scène de table en intérieur sans aucun élément d'architecture ou de paysage.
27116682,https://www.pexels.com/photo/27116682/,2024-07-12,"Un ciel nocturne sombre et immense, empli d'innombrables étoiles et de la voie lactée",,,"Seule une ligne d'horizon boisée est visible, sans aucun bâtiment ni repère."
27116683,https://www.pexels.com/photo/27116683/,2024-07-12,Lapinus,,,Scène d'intérieur sans aucune fenêtre ni élément extérieur identifiable.
27116684,https://www.pexels.com/photo/27116684/,2024-07-12,3,,,"Objet isolé en gros plan, sans contexte de rue ni de bâtiment."
27116685,https://www.pexels.com/photo/27116685/,2024-07-12,Libre,,,Toit de maison trop flou et générique pour identifier un lieu précis.
27116687,https://www.pexels.com/photo/27116687/,2024-07-12,Linceul,,,"Macro florale en pleine végétation, sans indice de lieu."
27116688,https://www.pexels.com/photo/27116688/,2024-07-12,Cascade,,,"Petit ouvrage en pierre isolé en pleine nature, sans aucune construction identifiable autour."
27116689,https://www.pexels.com/photo/27116689/,2024-07-12,Nature désaturée,,,"Sentier forestier générique, sans aucun repère de lieu."
27116691,https://www.pexels.com/photo/27116691/,2024-07-12,Maison bleue,,,Objet de jardin sans aucun bâtiment ni repère extérieur visible.
27116693,https://www.pexels.com/photo/27116693/,2024-07-12,Ciel estival,,,"Photo de ciel seul, sans aucun repère possible."
27116694,https://www.pexels.com/photo/27116694/,2024-07-12,Bourgeon ou fleur,,,Sous-bois sans aucun élément construit ni repère de lieu.
27141259,https://www.pexels.com/photo/27141259/,2024-07-14,Du blanc au rose,,,Massif de jardin sans aucun élément bâti visible.
27141260,https://www.pexels.com/photo/27141260/,2024-07-14,Fleur d'été,,,Massif fleuri sans aucun repère de lieu.
27141262,https://www.pexels.com/photo/27141262/,2024-07-14,Violettes,,,"Macro florale de jardin, aucun indice de lieu."
27141263,https://www.pexels.com/photo/27141263/,2024-07-14,Violette,,,"Massif d'arbustes fleuris, sans repère de lieu."
27141266,https://www.pexels.com/photo/27141266/,2024-07-14,Arrêt du ciel,,,"Seul un lampadaire générique est visible, aucun bâtiment ni repère de ville."
27141270,https://www.pexels.com/photo/27141270/,2024-07-14,Tomate cerise,,,Scène de potager sans aucun élément identifiant le lieu.
27141271,https://www.pexels.com/photo/27141271/,2024-07-14,Texture métal,,,"Texture abstraite en gros plan, aucun contexte de lieu possible."
27141272,https://www.pexels.com/photo/27141272/,2024-07-14,Texture pierre,,,"Texture de matériau isolée, sans aucun repère de bâtiment ou de lieu."
27141503,https://www.pexels.com/photo/27141503/,2024-07-14,Lunaire,,,"Photo de ciel seul, aucun repère terrestre visible."
27141522,https://www.pexels.com/photo/27141522/,2024-07-14,Feuillage dense d'arbuste panaché aux tons verts sourds,,,"Végétation en gros plan, sans indice de lieu."
27141523,https://www.pexels.com/photo/27141523/,2024-07-14,Gros plan d'une fleur de liseron blanc sur un doux bokeh vert,,,Macro florale sans aucun élément bâti ni repère de lieu.
29136736,https://www.pexels.com/photo/29136736/,2024-10-28,Volatile,,,Aucun repère architectural ni indice de lieu : seulement un oiseau et un pan de mur contre le ciel.
29136737,https://www.pexels.com/photo/29136737/,2024-10-28,Lune,,,Un astre isolé dans le noir ne donne aucune indication du lieu de prise de vue.
29136738,https://www.pexels.com/photo/29136738/,2024-10-28,Violettes,,,"Simple macro florale sans bâtiment, ni paysage, ni le moindre indice permettant de situer la prise de vue."
29136739,https://www.pexels.com/photo/29136739/,2024-10-28,Violette,,,"Macro florale isolée, aucun élément de décor ou de paysage ne révèle un lieu."
29136740,https://www.pexels.com/photo/29136740/,2024-10-28,Chardon 2,,,"Macro d'une plante isolée en pleine nature, sans aucun bâtiment ni paysage identifiable."
29136741,https://www.pexels.com/photo/29136741/,2024-10-28,Ruche,,,"Façade abstraite sans texte ni silhouette reconnaissable, aucun repère ne permet d'identifier le bâtiment ou la ville."
29136742,https://www.pexels.com/photo/29136742/,2024-10-28,Rouge,,,Macro florale de jardin sans le moindre élément de paysage ou d'architecture.
29136743,https://www.pexels.com/photo/29136743/,2024-10-28,Rose,,,"Simple portrait floral de jardin, sans aucun indice de localisation."
29136745,https://www.pexels.com/photo/29136745/,2024-10-28,Portrait naturel,,,"Plante sauvage isolée devant le ciel, sans aucun élément de décor permettant de la situer."
29136746,https://www.pexels.com/photo/29136746/,2024-10-28,Barque,,,"Marais poitevin, même import qu'« Airais » : hors de Niort. Rangée dans « Marais poitevin »."
29136747,https://www.pexels.com/photo/29136747/,2024-10-28,Cheval,,,"Portrait animalier dans un pré anonyme, sans aucun élément de paysage reconnaissable."
29136748,https://www.pexels.com/photo/29136748/,2024-10-28,Cheval,,,"Animal seul dans un pré générique, aucun repère de paysage ou de bâtiment."
29136749,https://www.pexels.com/photo/29136749/,2024-10-28,Tapis,,,"Texture au sol photographiée de très près, sans aucun indice de lieu."
29136750,https://www.pexels.com/photo/29136750/,2024-10-28,Violette,,,"Macro florale de jardin, sans aucun bâtiment ni paysage permettant de situer la photo."
29136751,https://www.pexels.com/photo/29136751/,2024-10-28,Invitation,,,Sous-bois anonyme sans repère architectural ni élément identifiable de paysage.
29136752,https://www.pexels.com/photo/29136752/,2024-10-28,Le marais,,,"Marais poitevin, même import qu'« Airais » : hors de Niort. Rangée dans « Marais poitevin »."
29136905,https://www.pexels.com/photo/29136905/,2024-10-28,Airais,,,"Marais poitevin, titre « Airais » (sans doute Arçais) : hors de Niort. Rangée dans « Marais poitevin »."
29136978,https://www.pexels.com/photo/29136978/,2024-10-28,Hélicoptère,,,Seul le ciel est visible ; le sigle sur la carlingue est trop petit pour identifier un département ou un lieu précis.
29169886,https://www.pexels.com/photo/29169886/,2024-10-30,Rangs de vigne et hautes herbes sous un ciel bleu en fin de journée,,,"Vignoble alsacien, sans doute près d'Obernai : Vignoble photographié le même jour que les vues d'Obernai (Alsace) du même import ; Niort n'a pas ce type de vignoble."
29169887,https://www.pexels.com/photo/29169887/,2024-10-30,Vignes,,,"Vignoble alsacien, sans doute près d'Obernai : Même vignoble et même import que la photo précédente, datés du même jour que les vues d'Obernai en Alsace."
29169888,https://www.pexels.com/photo/29169888/,2024-10-30,Vue du train,,,"Obernai (Alsace) : Flèches gothiques et maison à colombages fleurie cohérentes avec Obernai, ville nommée dans le même import ; sans rapport avec l'architecture de Niort."
29169889,https://www.pexels.com/photo/29169889/,2024-10-30,Cloché,,,"Obernai (Alsace) : Tour en grès rose de style alsacien, prise le même jour que les autres photos d'Obernai ; aucun rapport avec les clochers de Niort."
29169890,https://www.pexels.com/photo/29169890/,2024-10-30,Église,,,"Obernai (Alsace), église Saints-Pierre-et-Paul : Grès rose, rosace et colombages alsaciens caractéristiques d'Obernai, à ne pas confondre avec Saint-André de Niort malgré les deux flèches jumelles communes aux deux églises."
29169891,https://www.pexels.com/photo/29169891/,2024-10-30,Obernai,,,"Obernai (Alsace) : Le titre nomme directement Obernai, cohérent avec l'architecture à colombages alsacienne visible sur l'image."
29170673,https://www.pexels.com/photo/29170673/,2024-10-30,Fond de couleurs,,,Parterre fleuri générique sans bâtiment ni paysage permettant de le situer précisément.
29170674,https://www.pexels.com/photo/29170674/,2024-10-30,Boisé,,,"Vosges (sans repère précis) : Flanc de colline boisée en relief, cohérent avec le massif vosgien du même import ; ce relief ne correspond pas à la plaine de Niort."
29170688,https://www.pexels.com/photo/29170688/,2024-10-30,Hôtel particulier,,,Obernai (Alsace) : Grès rose et géraniums identiques aux autres façades d'Obernai photographiées le même jour ; architecture alsacienne sans rapport avec Niort.
29170689,https://www.pexels.com/photo/29170689/,2024-10-30,Voyage,,,"Vosges (sans repère précis) : Chaos rocheux et sentier forestier typiques des Vosges, dans la continuité des photos de rochers du même import ; sans rapport avec le paysage de Niort."
29170691,https://www.pexels.com/photo/29170691/,2024-10-30,Rocher,,,"Vosges (sans repère précis) : Rocher-champignon en grès moussu typique des chaos rocheux vosgiens, cohérent avec les autres photos de rochers du même import du 30 octobre."
29170692,https://www.pexels.com/photo/29170692/,2024-10-30,Mousse,,,"Vosges (sans repère précis) : Même rocher moussu que la photo précédente, dans le même sous-bois vosgien du 30 octobre ; aucun rapport avec Niort."
29170694,https://www.pexels.com/photo/29170694/,2024-10-30,Empilement,,,"Vosges (sans repère précis) : Chaos rocheux vosgien du même import que les autres rochers du 30 octobre, sans le moindre repère de Niort."
29170695,https://www.pexels.com/photo/29170695/,2024-10-30,Tableau de pierres,,,"Vosges (sans repère précis) : Rochers moussus identiques aux autres photos du même sous-bois vosgien, import du 30 octobre 2024."
29170696,https://www.pexels.com/photo/29170696/,2024-10-30,Composition naturelle,,,Vosges (sans repère précis) : Décor rocheux moussu dans la continuité du même sous-bois que les autres photos du 30 octobre 2024 ; aucun rapport avec Niort.
29170697,https://www.pexels.com/photo/29170697/,2024-10-30,Parterre de fleurs,,,"Parterre fleuri générique, sans bâtiment ni paysage permettant de le localiser précisément."
29188524,https://www.pexels.com/photo/29188524/,2024-10-31,Fromages,,,"Scène de table dressée en intérieur, sans aucun indice de lieu."
29188525,https://www.pexels.com/photo/29188525/,2024-10-31,Tarte aux pommes,,,"Photo de cuisine en intérieur, sans aucun élément permettant de situer le lieu."
29630257,https://www.pexels.com/photo/29630257/,2024-12-04,Nuit de décembre,,,"Décor de guirlandes lumineuses vu de très près, sans bâtiment ni repère permettant d'identifier le lieu."
31514836,https://www.pexels.com/photo/31514836/,2025-04-06,Il revient seul,,,Écartée par Karl Forterre le 28 septembre 2026 : prise à Poitiers. Rangée dans « Poitiers et son pays pictave ».
31514838,https://www.pexels.com/photo/31514838/,2025-04-06,Gros plan sur une rose aux pétales délicats et à la beauté naturelle,,,Gros plan d'une rose : aucun indice de lieu.
31514839,https://www.pexels.com/photo/31514839/,2025-04-06,La rencontre,,,Écartée par Karl Forterre le 28 septembre 2026 : prise à Poitiers. Rangée dans « Poitiers et son pays pictave ».
31514840,https://www.pexels.com/photo/31514840/,2025-04-06,Tapis vert,,,Gros plan de feuillage sans bâtiment ni repère visible.
31514841,https://www.pexels.com/photo/31514841/,2025-04-06,Pomme de pin,,,Gros plan d'objet naturel sans aucun indice de lieu.
31514842,https://www.pexels.com/photo/31514842/,2025-04-06,Il marche seul,,,Écartée par Karl Forterre le 28 septembre 2026 : prise à Poitiers. Rangée dans « Poitiers et son pays pictave ».
31514844,https://www.pexels.com/photo/31514844/,2025-04-06,Tapis violet,,,Gros plan de floraison sans aucun élément de décor identifiable.
31514850,https://www.pexels.com/photo/31514850/,2025-04-06,Blanche nature,,,Gros plan de floraison sans aucun repère de lieu.
31640851,https://www.pexels.com/photo/31640851/,2025-04-15,Monde rose,,,"Bâtiment moderne sans enseigne ni repère reconnaissable, aucun élément ne permet de situer la scène."
31641251,https://www.pexels.com/photo/31641251/,2025-04-15,Fantômes,,,Silhouettes trop floues et infrarouge trop marqué pour reconnaître un bus ou un bâtiment précis.
31641577,https://www.pexels.com/photo/31641577/,2025-04-15,Groove Boy,,,Portrait serré en extérieur nocturne sans aucun élément de décor identifiable.
31999687,https://www.pexels.com/photo/31999687/,2025-05-09,Un prince,,,"Portrait serré d'animal sur fond de végétation indistincte, sans aucun repère de lieu."
32053231,https://www.pexels.com/photo/32053231/,2025-05-12,L'église Notre-Dame-des-Victoires d'Angers et ses assises de tuffeau et de schiste,,,"Seul indice textuel : « notre-dame », sans rapport avec Niort ; la photo montre : L'église Notre-Dame-des-Victoires d'Angers et ses assises de tuffeau et de schiste."
32419034,https://www.pexels.com/photo/32419034/,2025-06-04,Garnier,,,"Paris, palais Garnier (Opéra) : Sculpture de style Second Empire typique de l'ornementation du palais Garnier, à Paris, sans rapport avec Niort."
32419038,https://www.pexels.com/photo/32419038/,2025-06-04,Floraison,,,Gros plan de fleur sans aucun élément de décor identifiable.
32419041,https://www.pexels.com/photo/32419041/,2025-06-04,Un sourire,,,Portrait serré sans aucun repère de lieu visible.
32419042,https://www.pexels.com/photo/32419042/,2025-06-04,Zoom d'été,,,Gros plan de fleur sans aucun repère de lieu.
32419048,https://www.pexels.com/photo/32419048/,2025-06-04,Bariolé,,,Gros plan abstrait d'objets sans aucun repère de lieu.
32419049,https://www.pexels.com/photo/32419049/,2025-06-04,Hésitation,,,Portrait serré d'animal sans aucun repère de lieu.
32419405,https://www.pexels.com/photo/32419405/,2025-06-04,Marches,,,Gros plan de texture sans aucun élément permettant de situer le lieu.
32419406,https://www.pexels.com/photo/32419406/,2025-06-04,Furtif,,,"Feuillage dense masquant tout bâtiment identifiable, aucun repère de lieu."
32419407,https://www.pexels.com/photo/32419407/,2025-06-04,Repos,,,Homme assis dans une chaise de jardin public : aucun indice (la stèle ne ressemble pas à celle du square niortais).
32419408,https://www.pexels.com/photo/32419408/,2025-06-04,Motif fleural,,,Gros plan de floraison sans aucun repère de lieu.
32419410,https://www.pexels.com/photo/32419410/,2025-06-04,Rires heureux,,,"Parc arboré générique, sans bâtiment ni repère permettant de le situer précisément."
32419411,https://www.pexels.com/photo/32419411/,2025-06-04,Bokeh naturel,,,Gros plan de texture végétale sans aucun repère de lieu.
32419412,https://www.pexels.com/photo/32419412/,2025-06-04,Consignes,,,"Muret et végétation génériques, sans bâtiment ni repère permettant de situer précisément le lieu."
32419413,https://www.pexels.com/photo/32419413/,2025-06-04,Eau,,,Gros plan d'eau sans aucun élément permettant de situer le lieu.
32419414,https://www.pexels.com/photo/32419414/,2025-06-04,Ensemble,,,"Rue et bâtiment ordinaires, sans enseigne ni repère permettant d'identifier le lieu."
32429183,https://www.pexels.com/photo/32429183/,2025-06-05,Bouquet de feuille,,,"Macro de feuillage sans architecture ni paysage repérable, aucun indice de lieu."
32429184,https://www.pexels.com/photo/32429184/,2025-06-05,Croisée des feuilles,,,"Macro végétale en extérieur non identifiable, pas d'élément de décor permettant de situer le lieu."
32429185,https://www.pexels.com/photo/32429185/,2025-06-05,Amour amour large,,,"Scène de parc générique (banc, arbres) sans monument ni repère permettant de confirmer ou d'exclure Niort. Rangée dans « Poitiers et son pays pictave »."
32429186,https://www.pexels.com/photo/32429186/,2025-06-05,Dans la brousse de la vie,,,Herbe haute et mobilier de jardin sans aucun bâtiment ni repère identifiable aux alentours.
32429188,https://www.pexels.com/photo/32429188/,2025-06-05,Féerie,,,Macro florale : le fond flou verdâtre ne permet d'identifier ni rivière ni lieu précis.
32429189,https://www.pexels.com/photo/32429189/,2025-06-05,Couloir vers l'impasse,,,"Ruelle ancienne sans enseigne ni monument reconnaissable, et sans ressemblance précise avec les repères de Niort . Rangée dans « Poitiers et son pays pictave »."
32429190,https://www.pexels.com/photo/32429190/,2025-06-05,Une porte,,,"Détail architectural en très gros plan, sans rue ni façade entière permettant une localisation."
32429191,https://www.pexels.com/photo/32429191/,2025-06-05,Terrasse française,,,"Terrasse devant un bâtiment ancien et une enseigne « Régent » partielle et illisible, sans monument de Niort identifiable. Rangée dans « Poitiers et son pays pictave »."
32429192,https://www.pexels.com/photo/32429192/,2025-06-05,Amour amour,,,"Variante rapprochée de la scène du banc de la photo précédente, toujours sans repère de lieu visible. Rangée dans « Poitiers et son pays pictave »."
32429264,https://www.pexels.com/photo/32429264/,2025-06-05,Porte bleue,,,"Poitiers : plaque de la rue de Blossac (« Paul-Marie de la Bourdonnaye de Blossac, intendant »). Rangée dans « Poitiers et son pays pictave »."
32429265,https://www.pexels.com/photo/32429265/,2025-06-05,Violette blanche,,,Macro florale sans le moindre indice de lieu.
32429266,https://www.pexels.com/photo/32429266/,2025-06-05,Micro horizon,,,Détail de sous-bois ou de jardin sans aucun repère permettant de situer le lieu.
32429267,https://www.pexels.com/photo/32429267/,2025-06-05,Portrait souvenir,,,"Portrait resserré avec fond en bokeh, aucun indice de lieu exploitable."
32429268,https://www.pexels.com/photo/32429268/,2025-06-05,Marche,,,"Jardin public à la française avec fontaine, mais sans monument identifiable ni ressemblance suffisante avec les parcs de Niort déjà établis. Rangée dans « Poitiers et son pays pictave »."
32429293,https://www.pexels.com/photo/32429293/,2025-06-05,Chaise de terrasse française,,,"Objet en gros plan, sans le moindre indice de lieu."
32429294,https://www.pexels.com/photo/32429294/,2025-06-05,Lecture paisible,,,Terrasse de café sans façade ni enseigne visible permettant d'identifier le lieu.
32429295,https://www.pexels.com/photo/32429295/,2025-06-05,Victoire,,,"Le mot-clé « paris » vient du maillot du club de football PSG, pas d'un lieu ; le décor flou ne montre aucun repère."
32429296,https://www.pexels.com/photo/32429296/,2025-06-05,Béret,,,"Enseigne et porche visibles mais non identifiés, aucune ressemblance avec les repères de Niort . Rangée dans « Poitiers et son pays pictave »."
32429297,https://www.pexels.com/photo/32429297/,2025-06-05,Portrait souvenir 2,,,Portrait de terrasse sans façade ni élément identifiable en arrière-plan.
33035626,https://www.pexels.com/photo/33035626/,2025-07-16,Palette,,,"Cadrage macro sur un colis filmé, sans aucun élément d'architecture ou de paysage permettant de situer le lieu."
33035627,https://www.pexels.com/photo/33035627/,2025-07-16,Métro,,,"Paris, tour Montparnasse : La tour Montparnasse, gratte-ciel emblématique de Paris, est reconnaissable en arrière-plan malgré le noir et blanc."
33035628,https://www.pexels.com/photo/33035628/,2025-07-16,Style haussmannien,,,"Paris : Architecture haussmannienne typique de Paris, confirmée par le mot-clé « paris » ; aucune enseigne ne précise l'adresse exacte."
33035632,https://www.pexels.com/photo/33035632/,2025-07-16,Tour Eiffel encadrée d'arbres verts à Paris,,,"Paris, tour Eiffel : La tour Eiffel est un monument reconnaissable entre tous, nommé dans le titre."
33035634,https://www.pexels.com/photo/33035634/,2025-07-16,Tour Montparnasse,,,"Paris, tour Montparnasse : La tour Montparnasse, gratte-ciel reconnaissable de Paris, est nommée dans le titre et bien visible."
33035635,https://www.pexels.com/photo/33035635/,2025-07-16,Tour Eiffel,,,"Paris, tour Eiffel : La tour Eiffel, monument parisien mondialement connu, est directement identifiable et nommée dans le titre."
33035637,https://www.pexels.com/photo/33035637/,2025-07-16,Colonne,,,"Aucun décor environnant ni inscription lisible ne permet d'identifier ce monument à colonne, qui ne peut être rattaché ni à Niort ni précisément à Paris."
33035638,https://www.pexels.com/photo/33035638/,2025-07-16,Jésus,,,"Sculpture isolée sur fond neutre d'intérieur, sans architecture ni élément extérieur permettant de la localiser précisément."
33035639,https://www.pexels.com/photo/33035639/,2025-07-16,Héra,,,"Le décor très orné évoque l'intérieur d'un grand musée, cohérent avec la visite du Louvre ce jour-là, mais rien ne le confirme précisément."
33035642,https://www.pexels.com/photo/33035642/,2025-07-16,Un gratte-ciel parisien s'élançant vers un ciel nuageux spectaculaire,,,Paris : tour Montparnasse.
33035645,https://www.pexels.com/photo/33035645/,2025-07-16,Joie,,,"Paris, musée du Louvre : Les mots-clés « louvre » et « musee » nomment le lieu, avec un décor de salle de musée et des tableaux à l'arrière-plan."
33035647,https://www.pexels.com/photo/33035647/,2025-07-16,Notre-Dame,,,Paris : Notre-Dame de Paris.
33035648,https://www.pexels.com/photo/33035648/,2025-07-16,Dos,,,"Paris : Immeubles en pierre de taille identiques aux autres rues parisiennes du même import, sans enseigne précisant l'adresse exacte."
33035651,https://www.pexels.com/photo/33035651/,2025-07-16,La Rotonde,,,"Paris, brasserie La Rotonde : L'enseigne « LA ROTONDE » nomme explicitement cette brasserie parisienne célèbre du quartier Montparnasse."
33035652,https://www.pexels.com/photo/33035652/,2025-07-16,RER,,,"Paris (RER) : Le mot-clé « rer b » désigne la ligne B du RER, réseau ferré de la région parisienne."
33035654,https://www.pexels.com/photo/33035654/,2025-07-16,Violettes,,,Cadrage macro sans aucun élément de décor ou d'architecture permettant de rattacher la photo à Niort ou à Paris.
33035657,https://www.pexels.com/photo/33035657/,2025-07-16,Fond de nature 2,,,"Image intentionnellement floue et abstraite, sans aucun indice de lieu."
33035658,https://www.pexels.com/photo/33035658/,2025-07-16,Bois et feuilles,,,"Détail macro d'écorce et de feuilles mortes, sans aucun contexte extérieur visible."
33035659,https://www.pexels.com/photo/33035659/,2025-07-16,Texture bois,,,"Simple texture d'écorce en gros plan, sans aucun élément de contexte géographique."
33035660,https://www.pexels.com/photo/33035660/,2025-07-16,Cœur rose,,,"Fleur photographiée en très gros plan, sans aucun décor ni indice de lieu autour."
33035693,https://www.pexels.com/photo/33035693/,2025-07-16,Mur jaune,,,Aucun repère architectural distinctif ne permet de situer ce mur ; le mot-clé « metro » semble recopié d'une autre photo de l'import et ne correspond pas à l'image.
33035694,https://www.pexels.com/photo/33035694/,2025-07-16,Tic tac,,,"Vosges : Le mot-clé « vosges » nomme la région d'origine de cette horloge à coucou, un objet et non une photo prise à Niort ou à Paris."
33035888,https://www.pexels.com/photo/33035888/,2025-07-16,Mam,,,"Paris : Le mot-clé « paris » situe ce restaurant, dont l'enseigne exacte n'est pas lisible sur la photo."
33036031,https://www.pexels.com/photo/33036031/,2025-07-16,Promenade,,,"Sentier boisé sans repère architectural ni cours d'eau identifiable, ne ressemblant précisément ni aux promenades de Niort ni à une scène parisienne."
33036165,https://www.pexels.com/photo/33036165/,2025-07-16,Bouquet d'une fleur,,,"Fleur photographiée en gros plan dans un massif, sans aucun indice de lieu."
33036167,https://www.pexels.com/photo/33036167/,2025-07-16,Fond de nature,,,"Image volontairement floue et décorative, sans indice de lieu."
33036184,https://www.pexels.com/photo/33036184/,2025-07-16,Violette 2,,,"Cadrage macro identique à la photo « Violettes », sans aucun élément de décor permettant de situer la photo."
34340147,https://www.pexels.com/photo/34340147/,2025-10-17,MOOD: STOCK 1600-N,,,"Forêt dense sans aucun bâtiment ni repère urbain ; seul indice, un balisage de sentier générique, insuffisant pour situer le lieu."
34342112,https://www.pexels.com/photo/34342112/,2025-10-17,Cris,,,"Gros plan sur un visage en sous-bois, sans aucun élément construit ni repère géographique visible."
34342113,https://www.pexels.com/photo/34342113/,2025-10-17,PP2200,,,Viaduc de pierre non identifié (hors Niort) : Grand viaduc à plusieurs arches et parapet métallique : aucun ouvrage de ce type parmi les repères de Niort (le Vieux-Pont y est bas et en centre-ville) ; lieu précis non identifiable.
34342114,https://www.pexels.com/photo/34342114/,2025-10-17,Aqueduc et tradition 2,,,"Viaduc de pierre non identifié (hors Niort) : Structure identique à la photo « PP2200 » du même import : viaduc massif à plusieurs arches, incompatible avec les repères de Niort. Rangée dans « Poitiers et son pays pictave »."
34342115,https://www.pexels.com/photo/34342115/,2025-10-17,Nature déteinte,,,"Macro végétale en sous-bois, aucun élément construit ni repère de lieu visible."
34342116,https://www.pexels.com/photo/34342116/,2025-10-17,Souche de vie,,,Berge boisée sans aucun bâtiment ni monument permettant de situer le lieu.
34342117,https://www.pexels.com/photo/34342117/,2025-10-17,Géométrie hydraulique,,,"Mécanisme de vanne ou d'écluse isolé, sans élément permettant de reconnaître un lieu précis (pourrait être à Niort comme ailleurs)."
34342118,https://www.pexels.com/photo/34342118/,2025-10-17,Fond d'automne,,,"Reflet aquatique abstrait, aucun repère construit visible."
34342120,https://www.pexels.com/photo/34342120/,2025-10-17,Reflet,,,Simple étude de frondaisons sans aucun indice de lieu.
34342121,https://www.pexels.com/photo/34342121/,2025-10-17,Arbre féérique,,,"Rivière boisée sans repère construit, insuffisant pour situer précisément le lieu."
34342123,https://www.pexels.com/photo/34342123/,2025-10-17,Houppier d'automne onirique vu à travers des feuilles floues au premier plan,,,"Étude de frondaisons très floue, aucun élément identifiable ne permet de situer le lieu."
34342124,https://www.pexels.com/photo/34342124/,2025-10-17,Pose sur un banc,,,"Petit barrage sur un cours d'eau aménagé, sans monument ni repère permettant d'identifier la ville ; pourrait appartenir au même site que le viaduc de ce lot, sans certitude."
34342125,https://www.pexels.com/photo/34342125/,2025-10-17,Une place pour l'homme,,,"Plan d'eau non identifié, probablement le même site que le viaduc (hors Niort) : Même étendue d'eau que sur « PP2200 » et sur la photo du photographe (34342138) de ce lot, où figure le viaduc étranger à Niort."
34342126,https://www.pexels.com/photo/34342126/,2025-10-17,Aqueduc et tradition,,,"Viaduc de pierre non identifié (hors Niort) : Même viaduc massif que « PP2200 », avec pelouse entretenue à son pied : structure sans équivalent parmi les repères de Niort. Rangée dans « Poitiers et son pays pictave »."
34342127,https://www.pexels.com/photo/34342127/,2025-10-17,Nature nature,,,"Macro végétale abstraite, aucun indice de lieu."
34342128,https://www.pexels.com/photo/34342128/,2025-10-17,Rive de la nature,,,Berge naturelle sans aucun élément bâti permettant de reconnaître le lieu.
34342129,https://www.pexels.com/photo/34342129/,2025-10-17,Marches de la rive,,,Berge sans repère construit ni urbain.
34342130,https://www.pexels.com/photo/34342130/,2025-10-17,Nature et cycle,,,"Gros plan sur une pelouse, aucun repère de lieu visible."
34342131,https://www.pexels.com/photo/34342131/,2025-10-17,Entre les branches,,,"Vue de rivière filtrée par la végétation, sans élément identifiable."
34342132,https://www.pexels.com/photo/34342132/,2025-10-17,Face à lui,,,"Silhouette de dos sur une pelouse ; une forme grise floue à l'arrière-plan pourrait être le viaduc du même lot, mais trop indistincte pour l'affirmer."
34342133,https://www.pexels.com/photo/34342133/,2025-10-17,Il voit,,,Même scène que la photo précédente ; l'arrière-plan flou empêche d'identifier un repère précis.
34342134,https://www.pexels.com/photo/34342134/,2025-10-17,Photographe,,,"Portrait de dos en sous-bois sombre, aucun repère de lieu visible."
34342135,https://www.pexels.com/photo/34342135/,2025-10-17,Il réajuste sa veste,,,"Portrait rapproché en sous-bois, sans indice de lieu."
34342136,https://www.pexels.com/photo/34342136/,2025-10-17,Portrait botanique,,,"Macro végétale au bord de l'eau, sans repère construit identifiable."
34342137,https://www.pexels.com/photo/34342137/,2025-10-17,Branche et pierres dissimulées,,,Viaduc de pierre non identifié (hors Niort) : Même viaduc que les autres photos « Aqueduc » de ce lot ; structure sans équivalent à Niort. Rangée dans « Poitiers et son pays pictave ».
34342138,https://www.pexels.com/photo/34342138/,2025-10-17,Photographe,,,"Plan d'eau non identifié, probablement le même site que le viaduc (hors Niort) : Même plan d'eau que « Une place pour l'homme » (34342125) et que « PP2200 » : lié au site du viaduc, hors des repères de Niort."
34342139,https://www.pexels.com/photo/34342139/,2025-10-17,Un regard jeté,,,"Portrait serré, aucun repère de lieu."
34342140,https://www.pexels.com/photo/34342140/,2025-10-17,Un sourire rieur,,,Portrait serré sans aucun indice de lieu.
34342141,https://www.pexels.com/photo/34342141/,2025-10-17,Un rempart percé,,,"Viaduc de pierre non identifié (hors Niort) : Vue rapprochée confirmant l'ampleur du viaduc, plusieurs arches en enfilade : aucun ouvrage comparable parmi les repères de Niort. Rangée dans « Poitiers et son pays pictave »."
34342142,https://www.pexels.com/photo/34342142/,2025-10-17,Rayon de nature,,,"Sous-bois au bord de l'eau, sans repère construit."
34342144,https://www.pexels.com/photo/34342144/,2025-10-17,Jardin tropical,,,Jardin exotique sans bâtiment ni repère permettant de l'identifier ; des palmiers d'ornement poussent dans toute la moitié sud de la France.
34342145,https://www.pexels.com/photo/34342145/,2025-10-17,Bain de lumière,,,Sous-bois clair sans élément construit identifiable.
34342146,https://www.pexels.com/photo/34342146/,2025-10-17,Pont sous les ordres,,,"Viaduc de pierre non identifié (hors Niort) : Vue rapprochée, prise depuis le chemin qui longe l'eau, de la même arche que les autres photos « Aqueduc » de ce lot. Rangée dans « Poitiers et son pays pictave »."
34342148,https://www.pexels.com/photo/34342148/,2025-10-17,Texture de pierre,,,"Texture de pierre en gros plan absolu, sans contexte permettant de situer le lieu (peut-être un détail du viaduc du même lot)."
34342149,https://www.pexels.com/photo/34342149/,2025-10-17,"Barque vide entourée de feuilles d'automne sur un lac calme, en noir et blanc",,,"Barque et rive isolées, sans bâtiment ni monument permettant d'identifier le lieu."
34342150,https://www.pexels.com/photo/34342150/,2025-10-17,Abandon,,,"Construction abandonnée en pleine nature, sans indication du lieu ; pourrait provenir de l'ancienne voie ferrée associée au viaduc de ce lot, sans certitude."
34342151,https://www.pexels.com/photo/34342151/,2025-10-17,Mousse et vague,,,"Cours d'eau anonyme, aucun repère de lieu."
34342152,https://www.pexels.com/photo/34342152/,2025-10-17,Aqueduc et village,,,"Viaduc de pierre non identifié (hors Niort) : Même viaduc que le reste de la série, avec un chemin menant à un hameau : cadre rural sans rapport avec les repères de Niort. Rangée dans « Poitiers et son pays pictave »."
34342153,https://www.pexels.com/photo/34342153/,2025-10-17,Arche,,,Viaduc de pierre non identifié (hors Niort) : Détail rapproché de la même arche que les autres photos « Aqueduc » de ce lot. Rangée dans « Poitiers et son pays pictave ».
34342360,https://www.pexels.com/photo/34342360/,2025-10-17,Anatomie d'une feuille,,,"Macro de feuilles au sol, aucun indice de lieu."
34354418,https://www.pexels.com/photo/34354418/,2025-10-18,MOOD: MONO 1600-U,,,"Cadrage extrêmement serré sur l'appareil et les mains, sol neutre, aucun indice de lieu visible."
34408656,https://www.pexels.com/photo/34408656/,2025-10-22,Pluie,,,"Cadrage nocturne sur une seule branche sous la pluie, sans aucun bâtiment ni repère visible."
34491966,https://www.pexels.com/photo/34491966/,2025-10-28,KODAKEIR,,,"Mur de quai et ponton génériques, sans inscription ni repère architectural permettant de situer la scène à Niort ou ailleurs."
34500323,https://www.pexels.com/photo/34500323/,2025-10-29,Promenade en noir et blanc au bord de la Charente à Cognac,,,"Seul indice textuel : « quai », « quay », sans rapport avec Niort ; la photo montre : Promenade en noir et blanc au bord de la Charente à Cognac."
34500354,https://www.pexels.com/photo/34500354/,2025-10-29,Mairie de Cognac,,,"Seul indice textuel : « hotel de ville », « mairie », sans rapport avec Niort ; la photo montre : Mairie de Cognac."
34500384,https://www.pexels.com/photo/34500384/,2025-10-29,"Mairie historique de Cognac, drapeau français et jardins sous un ciel bleu",,,"Seul indice textuel : « aquitaine », « city hall », « mairie », « nouvelle-aquitaine », « town hall », sans rapport avec Niort ; la photo montre : Mairie historique de Cognac, drapeau français et jardins sous un ciel bleu."
34500386,https://www.pexels.com/photo/34500386/,2025-10-29,Mairie de Cognac,,,"Seul indice textuel : « hotel de ville », « mairie », sans rapport avec Niort ; la photo montre : Mairie de Cognac."
34500388,https://www.pexels.com/photo/34500388/,2025-10-29,Mairie de Cognac,,,"Seul indice textuel : « hotel de ville », « mairie », sans rapport avec Niort ; la photo montre : Mairie de Cognac."
34517717,https://www.pexels.com/photo/34517717/,2025-10-30,Minimaliste MOOD: APOLLO 800-N,,,"Scène d'intérieur en gros plan sur un bureau, aucune fenêtre ni élément extérieur visible."
34532663,https://www.pexels.com/photo/34532663/,2025-10-31,Table heureuse,,,"Cadrage serré sur un plat et des verres, à l'intérieur d'un restaurant non identifiable."
34552337,https://www.pexels.com/photo/34552337/,2025-11-01,MOOD: APOLLO 800-N,,,"Flèche lisse et non ajourée, différente de celle de Notre-Dame de Niort, et mot-clé « village » qui ne correspond pas à Niort ; aucun autre repère (Sèvre, préfecture) ne confirme la ville."
34552338,https://www.pexels.com/photo/34552338/,2025-11-01,Lampadaire orange,,,"Cadrage serré sur un lampadaire et des branches, sans bâtiment identifiable en arrière-plan."
34552339,https://www.pexels.com/photo/34552339/,2025-11-01,Lampadaire lunaire,,,"Photo nocturne centrée sur le lampadaire, la lune et les branches, sans aucun repère de lieu."
34978560,https://www.pexels.com/photo/34978560/,2025-11-29,Entrée de maison éclairée par une seule lampe par une nuit de brouillard,,,"Maison pavillonnaire générique de nuit, sans aucun repère permettant d'identifier la commune."
34982307,https://www.pexels.com/photo/34982307/,2025-11-29,MOOD: APOLLO 800-N Tranche de vie,,,L'enseigne « L'After Work » est visible mais rien ne permet de vérifier si cet établissement se trouve à Niort.
34988859,https://www.pexels.com/photo/34988859/,2025-11-30,Curiosité,,,"Scène de jardin privé ordinaire, sans aucun élément permettant de localiser la maison."
35027337,https://www.pexels.com/photo/35027337/,2025-12-02,Sentier forestier d'automne jonché de feuilles rouges sous un tronc arqué,,,"Forêt dense sans repère, aucun élément ne distingue ce sous-bois d'une forêt quelconque."
35027338,https://www.pexels.com/photo/35027338/,2025-12-02,Étang reflétant arbres nus et ciel à travers des troncs couverts de lierre,,,Étang et arbres couverts de lierre : aucun indice de lieu.
35039650,https://www.pexels.com/photo/35039650/,2025-12-03,Sapin de Noël illuminé et guirlandes lumineuses sur un marché de Noël nocturne,,,"Marché de Noël générique sous des guirlandes, sans bâtiment ni enseigne permettant d'identifier la ville."
36117555,https://www.pexels.com/photo/36117555/,2026-02-12,Flou de mouvement abstrait de tissus rouges et de fuites de lumière vives,,,"Composition purement abstraite obtenue par un filé de mouvement, sans aucun élément figuratif ni lieu."
36117556,https://www.pexels.com/photo/36117556/,2026-02-12,"Cappuccino en tasse bleue, carafe de café filtre et part de gâteau aux amandes",,,"Nature morte de table de café resserrée sur les objets, sans fenêtre ni élément d'architecture."
36170133,https://www.pexels.com/photo/36170133/,2026-02-15,Gros plan macro sur les pétales en spirale d'une rose rouge profond,,,"Gros plan macro sur une fleur, sans aucun indice d'environnement."
36652486,https://www.pexels.com/photo/36652486/,2026-03-20,Ruisseau scintillant traversant une végétation printanière vers un lac calme,,,Ruisseau au printemps : aucun indice de lieu. Rangée dans « Marais poitevin ».
36652487,https://www.pexels.com/photo/36652487/,2026-03-20,Homme traversant une passerelle verte sous des saules pleureurs ensoleillés,,,"Passerelle verte sous les saules : marais ou rivière, aucun indice de lieu. Rangée dans « Marais poitevin »."
36652526,https://www.pexels.com/photo/36652526/,2026-03-20,Chemin de campagne longeant un ruisseau bordé d'arbres au début du printemps,,,Chemin le long d'un ruisseau : aucun indice de lieu. Rangée dans « Marais poitevin ».
38256668,https://www.pexels.com/photo/38256668/,2026-06-23,"Gros plan sur une peluche licorne blanche, fond en flou artistique",,,"Objet en gros plan à l'intérieur, sans aucun indice de lieu."
38256669,https://www.pexels.com/photo/38256669/,2026-06-23,Nature morte en noir et blanc d'un coussin fleuri et d'un téléphone sur un lit défait,,,"Scène d'intérieur resserrée sur un lit, sans aucun élément extérieur visible."
38256829,https://www.pexels.com/photo/38256829/,2026-06-23,Portrait détendu d'un homme au chapeau de paille appuyé contre une branche,,,"Portrait devant un feuillage générique, sans monument ni élément architectural permettant d'identifier le lieu."
38279502,https://www.pexels.com/photo/38279502/,2026-06-25,Délicate rose blanche en fleur parmi des feuilles vert brillant au soleil,,,"Photographie macro d'une fleur, sans aucun élément de décor ni repère urbain."
38279503,https://www.pexels.com/photo/38279503/,2026-06-25,Gros plan en noir et blanc d'une pie perchée parmi les branches,,,"Portrait animalier serré, aucun bâtiment ni paysage identifiable en arrière-plan."
38279511,https://www.pexels.com/photo/38279511/,2026-06-25,Gros plan sur des hortensias vert pâle et blanc en pleine floraison,,,Macro florale sans aucun repère de lieu.
38279512,https://www.pexels.com/photo/38279512/,2026-06-25,Pétunias roses éclatants en fleurs près de grappes de fleurs rouges,,,Macro florale sans aucun indice d'endroit.
38279516,https://www.pexels.com/photo/38279516/,2026-06-25,Macro sur des pétunias magenta éclatants en fleurs,,,Macro florale sans aucun indice de lieu.
38536476,https://www.pexels.com/photo/38536476/,2026-07-12,Un homme détendu savoure un instant dans un café en ville,,,"Arrière-plan en bokeh complet, aucun bâtiment ni repère reconnaissable."
38536477,https://www.pexels.com/photo/38536477/,2026-07-12,Homme en chemise blanche savourant une boisson glacée en extérieur,,,Arrière-plan flou sans aucun élément identifiable.
38536478,https://www.pexels.com/photo/38536478/,2026-07-12,"Portrait détendu d'un homme à lunettes et chemise blanche, plein d'assurance",,,"Cadrage serré sur le visage, aucun indice de lieu."
38536479,https://www.pexels.com/photo/38536479/,2026-07-12,"Portrait d'un homme assuré, lunettes et barbe, souriant en extérieur",,,"Portrait serré en bokeh, sans repère de lieu."
38536480,https://www.pexels.com/photo/38536480/,2026-07-12,Un homme savoure une boisson fraîche à la terrasse d'un café,,,Scène de terrasse mais arrière-plan trop flou pour reconnaître un lieu.
38536481,https://www.pexels.com/photo/38536481/,2026-07-12,"Gros plan sur un homme souriant à lunettes, détendu et serein, en extérieur",,,Portrait très serré sans aucun élément de décor visible.
38536694,https://www.pexels.com/photo/38536694/,2026-07-12,"Portrait songeur d'un homme fumant une cigarette, lumières floues en arrière-plan",,,"Arrière-plan en bokeh, aucun bâtiment ni repère reconnaissable."
38561990,https://www.pexels.com/photo/38561990/,2026-07-14,"Gros plan sur un homme au regard pensif, arrière-plan flou",,,"Cadrage serré sur le visage, aucun indice de lieu."
38561991,https://www.pexels.com/photo/38561991/,2026-07-14,"Gros plan sur un homme pensif fumant en extérieur, lumière vive",,,"Portrait serré en bokeh, sans repère identifiable."
38561992,https://www.pexels.com/photo/38561992/,2026-07-14,"Gros plan sur un homme fumant en extérieur, expression pensive et ambiance cinématographique",,,"Arrière-plan flou, tache de couleur trop vague pour situer un lieu."
38561993,https://www.pexels.com/photo/38561993/,2026-07-14,Profil d'un homme fumant une cigarette sous une lumière douce,,,Cadrage serré sans élément de décor reconnaissable.
38561994,https://www.pexels.com/photo/38561994/,2026-07-14,"Homme songeur marquant une pause, cigarette en main et cheveux ébouriffés",,,"Portrait serré, aucun indice de lieu."
38561995,https://www.pexels.com/photo/38561995/,2026-07-14,Homme décoiffé par le vent fumant de profil sous une lumière vive,,,"Portrait serré en bokeh, sans repère de lieu."
38561996,https://www.pexels.com/photo/38561996/,2026-07-14,"Portrait d'un homme à la cigarette, l'air contemplatif dans un cadre décontracté",,,Cadrage serré sans élément identifiable en arrière-plan.
38562044,https://www.pexels.com/photo/38562044/,2026-07-14,"Scène spontanée à la terrasse d'un café entre amis, en France",,,Rue et façades trop génériques et floues pour reconnaître un lieu précis.
38570569,https://www.pexels.com/photo/38570569/,2026-07-14,"Détail d'une patère en bois sur un portemanteau chromé, ciré jaune en arrière-plan flou",,,"Objet en intérieur, aucun indice de lieu."
38570570,https://www.pexels.com/photo/38570570/,2026-07-14,"Pleine lune se levant derrière des cheminées, ciel nocturne violet",,,"Silhouette de toits génériques sans monument reconnaissable, ciel nocturne sans autre indice."
38570572,https://www.pexels.com/photo/38570572/,2026-07-14,Un homme avec un sac à dos marche dans une ruelle étroite d'un village français,,,Ruelle sans monument ni repère permettant d'identifier le lieu précis.
38570603,https://www.pexels.com/photo/38570603/,2026-07-14,Graffiti « je t'aime » peint en violet sur une surface orangée et rouillée,,,"Macro sur un graffiti, aucun élément de décor permettant de situer le lieu."
38674515,https://www.pexels.com/photo/38674515/,2026-07-22,Croissant de lune encadré par une silhouette floue en forme de losange,,,"Ciel nocturne seul, sans aucun repère au sol."
38674516,https://www.pexels.com/photo/38674516/,2026-07-22,Fin croissant de lune brillant dans un ciel bleu crépusculaire vertical,,,"Ciel seul, sans aucun indice de lieu."
38674517,https://www.pexels.com/photo/38674517/,2026-07-22,Silhouettes de toits et d'antennes télé sur un ciel pastel au crépuscule,,,"Toits génériques en silhouette, sans monument ni repère reconnaissable."
38682316,https://www.pexels.com/photo/38682316/,2026-07-22,Des drapeaux français célèbrent le 14 juillet sur un balcon fleuri de mairie,,,Balcon de mairie pavoisé : mot-clé « villandry » et import de Villandry.
38688484,https://www.pexels.com/photo/38688484/,2026-07-22,Ruelle étroite dans le vieux village de Villandry,,,"Villandry (Indre-et-Loire), rue du vieux village : Titre de l'auteur nommant Villandry, cohérent avec l'image et avec les photos suivantes du même import."
38688485,https://www.pexels.com/photo/38688485/,2026-07-22,Des enfants à vélo devant un manoir au toit d'ardoise près de Villandry,,,"Villandry (Indre-et-Loire), près du manoir : Titre de l'auteur situant la scène près de Villandry."
38688486,https://www.pexels.com/photo/38688486/,2026-07-22,"Pont de Villandry sur la rivière, orné de géraniums roses",,,"Villandry (Indre-et-Loire), pont fleuri : Titre de l'auteur nommant le pont de Villandry."
38688488,https://www.pexels.com/photo/38688488/,2026-07-22,Statue en bronze d'un poilu sur un monument aux morts français,,,"Villandry (Indre-et-Loire), monument aux morts : Titre de l'auteur situant ce monument aux morts à Villandry."
38688489,https://www.pexels.com/photo/38688489/,2026-07-22,Charmante barque ancienne amarrée sur les berges tranquilles de Villandry,,,"Villandry (Indre-et-Loire), berge de la rivière : Titre de l'auteur situant cette barque à Villandry."
38688658,https://www.pexels.com/photo/38688658/,2026-07-22,"Vue idyllique d'une rivière, d'une végétation luxuriante et d'un pont à Villandry",,,"Villandry (Indre-et-Loire), pont sur un bras de rivière : Titre de l'auteur et suite cohérente des photos de Villandry du même import."
38694058,https://www.pexels.com/photo/38694058/,2026-07-23,"Jardins élégants du château de Villandry, verdure luxuriante et motifs raffinés",,,"Seul indice textuel : « botanical garden », sans rapport avec Niort ; la photo montre : Jardins élégants du château de Villandry, verdure luxuriante et motifs raffinés."
38694059,https://www.pexels.com/photo/38694059/,2026-07-23,Le potager méticuleusement dessiné du célèbre château de Villandry,,,"Seul indice textuel : « botanical garden », sans rapport avec Niort ; la photo montre : Le potager méticuleusement dessiné du célèbre château de Villandry."
39182180,https://www.pexels.com/photo/39182180/,2026-08-24,"Gros plan sur du lichen et de la mousse couvrant des rochers, à Buzy",,,"Seul indice textuel : « aquitaine », « nouvelle-aquitaine », sans rapport avec Niort ; la photo montre : Gros plan sur du lichen et de la mousse couvrant des rochers, à Buzy."
39228267,https://www.pexels.com/photo/39228267/,2026-08-27,"Une vache blonde d'Aquitaine broute dans un pâturage boueux, Pyrénées-Atlantiques",,,"Seul indice textuel : « aquitaine », sans rapport avec Niort ; la photo montre : Une vache blonde d'Aquitaine broute dans un pâturage boueux, Pyrénées-Atlantiques."
39228273,https://www.pexels.com/photo/39228273/,2026-08-27,"Charmante église romane nichée dans la verdure, à Buzy",,,"Seul indice textuel : « aquitaine », « nouvelle-aquitaine », sans rapport avec Niort ; la photo montre : Charmante église romane nichée dans la verdure, à Buzy."
39376205,https://www.pexels.com/photo/39376205/,2026-09-05,"Majestueuse sculpture d'ange au monument aux Girondins, à Bordeaux, sous un ciel bleu",,,"Seul indice textuel : « aquitaine », « nouvelle-aquitaine », sans rapport avec Niort ; la photo montre : Majestueuse sculpture d'ange au monument aux Girondins, à Bordeaux, sous un ciel bleu."
39386271,https://www.pexels.com/photo/39386271/,2026-09-05,"Statue de la fontaine du monument aux Girondins, sculptures et éclaboussures, à Bordeaux",,,"Seul indice textuel : « aquitaine », « nouvelle-aquitaine », sans rapport avec Niort ; la photo montre : Statue de la fontaine du monument aux Girondins, sculptures et éclaboussures, à Bordeaux."
39386274,https://www.pexels.com/photo/39386274/,2026-09-05,"Vue détaillée de la statue du monument aux Girondins, à Bordeaux",,,"Seul indice textuel : « aquitaine », « nouvelle-aquitaine », sans rapport avec Niort ; la photo montre : Vue détaillée de la statue du monument aux Girondins, à Bordeaux."
39423921,https://www.pexels.com/photo/39423921/,2026-09-08,"Architecture classique de l'hôtel de ville d'Irun, au Pays basque espagnol",,,"Seul indice textuel : « hotel de ville », « mairie », « town hall », sans rapport avec Niort ; la photo montre : Architecture classique de l'hôtel de ville d'Irun, au Pays basque espagnol."
