photo,titre_fr,mots_cles_fr
38188748,Le dôme de la Grave et le pont Saint-Pierre illuminés la nuit à Toulouse,"toulouse, dôme de la grave, pont saint-pierre, garonne, france, photographie de nuit, illuminé, architecture historique, pont à treillis, lampadaires, ciel nocturne, reflet, paysage urbain, ville rose, bord de rivière, voyage en europe, monument emblématique, lumière crépusculaire, lueur chaude, horizon urbain"
38188749,Vue verticale nocturne du dôme de la Grave près du pont Saint-Pierre à Toulouse,"toulouse, dôme de la grave, pont saint-pierre, garonne, france, photographie de nuit, composition verticale, illuminé, architecture historique, lampadaires, ciel nocturne, reflet, ville rose, bord de rivière, paysage urbain, voyage en europe, monument emblématique, lumière crépusculaire, lueur chaude, promeneur solitaire"
38256668,"Gros plan sur une peluche licorne blanche, fond en flou artistique","licorne, peluche, jouet pour enfant, corne dorée, mignon, fantaisiste, gros plan, macro, bokeh, arrière-plan flou, blanc, fantaisie, enfance, décoration de chambre d'enfant, ludique, magique, en intérieur, éclairage doux, photographie de jouet"
38256669,Nature morte en noir et blanc d'un coussin fleuri et d'un téléphone sur un lit défait,"noir et blanc, monochrome, lit, linge de lit, coussin fleuri, smartphone, nature morte, douillet, style de vie, textile, draps froissés, matin, intérieur, minimaliste, gros plan, vue de dessus, téléphone sur le lit, motif, lumière douce, détente"
38256829,Portrait détendu d'un homme au chapeau de paille appuyé contre une branche,"homme, portrait, style de vie, chapeau de paille, tatouage, lunettes de soleil, extérieur, branche d'arbre, nature, été, décontracté, souriant, chauve, barbe, spontané, lumière tachetée, verdure, homme adulte, ambiance détendue, parc"
38279502,Délicate rose blanche en fleur parmi des feuilles vert brillant au soleil,"rose blanche, rose, fleur, fleur épanouie, pétales, jardin, macro, gros plan, botanique, nature, étamines, feuilles vertes, floraison printanière, délicat, floral, lumière du soleil, frais, floraison, plante, flou artistique"
38279503,Gros plan en noir et blanc d'une pie perchée parmi les branches,"pie, oiseau, noir et blanc, monochrome, faune, perché, branche d'arbre, plumes, nature, oiseau de jardin, corvidé, aviaire, gros plan, feuillage, faune urbaine, oiseau européen, bec, plumes de la queue, printemps, bois"
38279504,"Superbe façade de l'hôtel de ville de Niort, drapeaux et architecture classique","architecture, façade, niort, hôtel de ville, france, europe, monument, tourisme, nouvelle-aquitaine, architecture française, site historique"
38279505,Vue en noir et blanc d'une promenade bordée d'arbres et de bancs à Niort,"niort, france, promenade bordée d'arbres, avenue, noir et blanc, monochrome, banc de parc, allée, été, ombre, arbres, deux-sèvres, parc urbain, jardin public, chemin piéton, calme, verdure, symétrie, ville française, tranquille"
38279506,"Vue paisible d'un parc de Niort, avec un clocher imposant et de beaux arbres verdoyants","france, arbres, parc, niort, flèche d'église, nature, architecture, extérieur, europe, patrimoine, été, paysage"
38279507,Des roses blanches encadrent des sculptures animalières abstraites dans une rue de Niort,"niort, france, street art, sculpture, art public, roses blanches, rosier, scène urbaine, rue de la ville, architecture, fleurs, rue piétonne, été, journée ensoleillée, ville française, fleurs épanouies, paysage de rue, sculpture contemporaine, bord de route, devantures de magasins"
38279508,"Belle façade d'un bâtiment administratif à Niort, drapeaux tricolores","france, français, bâtiment, drapeau, façade, niort, tricolore, architecture, pierre, europe, patrimoine, blanc"
38279509,Bas-relief sculpté de la Belle Époque à Niort,"france, niort, sculpture, relief, bas-relief, belle époque, architecture, pierre, europe, patrimoine, vintage, historique"
38279511,Gros plan sur des hortensias vert pâle et blanc en pleine floraison,"hortensia, fleur, fleur épanouie, macro, gros plan, vert pâle, fleurs blanches, grappe de fleurs, botanique, jardin, nature, pétales, floraison estivale, délicat, couleurs douces, hortensia boule, luxuriant, plante, frais"
38279512,Pétunias roses éclatants en fleurs près de grappes de fleurs rouges,"pétunia, fleurs roses, fleurs rouges, fleurs de jardin, macro, gros plan, floral, floraison estivale, coloré, plantes à massif, botanique, nature, fleur épanouie, couleurs vives, pétales, massif de fleurs, éclatant, jardin extérieur, lumière du soleil, en fleurs"
38279514,Les fleurs roses d'un arbre à soie ombragent un monument en pierre à Niort,"niort, france, albizia julibrissin, arbre à soie, fleurs roses, monument en pierre, place publique, été, parc, piéton, paysage citadin, ville française, arbres, ombre, mémorial, place, verdure, journée ensoleillée, marche"
38279515,Un bus passe devant des sculptures de street art dans le centre de Niort,"niort, france, bus urbain, transports en commun, scène de rue, sculpture, piétons, boutiques, vie urbaine, devantures de magasins, centre-ville, été, transport, ville française, paysage de rue, architecture, vie quotidienne, trottoir, spontané"
38279516,Macro sur des pétunias magenta éclatants en fleurs,"pétunia, magenta, fleurs roses, macro, gros plan, floral, botanique, jardin, floraison estivale, couleur vive, pétales, nature, fleur épanouie, plante à massif, éclatant, massif de fleurs, lumière du soleil, texture, extérieur, coloré"
38279517,Un piéton traverse une place de Niort bordée de sculptures de street art,"niort, france, street art, place publique, piéton, sculpture, rue de la ville, devantures de magasins, été, centre-ville, scène urbaine, ville française, boutiques, spontané, lumière de midi, vie citadine, auvents, clients, marche, place"
38279684,"Reflet artistique de fleurs et d'un lampadaire dans l'eau, effet onirique sous un ciel dégagé","fleurs, eau, artistique, reflet, ciel dégagé, lampadaire, rêveur, voie navigable, nature, france, vert, europe"
38536476,Un homme détendu savoure un instant dans un café en ville,"homme, style de vie, loisir, café, bokeh, portrait, été, urbain, journée, reflet, décontracté"
38536477,Homme en chemise blanche savourant une boisson glacée en extérieur,"extérieur, homme, détendu, chemise blanche, boisson glacée, bokeh, portrait, été, urbain, style de vie, décontracté"
38536478,"Portrait détendu d'un homme à lunettes et chemise blanche, plein d'assurance","portrait, homme, lunettes, détendu, chemise blanche, confiance, style de vie, moderne, minimaliste, souriant, gros plan"
38536479,"Portrait d'un homme assuré, lunettes et barbe, souriant en extérieur","portrait, extérieur, homme, barbe, lunettes, confiant, bokeh, urbain, style de vie, décontracté, mâle"
38536480,Un homme savoure une boisson fraîche à la terrasse d'un café,"extérieur, café, portrait, style de vie, souriant, rue, lumière du jour, décontracté, mâle, barbe, lunettes, loisir"
38536481,"Gros plan sur un homme souriant à lunettes, détendu et serein, en extérieur","portrait, extérieur, homme, souriant, gros plan, lunettes, détendu, satisfait, bokeh, urbain, style de vie, journée"
38536694,"Portrait songeur d'un homme fumant une cigarette, lumières floues en arrière-plan","portrait, arrière-plan, homme, cigarette, pensif, fumer, lumières floues, bokeh, extérieur, été, urbain, style de vie"
38561990,"Gros plan sur un homme au regard pensif, arrière-plan flou","portrait, homme, gros plan, expression, pensif, arrière-plan flou, bokeh, extérieur, style de vie, émotion, moderne, photographie"
38561991,"Gros plan sur un homme pensif fumant en extérieur, lumière vive","homme, portrait, fumant, cigarette, pensif, gros plan, lumière vive, bokeh, surexposé, contemplatif, décontracté, homme adulte, barbe naissante, spontané, portrait en extérieur, style de vie, arrière-plan en flou artistique, expression pensive, lumière du jour, high-key"
38561992,"Gros plan sur un homme fumant en extérieur, expression pensive et ambiance cinématographique","extérieur, homme, gros plan, cigarette, pensif, fumer, cinématographique, bokeh, portrait, urbain, style de vie, émotion"
38561993,Profil d'un homme fumant une cigarette sous une lumière douce,"homme, portrait, fumant, cigarette, vue de profil, lumière vive, bokeh, high-key, décontracté, contemplatif, homme adulte, barbe naissante, spontané, portrait en extérieur, style de vie, lumière du jour, flou artistique, arrière-plan surexposé, songeur, regard baissé"
38561994,"Homme songeur marquant une pause, cigarette en main et cheveux ébouriffés","homme, portrait, cigarette, fumant, main, bague, pensif, cheveux ébouriffés, lumière vive, bokeh, spontané, décontracté, homme adulte, barbe naissante, regard songeur, style de vie, portrait en extérieur, high-key, lumière du jour, gros plan"
38561995,Homme décoiffé par le vent fumant de profil sous une lumière vive,"homme, portrait, fumant, cigarette, profil, main, cheveux décoiffés par le vent, lumière vive, bokeh, high-key, spontané, décontracté, homme adulte, barbe naissante, contemplatif, style de vie, portrait en extérieur, lumière du jour, gros plan, flou artistique"
38561996,"Portrait d'un homme à la cigarette, l'air contemplatif dans un cadre décontracté","portrait, homme, cigarette, adulte, contemplatif, bokeh, extérieur, urbain, style de vie, moderne, gros plan"
38562044,"Scène spontanée à la terrasse d'un café entre amis, en France","apéritif, terrasse de café, amis, repas en plein air, bokeh, scène de rue, france, spontané, été, boissons, style de vie, convivialité, jeunes adultes, lunettes, casquette de baseball, foule floue, urbain, rassemblement décontracté, lumière du jour, table"
38570569,"Détail d'une patère en bois sur un portemanteau chromé, ciré jaune en arrière-plan flou","portemanteau, patère en bois, chromé, crochets, ciré jaune, macro, gros plan, photo de détail, arrière-plan flou, bokeh, design d'intérieur, nature morte, grain du bois, minimaliste, entrée, imperméable, métal courbé, penderie, couloir, objets du quotidien"
38570570,"Pleine lune se levant derrière des cheminées, ciel nocturne violet","lever de lune, pleine lune, toit, cheminée, antenne télé, antenne parabolique, silhouette, ciel nocturne, ciel violet, nuages, sombre, photographie de nuit, france, atmosphérique, mystique, mélancolique, soir, ciel dramatique, ligne de toit, nuit urbaine"
38570572,Un homme avec un sac à dos marche dans une ruelle étroite d'un village français,"photographie de rue, rue étroite, village, france, marche, sac à dos, north face, spontané, piéton, ruelle, voitures garées, casquette, chemise à fleurs, voyage, touriste, vue de dos, bâtiments en grès, volets, vie de tous les jours, été"
38570603,Graffiti « je t'aime » peint en violet sur une surface orangée et rouillée,"graffiti, je t'aime, street art, peinture en aérosol, violet, orange, grunge, texture, art urbain, français, métal rouillé, romantique, patiné, vandalisme, art textuel, mot doux, coloré, brut, gros plan"
38674515,Croissant de lune encadré par une silhouette floue en forme de losange,"croissant de lune, phase lunaire, ciel bleu, tombée du jour, bokeh, silhouette, abstrait, minimaliste, crépuscule, forme de losange, premier plan flou, artistique, france, ciel du soir, flou artistique, composition créative, mélancolique, onirique, flou, trouée de ciel"
38674516,Fin croissant de lune brillant dans un ciel bleu crépusculaire vertical,"croissant de lune, phase lunaire, ciel crépusculaire, ciel bleu, ciel en dégradé, horizon orangé, vertical, minimaliste, nature, tombée du jour, ciel dégagé, serein, calme, photographie du ciel, atmosphérique, lumière douce, tranquille, soir, ciel pastel, clair de lune"
38674517,Silhouettes de toits et d'antennes télé sur un ciel pastel au crépuscule,"toit, silhouette, cheminée, antenne télé, ciel crépusculaire, ciel pastel, tombée du jour, france, soir, horizon urbain, ligne de toit, couleurs du coucher de soleil, atmosphérique, minimaliste, ciel en dégradé, échafaudage, calme, ciel bleu et rose, souches de cheminée, vieille ville"
38682316,Des drapeaux français célèbrent le 14 juillet sur un balcon fleuri de mairie,"drapeau français, tricolore, 14 juillet, hôtel de ville, mairie, balcon, géraniums, pétunias, architecture, france, fête nationale, balustrade en fer forgé, fleurs, façade en pierre, patriotique, volets, bâtiment officiel, déploiement de drapeaux, été"
38688484,Ruelle étroite dans le vieux village de Villandry,"villandry, rue du village, france, maisons en pierre, toit moussu, vieilles maisons, vallée de la loire, architecture, patrimoine, souches de cheminée, rustique, campagne, voiture, route de campagne, traditionnel, rue en pente, village historique, arbres, mur en pierre, campagne française"
38688485,Des enfants à vélo devant un manoir au toit d'ardoise près de Villandry,"villandry, cyclisme, enfants, balade à vélo en famille, manoir, toit d'ardoise, toit mansardé, lucarnes, village, france, arbres, campagne, casques, vacances d'été, vallée de la loire, rural, balade à vélo, arbres taillés en têtard, road trip, vacances"
38688486,"Pont de Villandry sur la rivière, orné de géraniums roses","villandry, pont sur la rivière, géraniums, fleurs, rivière, france, vallée de la loire, passerelle, lampadaire, paniers de fleurs, bord de rivière, village, été, reflet, verdure, pittoresque, allée bordée d'arbres, fleurs roses, campagne, eau"
38688488,Statue en bronze d'un poilu sur un monument aux morts français,"monument aux morts, soldat de la première guerre mondiale, statue, statue en bronze, armistice, commémoration, souvenir, villandry, france, poilu, monument, casque, capote militaire, histoire, première guerre mondiale, ciel bleu, statue commémorative, patriotique, sculpture, hommage"
38688489,Charmante barque ancienne amarrée sur les berges tranquilles de Villandry,"france, historique, villandry, rivière, bateau, quai, berge de rivière, tranquille, nature, vert, extérieur, europe"
38688658,"Vue idyllique d'une rivière, d'une végétation luxuriante et d'un pont à Villandry","france, végétation, villandry, rivière, pont, végétation luxuriante, nature, arbres, architecture, extérieur, europe, patrimoine"
38694025,Casseroles en cuivre anciennes et table dressée dans les cuisines du château de Villandry,"château de villandry, casseroles en cuivre, cuisine ancienne, nature morte, candélabre, carafe, soupière, bouteille de vin, intérieur, france, vallée de la loire, intérieur historique, table dressée, porcelaine, vintage, cuisine rustique, ustensiles en cuivre, lueur de bougie, dîner, patrimoine"
38694042,Élégante photo en noir et blanc de la façade du château de Villandry,"france, noir et blanc, villandry, château de villandry, façade, détail, élégant, architecture, pierre, extérieur, europe, patrimoine"
38694043,Le charme historique des jardins de Villandry en noir et blanc,"jardin, historique, villandry, monochrome, classique, élégance, nature, france, architecture, pierre, extérieur, europe"
38694044,"Jardins, canal et architecture historique de Villandry sous un ciel lumineux","architecture, jardins, ciel, historique, villandry, canal, tranquille, nature, france, extérieur, europe, patrimoine"
38694045,"Paysage paisible de jardins soignés à Druye, sous un ciel bleu dégagé","france, ciel bleu, druye, paisible, nature, architecture, extérieur, europe, patrimoine, été, monument, tourisme"
38694046,Allées du potager d'ornement menant à l'église de Villandry,"château de villandry, potager, jardin d'ornement, clocher, village, france, vallée de la loire, haies de buis, pergolas de jardin, visiteurs, vue en hauteur, jardin à la française, site patrimonial, ciel bleu, tourisme, jardinage, aménagement paysager, topiaire, jardin d'été"
38694047,"Les motifs élaborés des jardins de Villandry, en Centre-Val de Loire","france, villandry, centre-val de loire, design, jardins de villandry, nature, arbres, architecture, extérieur, europe, patrimoine, été"
38694048,Vue pittoresque du château de Villandry et de ses jardins reflétés dans un bassin paisible,"jardins, villandry, château de villandry, pittoresque, nature, france, arbres, extérieur, europe, patrimoine, été, paysage"
38694049,Motifs géométriques des parterres de buis dans les jardins du château de Villandry,"château de villandry, parterre de buis, jardin d'ornement, topiaire, aménagement paysager, france, vallée de la loire, jardin à la française, motif géométrique, haies, jardinage, site patrimonial, symétrie, labyrinthe vert, volutes, vue en hauteur, tourisme, parc du château, paysage, lumière de midi"
38694050,Belle vue aérienne des jardins géométriques du château de Villandry,"france, jardin, villandry, château de villandry, nature, vert, extérieur, europe, patrimoine, été, verdure, horticulture"
38694051,"Vue du ciel des jardins du château de Villandry, verdure luxuriante et motifs géométriques","vert, jardins, verdure, villandry, château de villandry, vue aérienne, nature, france, extérieur, europe, patrimoine, été"
38694052,"Un jardin soigné à Villandry, topiaires et fontaines par une journée ensoleillée","jardins, villandry, art topiaire, bien entretenu, fontaine, nature, france, architecture, extérieur, europe, patrimoine, été"
38694053,"Des visiteurs flânent dans le potager de Villandry, les toits du village en arrière-plan","château de villandry, potager, bégonias, massifs de fleurs colorés, clocher, village, france, vallée de la loire, visiteurs, touristes, toits, allées de jardin, jardin d'ornement, vue en hauteur, jardin à la française, patrimoine, haies de buis, jardinage, été"
38694054,"Les motifs raffinés des jardins de Villandry, site patrimonial emblématique","france, patrimoine, monument, jardins, villandry, nature, architecture, vert, extérieur, europe, été, tourisme"
38694055,Vue aérienne des jardins aux motifs soignés du château de Villandry,"france, jardins, villandry, château de villandry, motif, vue aérienne, nature, extérieur, europe, patrimoine, plantes, tourisme"
38694056,"Les célèbres jardins géométriques du château de Villandry, en Centre-Val de Loire","france, villandry, château de villandry, centre-val de loire, jardins géométriques, nature, extérieur, europe, patrimoine, été, monument, verdure"
38694057,Vue aérienne des parterres élaborés des jardins de Villandry,"france, villandry, vue aérienne, parterre, jardins de villandry, europe, patrimoine, tourisme, verdure, village, horticulture, château de villandry"
38694058,"Jardins élégants du château de Villandry, verdure luxuriante et motifs raffinés","france, jardins, verdure, château de villandry, élégant, nature, architecture, pierre, extérieur, europe, patrimoine, été"
38694059,Le potager méticuleusement dessiné du célèbre château de Villandry,"france, villandry, château de villandry, potager, extérieur, europe, patrimoine, été, verdure, horticulture, centre-val de loire, journée"
38694060,Parterres élaborés et verdure luxuriante des célèbres jardins de Villandry,"france, vert, jardin, verdure, villandry, parterre, luxuriant, nature, architecture, extérieur, europe, patrimoine"
38708319,Raisins verts mûrissant sur une vigne au château de Villandry,"château de villandry, raisins, vignoble, liane, raisins verts, pergola, agriculture, fruit, france, vallée de la loire, récolte d'été, vigne, bokeh, lumière du soleil, jardin, viticulture, feuilles, fruit mûrissant, gros plan, macro"
38708320,"Bégonias roses éclatants en fleurs, macro en flou artistique","bégonia, fleurs roses, photographie macro, bokeh, floral, fleurs de jardin, château de villandry, france, gros plan, flou artistique, magenta, couleurs éclatantes, fleurs d'été, nature, fleur épanouie, pétales, feuilles panachées, macro de fleur, jardin d'ornement, coloré"
38708321,Échinops bleus illuminés par un bokeh de jardin,"échinops, fleurs bleues, fleurs violettes, photographie macro, bokeh, floral, jardin, château de villandry, france, fleur épineuse, nature, floraison estivale, fleur sauvage, gros plan, botanique, vivace, macro de fleur, jardin d'ornement, flou artistique"
38708322,Fleurs de phlox roses illuminées sur un fond sombre en macro,"phlox, fleurs roses, photographie macro, bokeh, floral, arrière-plan sombre, jardin, château de villandry, france, gros plan, fleur épanouie, pétales, fleurs d'été, éclatant, botanique, nature, grappe de fleurs, fort contraste, jardin d'ornement, coloré"
38708323,Roses jaune pâle aux pétales ondulés en fleurs dans un jardin,"roses jaunes, roses crème, pétales ondulés, photographie macro, bokeh, floral, jardin, château de villandry, france, gros plan, fleur de rose, fleurs d'été, romantique, rose ancienne, botanique, nature, couleurs pastel, macro de fleur, en fleurs, lumière douce"
38712877,Alliances en or posées dans un vide-poche en pierre sculptée avec une améthyste,"bagues de mariage, bagues en or, améthyste, pierre précieuse, vide-poche à bagues, bague gravée, alliances, macro, gros plan, bokeh, bijoux, mariage, jour de mariage, gemme violette, nature morte, tons chauds, détails de mariage, engagement, romance, élégance"
38712878,Alliances en or rose ornées d'émeraudes sur un tissu gris,"bagues en or rose, bagues de mariage, émeraude, pierre précieuse, macro, bokeh, gros plan, bijoux, alliances, tissu gris, flou artistique, détails de mariage, engagement, mariage, minimaliste, élégant, romantique, lin, intime, nature morte"
38712879,Pile de livres et tasse en inox sur une étagère en bois,"livres, pile de livres, tasse, inox, coin lecture, bokeh, douillet, étagère en bois, nature morte, bibliothèque, lumière chaude, gros plan, en intérieur, lecture, loisir, romans, littérature, arrière-plan flou, intérieur, amoureux des livres"
38712880,Alliances posées sur une petite statue de bouddha en méditation,"bagues de mariage, bagues en or, statue de bouddha, méditation, zen, émeraude, pierre précieuse, spirituel, calme, sérénité, macro, gros plan, nature morte, pleine conscience, arrière-plan sombre, alliances, mariage, tranquille, symbolique, paisible"
38712881,Alliances en or posées sur un faire-part de mariage vert,"bagues de mariage, bagues en or, faire-part de mariage, carte d'invitation, macro, gros plan, table en bois, nature morte, papeterie de mariage, jour de mariage, mariage, détails de mariage, dorure, élégant, célébration, engagement, romance, art du papier, organisation de mariage, rustique"
38712882,"Alliances sur une carte d'invitation, tasse floue en arrière-plan","bagues de mariage, bagues en or, faire-part de mariage, carte d'invitation, table en bois, bokeh, tasse, macro, gros plan, nature morte, papeterie de mariage, jour de mariage, mariage, rustique, tons chauds, célébration, engagement, dorure, élégant, détails de mariage"
38712883,Ensemble de faire-part de mariage avec deux alliances en or sur bois,"faire-part de mariage, ensemble de faire-part, bagues de mariage, bagues en or, table en bois, à plat, papeterie de mariage, dorure, macro, gros plan, nature morte, jour de mariage, mariage, élégant, rustique, célébration, détails de mariage, engagement, art du papier, design"
38781489,"Gros plan sur deux alliances en or ornées d'émeraudes sur un tissu, symboles d'engagement","gros plan, amour, tissu, engagement, émeraude, alliances, bokeh, texture, macro, minimaliste, artistique, classique"
38855700,Côte de porc grillée et choucroute dans une assiette bleue,"côte de porc, viande grillée, choucroute, assiette, assiette bleue, cuisine maison, fourchette, table en bois, plat réconfortant, repas copieux, fait maison, dîner, gros plan, table rustique, plat de viande, savoureux, cuisine européenne, délicieux, accompagnement, table dressée"
38971384,"Un feu d'artifice coloré illumine le ciel nocturne au-dessus de Foz, en Galice","feu d'artifice, foz, galice, espagne, ciel nocturne, célébration, festival, fiesta, foule, terrasse, fumée colorée, pyrotechnie, fête d'été, fête locale, violet, vert, scène nocturne, fête de rue, spectateurs, bodega"
38971694,"Sommet embrumé encadré d'arbres au Gipuzkoa, dans le Pays basque","gipuzkoa, pays basque, euskadi, saint-sébastien, donostia, montagne, sommet, brume légère, brouillard, arbres, forêt, nature, paysage, randonnée, vert, mélancolique, atmosphérique, espagne, nature sauvage, pittoresque"
38973353,"Site industriel avec vapeur montante et grue près de Bilbao, au crépuscule","bilbao, espagne, industriel, usine, vapeur, grue, construction, pays basque, crépuscule, heure dorée, fumée, industrie, eucalyptus, collines, lumière du soir, paysage citadin, fabrication, port, brume, paysage urbain"
38973354,Torchère d'une raffinerie surplombant la côte près de Bilbao,"bilbao, espagne, raffinerie, torchère, industriel, côte, pays basque, mer, vue sur l'océan, énergie, industrie pétrolière, voitures, circulation, ciel bleu, littoral, falaises, paysage industriel, lignes électriques, cheminée d'usine, horizon"
38993391,"Début d'une éclipse solaire partielle dans le ciel de Galice, en Espagne","éclipse solaire, éclipse partielle, galice, espagne, soleil, lune, astronomie, croissant de soleil, ciel, éclipse de 2026, événement céleste, lueur orangée, espace, astrophotographie, soleil et lune, science, événement rare, journée, phénomène, observation du ciel"
38993497,Le croissant s'affine pendant l'éclipse solaire en Galice,"éclipse solaire, éclipse partielle, galice, espagne, soleil, lune, croissant de soleil, astronomie, éclipse de 2026, événement céleste, lueur orangée, espace, astrophotographie, fin croissant, soleil et lune, science, événement rare, phénomène, observation du ciel, ciel"
38993636,Fin croissant de l'éclipse solaire sur un ciel qui s'assombrit,"éclipse solaire, éclipse partielle, galice, espagne, soleil, lune, fin croissant, astronomie, ciel qui s'assombrit, éclipse de 2026, événement céleste, espace, astrophotographie, soleil et lune, science, événement rare, phénomène, observation du ciel, ciel dramatique, lumière de crépuscule"
38994579,Coucher de soleil flamboyant vu à travers le pare-brise pendant un road trip,"coucher de soleil, road trip, intérieur de voiture, volant, silhouette, solitude, conduite, crépuscule, ciel orangé, smartphone, trajet du soir, heure dorée, horizon, voyage, vue à travers le pare-brise, atmosphérique, mélancolique, ciel rouge, périple, reflet"
38995522,L'éclipse solaire totale révèle la couronne solaire au-dessus de la Galice,"éclipse solaire totale, couronne solaire, chromosphère, protubérance solaire, galice, espagne, soleil, lune, totalité, astronomie, événement céleste, éclipse de 2026, espace, astrophotographie, soleil noir, science, événement rare, phénomène, ciel nocturne, protubérance rouge"
39151960,Lit de ruisseau asséché et rocailleux dans une forêt luxuriante près de Pau,"pau, france, pyrénées, forêt, lit du ruisseau, rochers, ruisseau, sentier nature, randonnée, vert, fougères, mousse, bois, pierres, nature française, pyrénées-atlantiques, plein air, nature sauvage, chemin, forêt estivale"
39151961,Tronc couvert de lierre au bord d'un sentier forestier près de Pau,"pau, france, pyrénées, forêt, lierre, tronc mort, chemin de terre, fougères, mousse, bois, sentier nature, vert, randonnée, nature française, pyrénées-atlantiques, sous-bois, nature sauvage, plein air, feuillage, bokeh"
39151962,"Sentier rocailleux dans une ravine à sec, à travers une forêt verdoyante près de Pau","pau, france, pyrénées, ravine, ruisseau à sec, forêt, rochers, sentier de randonnée, vert, bois, sentier nature, pierres, pyrénées-atlantiques, nature française, nature sauvage, plein air, chemin, forêt estivale, canopée, végétation luxuriante"
39151963,Chemin de terre sinueux à travers une forêt dense dans les Pyrénées-Atlantiques,"pau, france, pyrénées-atlantiques, pyrénées, forêt, chemin de terre, sentier de randonnée, vert, bois, sentier nature, végétation luxuriante, canopée, nature sauvage, plein air, forêt estivale, arbres, randonnée, sentier pittoresque, chemin, nature française"
39167572,Fil barbelé rouillé enroulé autour d'un rocher couvert de mousse près de Buzy,"fil barbelé, mousse, rocher, macro, gros plan, sol forestier, bokeh, clôture rurale, texture, vert, buzy, pau, pyrénées-atlantiques, france, bois, rustique, détail de nature, fougères, branches sèches, campagne"
39167573,"Vue voilée sur les toits de Pau depuis une colline herbeuse, en fin d'après-midi","pau, france, pyrénées-atlantiques, paysage urbain, ligne d'horizon, vue depuis la colline, vue aérienne, paysage citadin, immeubles, toits, brume, bokeh, herbe sèche, ciel couvert, ville, vallée, sud-ouest de la france, panoramique, brumeux"
39167574,Rocher moussu parmi les fougères sur le sol d'une forêt près de Buzy,"mousse, rocher, fougères, sol forestier, macro, gros plan, buzy, pau, pyrénées-atlantiques, france, bois, vert, feuilles mortes, bokeh, détail de nature, sous-bois, campagne, rustique, litière de feuilles, herbe"
39167575,Maison traditionnelle au toit d'ardoise dominant les toits de Pau,"pau, france, pyrénées-atlantiques, paysage urbain, ferme, toit d'ardoise, vue depuis la colline, banlieue, toits, arbres, voilé, vallée, ville, sud-ouest de la france, vue aérienne, campagne, architecture, brumeux, ciel couvert"
39167576,Liane enroulée autour d'un rocher couvert de mousse près de Buzy,"mousse, rocher, liane, lierre, sol forestier, macro, gros plan, buzy, pau, pyrénées-atlantiques, france, bois, vert, feuilles mortes, bokeh, détail de nature, sous-bois, campagne, rustique, herbe"
39182177,"Roche poreuse érodée, encadrée par un doux bokeh vert de jardin","rocher, érosion, texture, mousse, macro, gros plan, bokeh, jardin, vert, pierre patinée, france, détail de nature, parc, verdure, extérieur, géologie, patine, mise au point rapprochée, texture de pierre, motif naturel"
39182178,"Fleurs roses d'hibiscus des jardins, bokeh vert en arrière-plan","hibiscus des jardins, hibiscus syriacus, fleur rose, macro, gros plan, bokeh, floraison, jardin, flore, pétales, été, france, bouton de fleur, botanique, éclatant, magenta, nature, arbuste, arrière-plan vert"
39182179,"Un visiteur observe un dolmen préhistorique près de Pau, en noir et blanc","dolmen, mégalithe, monument antique, noir et blanc, monochrome, parc, france, pau, pierres dressées, préhistorique, monument de pierre, visiteur, arbres, herbe, site historique, archéologie, patrimoine, site emblématique, extérieur, ombre"
39182180,"Gros plan sur du lichen et de la mousse couvrant des rochers, à Buzy","nature, france, macro, mousse, lichen, rochers, animé, bokeh, pierre, extérieur, europe, paysage"
39208821,"Chemin forestier en pierre sur le chemin de Saint-Jacques-de-Compostelle, près de Pau","chemin de saint-jacques-de-compostelle, itinéraire de pèlerinage, chemin forestier, sentier de randonnée, mur de pierre, mousse, arbres, sous-bois, france, pau, pyrénées-atlantiques, sentier pédestre, balise de sentier, vert, ombragé, pèlerins en marche, nature, rural, pierres moussues"
39208822,"Canopée ombragée sur un sentier du chemin de Saint-Jacques-de-Compostelle, près de Pau","chemin de saint-jacques-de-compostelle, itinéraire de pèlerinage, chemin forestier, sentier de randonnée, sous-bois, canopée, arbres, ombre, mousse, rochers, france, pau, pyrénées-atlantiques, balise de sentier, vert, sentier pédestre, feuillu, lumière tachetée, pèlerins"
39208846,Une tige séchée dessine une ombre délicate sur un rocher moussu ensoleillé,"macro, roche, ombre, plante séchée, tige, mousse, texture, gros plan, minimaliste, détail de nature, brin d'herbe, pyrénées-atlantiques, france, surface de pierre, botanique, abstrait, tons terreux, lumière du soleil, motif naturel, photo en détail"
39208847,"Balisage officiel du chemin de Saint-Jacques-de-Compostelle sur un sentier rocailleux, près de Pau","chemin de saint-jacques-de-compostelle, balise, panneau de pèlerinage, sentier de randonnée, chemin rocailleux, forêt, mousse, blocs rocheux, arbres, france, pau, pyrénées-atlantiques, balise de sentier, sentier pédestre, vert, sous-bois, pèlerins, panneau indicateur, sentier nature"
39208897,"Feuilles piquantes d'un arbuste persistant en gros plan, bokeh doux de sous-bois","macro, gros plan, feuilles vertes, arbuste persistant, bokeh, feuillage, plante, détail de nature, sous-bois, texture, botanique, lumière du soleil, forêt, pyrénées-atlantiques, france, feuillage piquant, branches, lumière naturelle, détail de plante, plante sauvage"
39208898,"Lichen et mousse jaune-vert sur une écorce, parmi des feuilles de lierre","lichen, mousse, écorce d'arbre, macro, gros plan, lierre, texture, vert, lichen jaune, sous-bois, détail de nature, botanique, sol forestier, branches, lianes, motif naturel, pyrénées-atlantiques, france, photo en détail"
39212504,"Forêt de montagne brumeuse aux tons pastel, encadrée de branches surplombantes","pyrénées, pau, france, montagnes, brume, tons pastel, forêt, collines, branches d'arbre, paysage, vue verticale, atmosphérique, tons bleus, contreforts, verdure, sommet lointain, tranquille, lumière douce, nature"
39212505,Contreforts brumeux des Pyrénées au-dessus d'un pâturage tranquille,"pyrénées, pau, france, montagnes, pâturage, pré, clôture en fil de fer, brume, tons pastel, forêt, collines, campagne, rural, contreforts, tranquille, paysage, arbres, terres agricoles, lumière douce"
39212506,"Cimes ensoleillées se fondant dans des montagnes brumeuses aux tons pastel, près de Pau","pyrénées, pau, france, montagnes, brume, tons pastel, forêt, collines, lumière du soleil, branches d'arbre, paysage, vue verticale, brume atmosphérique, tons bleus, contreforts, verdure, tranquille, lumière douce, cimes des arbres, serein"
39212518,"Village pyrénéen en panorama, niché dans une vallée sous des sommets striés de nuages","pyrénées, pau, france, panorama, vallée, village, montagnes, nuages, ciel bleu, paysage, campagne, rural, champs verts, vue pittoresque, contreforts, sommets brumeux, vue large, sud-ouest de la france, été, terres agricoles"
39212519,"Village pyrénéen ensoleillé, niché dans une vallée et encadré de sommets rocheux lointains","pyrénées, pau, pyrénées-atlantiques, france, vallée, village, montagnes, ciel dégagé, paysage, campagne, rural, champs verts, vue pittoresque, contreforts, sommets rocheux, vue large, sud-ouest de la france, été, terres agricoles, ensoleillé"
39212520,Clôture en bois bordant un pâturage verdoyant sous les contreforts des Pyrénées,"agriculture, pâturage, terres agricoles, clôture en bois, pyrénées, pau, france, campagne, rural, champs verts, arbres, montagnes, contreforts, collines, paysage, pré, été, ferme, pittoresque, tranquille"
39212543,Le pic du Midi d'Ossau domine des contreforts brumeux,"pic du midi d'ossau, pyrénées, vallée d'ossau, pau, france, sommet montagneux, brume, paysage, branches d'arbre, tons bleus, contreforts, sommet, vue verticale, atmosphérique, forêt, pittoresque, sommet emblématique, nature, tranquille, montagne lointaine"
39228266,"Portrait d'un cheval bai au doux bokeh vert, dans les Pyrénées-Atlantiques","cheval, cheval bai, équin, portrait de cheval, crinière, pâturage, enclos, pyrénées-atlantiques, france, campagne française, bokeh, bokeh vert, tronc d'arbre, rural, animal de ferme, gros plan, été, oreilles dressées, extérieur, nature"
39228267,"Une vache blonde d'Aquitaine broute dans un pâturage boueux, Pyrénées-Atlantiques","vache, blonde d'aquitaine, bovins, bétail, pâturage, enclos, boue, pyrénées-atlantiques, france, campagne française, agriculture, rural, feuilles, bokeh, été, animal de ferme, tons chauds"
39228268,"Deux chevaux bais côte à côte dans un pâturage ombragé, Pyrénées-Atlantiques","cheval, cheval bai, deux chevaux, équin, pâturage, enclos, pyrénées-atlantiques, france, campagne française, crinière, tronc d'arbre, ombre, bokeh, bokeh vert, rural, animal de ferme, gros plan, été, extérieur"
39228269,"Les sommets des Pyrénées dominent un village brumeux, près de Pau","pyrénées, montagnes, pau, pyrénées-atlantiques, france, vallée, village, brume, montagnes bleutées, paysage, vue sur le coteau, téléobjectif, campagne, été, pittoresque, rural, collines"
39228270,"Contreforts des Pyrénées encadrés de feuilles de chêne, près de Pau","pyrénées, montagnes, pau, pyrénées-atlantiques, france, vallée, panorama, feuilles de chêne, vue encadrée, terres agricoles, campagne, rural, champs verts, été, pittoresque, paysage, collines, route"
39228271,"Vieille grange en pierre sur une ferme française, en noir et blanc","grange, bâtiment agricole, rural, agriculture, noir et blanc, monochrome, france, campagne française, chemin envahi par la végétation, toit en tôle ondulée, mur de pierre, rustique, terres agricoles, hangar, végétation, vieux bâtiment, cour de ferme, patiné"
39228272,Arbre et bloc morainique moussu sur le chemin de Saint-Jacques-de-Compostelle,"chemin de saint-jacques-de-compostelle, pèlerinage, arbre, bloc rocheux, moraine, mousse, montagnes, pyrénées, france, paysage, sentier de randonnée, campagne, brume, été, pittoresque, rural, canopée verte, nature"
39228273,"Charmante église romane nichée dans la verdure, à Buzy","france, église, verdure, animé, roman, arbre, architecture, pierre, extérieur, europe, patrimoine, été"
39228274,Village paisible niché dans les collines verdoyantes de Bourgogne-Franche-Comté,"france, village, calme, bourgogne-franche-comté, collines, panoramique, luxuriant, nature, arbres, architecture, extérieur, europe"
39228275,Une vache charolaise dans un champ boueux de Bourgogne-Franche-Comté,"france, rural, vache, bourgogne-franche-comté, champ, charolais, vache charolaise, boueux, extérieur, europe, pyrénées-atlantiques, animal"
39228699,"Clocher et abside à coupole d'une église historique, à Gijón, en Espagne","gijón, asturies, espagne, église, clocher, dôme, tour de l'horloge, patrimoine, architecture religieuse, statues, façade, bâtiment historique, site emblématique, croix, ciel bleu, architecture, architecture européenne, bâtiment en pierre"
39235897,Rayures diagonales noir et blanc sur une façade géométrique,"façade, noir et blanc, rayures, motif géométrique, architecture, lignes diagonales, texture, motif, abstrait, extérieur du bâtiment, minimaliste, contraste, architecture moderne, gros plan, symétrie, rivets, bicolore"
39235898,Falaise stratifiée plongeant dans une mer turquoise,"falaise, formation rocheuse, strates rocheuses, mer, eau turquoise, littoral, falaise côtière, texture, géologie, roche sédimentaire, nature, érosion, motif naturel, roche érodée, lumière du jour, pittoresque"
39236039,"Des amis admirent un coucher de soleil doré depuis des chaises de camping, au sommet d'une colline","coucher de soleil, heure dorée, amis, chaises de camping, sommet de colline, rural, silhouette, style de vie, détente, campagne, rassemblement, soir, ligne d'horizon, loisirs en plein air, groupe de personnes, escalier"
39238257,"Éoliennes sur une colline, halte d'un road trip en Europe","éoliennes, parc éolien, énergie renouvelable, road trip, voiture, coteau, paysage rural, europe, baskets, photo sur le vif, campagne, été, herbe sèche, rochers, voyage, paysage, marche"
39238258,Roses roses et rouges débordant d'une grille en fer forgé,"roses, roses roses, roses rouges, fleurs, floral, fer forgé, clôture, décoration, bokeh, gros plan, jardin, en fleurs, pétales, ornemental, romantique, couleurs vives"
39238259,"Un clocher historique domine une rue animée, dans une ville européenne","église, clocher, façade, architecture, europe, bâtiment historique, rosace, architecture religieuse, rue de la ville, urbain, voiture, bâtiments colorés, ciel nuageux, site emblématique, bâtiment en pierre, entrée en arc, statue, scène de rue"
39241472,"Silhouette en noir et blanc d'une personne observant une éclipse solaire, près d'une voiture","éclipse solaire, éclipse, silhouette, noir et blanc, monochrome, ciel assombri, contemplation, voiture, événement céleste, astronomie, phénomène céleste, crépuscule, vue arrière, observation, atmosphérique, exploration"
39241587,"Gros plan macro sur une bouche d'aération de voiture, bokeh chaud et lumineux","macro, intérieur de voiture, bouche d'aération, bokeh, gros plan, abstrait, lumière chaude, nuit, détail, flou, tableau de bord, automobile, texture, flou artistique, lumière ambiante, reflet d'objectif"
39296054,"Un Border Collie curieux glisse la tête dans un feuillage verdoyant, pelage noir et blanc","noir et blanc, feuillage, border collie, curieux, nature, france, bokeh, portrait, extérieur, paysage, pyrénées-atlantiques, verdure"
39296055,Roses rouges éclatantes en fleurs dans un jardin français ensoleillé,"roses rouges, roses, fleurs, floral, jardin, france, en fleurs, pétales, bokeh, gros plan, feuilles vertes, été, couleurs vives, nature, macro, lumière du soleil, rosier, botanique"
39296056,"Un Border Collie noir et blanc assis parmi des feuilles vert vif, dans un cadre paisible","extérieur, noir et blanc, feuilles, vibrant, border collie, colley, nature, france, bokeh, arbre, portrait, paysage"
39359758,"Lampe de sanctuaire rouge floutée sur un panneau d'autel sculpté, église française","chemin de saint-jacques-de-compostelle, pyrénées-atlantiques, france, intérieur d'église, lampe du sanctuaire, autel, panneau sculpté, flou de mouvement, pose longue, mouvement intentionnel de l'appareil, dévotionnel, pèlerinage, tons chauds, abstrait, art religieux, église des pèlerins, église catholique, lumière rouge, motif en losanges"
39359759,"Statue floutée du Christ aux bras ouverts, baignée de lumière","chemin de saint-jacques-de-compostelle, france, statue du christ, statue religieuse, église, alcôve, arc de pierre, flou de mouvement, contre-jour, éthéré, dévotionnel, pèlerinage, sacré-cœur, spirituel, flou artistique, abstrait, lumière chaude, sculpture, église catholique"
39359760,Vitrail bleu et rose illuminant un mur d'église en pierre,"chemin de saint-jacques-de-compostelle, france, vitrail, rosace, oculus, fenêtre d'église, mur de pierre, bleu et rose, éclat de lumière, éclat de soleil, bokeh, détail d'architecture, pèlerinage, dévotionnel, art religieux, à contre-jour, verre coloré, roman, église des pèlerins"
39359761,Lampe votive en pose longue sur un retable richement sculpté,"chemin de saint-jacques-de-compostelle, pyrénées-atlantiques, france, lampe votive, retable, autel sculpté, motif en losanges, pose longue, flou de mouvement, abstrait, dévotionnel, pèlerinage, lumière bleue, lueur chaude, intérieur d'église, mouvement intentionnel de l'appareil, art religieux, église catholique, église des pèlerins"
39359762,"Statue du Christ dans une alcôve de pierre au-dessus de fleurs jaunes, chemin de Compostelle","chemin de saint-jacques-de-compostelle, france, statue du christ, alcôve en pierre, sculpture religieuse, plafond voûté, fleurs jaunes, fleurs sauvages, église, dévotionnel, pèlerinage, inscription, sacré-cœur, passage voûté en pierre, spirituel, église des pèlerins, église catholique, architecture, jardin"
39359763,"Lampe votive et panneau d'autel sculpté, aperçus sous une arche sombre","chemin de saint-jacques-de-compostelle, france, lampe votive, autel, panneau sculpté, intérieur d'église, flou de mouvement, sombre, abstrait, dévotionnel, pèlerinage, tons bleus, silhouette, détail d'architecture, église des pèlerins, église catholique, pose longue, mystérieux, lumière ambiante"
39359764,"Retable baroque doré, flouté dans une église française","chemin de saint-jacques-de-compostelle, france, retable baroque, doré, autel, peinture religieuse, saint, intérieur d'église, flou de mouvement, dévotionnel, pèlerinage, or, orné, art religieux, église des pèlerins, église catholique, lumière bleue, tabernacle, art sacré"
39359765,"Lumière floutée et abstraite filtrant par deux fenêtres, dans une nef sombre","chemin de saint-jacques-de-compostelle, france, abstrait, flou de mouvement, intérieur d'église, sombre, contemplatif, fenêtres, minimalisme, mélancolique, pose longue, pèlerinage, dévotionnel, spirituel, méditation, faible luminosité, silhouette, église des pèlerins, lumière ambiante"
39359766,Retable baroque illuminé entre des fenêtres ensoleillées,"chemin de saint-jacques-de-compostelle, france, retable baroque, doré, intérieur d'église, peinture religieuse, saint, fenêtres, pèlerinage, dévotionnel, architecture religieuse, orné, art sacré, église des pèlerins, église catholique, murs de pierre, lumière du soleil, abside, sanctuaire"
39363486,"Traînées lumineuses abstraites de flammes de bougies, dans une église française sombre","flammes de bougies, traînées de lumière, pose longue, peinture de lumière, abstrait, lumière orange, flou de mouvement, église, france, pyrénées-atlantiques, photographie de nuit, tons chauds, spirituel, dévotionnel, bougies commémoratives, bougies votives, feu, lueur, mystérieux"
39363487,Plusieurs bougies commémoratives brillent doucement dans une chapelle française sombre,"bougies commémoratives, bougie votive, lueur des bougies, sombre, contemplation, église, chapelle, france, pyrénées-atlantiques, recueillement, veillée, faible luminosité, lueur chaude, spirituel, dévotionnel, photographie de nuit, calme, solennel, flamme"
39376205,"Majestueuse sculpture d'ange au monument aux Girondins, à Bordeaux, sous un ciel bleu","france, ciel, ciel bleu, monument, sculpture, bordeaux, monument aux girondins, ange, girondins, majestueux, architecture, extérieur"
39376206,"Statue en bronze d'une figure ailée de la Liberté tenant une chaîne brisée, à Bordeaux","bordeaux, france, gironde, monument aux girondins, statue de la liberté, statue de la victoire, sculpture en bronze, figure ailée, chaîne brisée, couronne de laurier, ciel bleu, contre-plongée, site emblématique, monument historique, art public, détail de sculpture, gros plan, journée ensoleillée, patrimoine français"
39386271,"Statue de la fontaine du monument aux Girondins, sculptures et éclaboussures, à Bordeaux","eau, monument, sculpture, statue, bordeaux, monument aux girondins, fontaine, france, extérieur, europe, patrimoine, été"
39386272,"Chevaux et angelots de la fontaine des Girondins, à Bordeaux","bordeaux, france, gironde, monument aux girondins, fontaine, statues en bronze, sculpture de cheval, chérubin, éclaboussures d'eau, place publique, site emblématique, monument historique, socle en pierre, groupe sculpté, patrimoine français, journée d'été, ciel bleu, monument civique, figures allégoriques"
39386273,"Figure en bronze couronnée de laurier s'élevant de la fontaine des Girondins, à Bordeaux","bordeaux, france, gironde, monument aux girondins, fontaine, statue en bronze, couronne de laurier, rameau d'olivier, figure allégorique, éclaboussures d'eau, sculpture, site emblématique, monument historique, place publique, patrimoine français, journée d'été, gros plan, sculpture classique, monument civique"
39386274,"Vue détaillée de la statue du monument aux Girondins, à Bordeaux","france, détail, statue, bordeaux, monument aux girondins, architecture, pierre, portrait, extérieur, europe, patrimoine, monument"
39423920,"Voiture argentée garée près d'un mur, panneau bleu de virage à droite, à Irun, au Pays basque","mur, pays basque, irun, voiture garée, panneau tournez à droite, voiture argentée, extérieur, europe, ombre, fenêtre, gipuzkoa, paysage urbain"
39423921,"Architecture classique de l'hôtel de ville d'Irun, au Pays basque espagnol","architecture, espagne, pays basque, irun, arches, mairie, arbre, extérieur, europe, patrimoine, été, monument"
39423922,"Bâtiments colorés de la vieille ville d'Irun, à l'architecture basque traditionnelle","architecture, bâtiment, coloré, traditionnel, irun, vieille ville, ville, basque, extérieur, europe, paysage, voyage"
39423923,"Murs en pierre en terrasses à Irun, en noir et blanc","irun, gipuzkoa, euskadi, pays basque, espagne, noir et blanc, monochrome, mur de pierre, murs en terrasses, mur de soutènement, scène de rue, paysage urbain, bouche d'incendie, architecture, garde-corps en fer, arbres, bâtiment moderne, rue de la ville, minimaliste"
39423924,"Immeuble rose orné d'un lauburu basque, à Irun","irun, gipuzkoa, euskadi, pays basque, espagne, lauburu, symbole basque, immeuble, façade rose, architecture résidentielle, marches en pierre, réverbère, balcons, urbain, ville, détail d'architecture, voyage en espagne, culture basque, rue calme"
39434688,"Gros plan sur une porte ancienne patinée, rivets et peinture écaillée","texture, vintage, gros plan, détail, porte, patiné, peinture écaillée, rivets, europe, bois, historique, classique"
39434689,"Vue plongeante sur un ruisseau moussu parmi les rochers, au Pays basque","ruisseau, gipuzkoa, euskadi, pays basque, espagne, rochers, plantes aquatiques, mousse, nature, vue plongeante, macro, boueux, vert, eau, sol forestier, gros plan, texture naturelle, nature sauvage"
39434690,"Homme en casquette et lunettes de soleil, fond en bokeh","homme, portrait, casquette, lunettes de soleil, bokeh, photographie de rue, photo sur le vif, arrière-plan flou, été, journée ensoleillée, urbain, style de vie, jeune homme, barbe, style décontracté, portrait en extérieur, bâtiment moderne, ville, ciel dégagé"
39434691,"Un cycliste passe devant une porte verte patinée, à Irun","irun, gipuzkoa, euskadi, pays basque, espagne, cycliste, vélo, porte verte, porte usée, architecture, photographie de rue, homme âgé, gilet de sécurité, sac à dos, bâtiment historique, photo sur le vif, scène urbaine, porte en pierre, porte ornée"
39434692,Portrait en gros plan d'un homme en lunettes de soleil et casquette blanche,"homme, portrait, gros plan, casquette, lunettes de soleil, bokeh, barbe, photographie de rue, photo sur le vif, arrière-plan flou, été, journée ensoleillée, urbain, style de vie, jeune homme, style décontracté, portrait en extérieur, portrait en buste, ciel dégagé"
39455692,Vue en contre-plongée sur la façade baroque de la cathédrale de Saint-Jacques-de-Compostelle,"cathédrale de saint-jacques-de-compostelle, galice, espagne, chemin de saint-jacques-de-compostelle, architecture baroque, façade de l'obradoiro, clochers, flèches, itinéraire de pèlerinage, site religieux, site du patrimoine mondial de l'unesco, façade en pierre, vue en contre-plongée, ciel bleu, bâtiment historique, place de l'obradoiro, destination de pèlerinage, journée ensoleillée, voyage en europe, tours d'église"
39455693,"Une lumière voilée nimbe une statue couronnée d'une étoile, à Saint-Jacques-de-Compostelle","statue, étoile, éclat de soleil, saint-jacques-de-compostelle, galice, espagne, chemin de saint-jacques-de-compostelle, site patrimonial, architecture historique, contre-plongée, à contre-jour, halo solaire, lumière brumeuse, sculpture sur pierre, toit, vieille ville, statue religieuse, pèlerinage, ciel bleu, sculpture ornée"
39455694,Une statue étoilée domine les toits de Saint-Jacques-de-Compostelle,"statue, étoile, saint-jacques-de-compostelle, galice, espagne, chemin de saint-jacques-de-compostelle, site patrimonial, architecture historique, contre-plongée, ciel dégagé, sculpture sur pierre, toits, vieille ville, statue religieuse, pèlerinage, lumière du soleil, sculpture ornée, flèches, pinacle, quartier médiéval"
39516999,"Balustrades de pierre et lampadaires anciens embellissent un toit, en Espagne","espagne, toit, balustrade, balustrade en pierre, lampe vintage, architecture, extérieur, europe, urbain, historique, téléobjectif, paysage urbain"
39517000,"Gros plan sur un monument plateresque, par une journée ensoleillée en Espagne","monument, espagne, ensoleillé, architectural, plateresque, architecture, pierre, extérieur, europe, patrimoine, tourisme, voyage"
39517001,"Façade historique ornée d'une cordyline et surveillée par des caméras, en Espagne","cordyline, caméra de surveillance, vidéosurveillance, façade du bâtiment, encadrements de fenêtres rouges, panneau de stationnement, feu de circulation, espagne, galice, scène de rue, architecture urbaine, surveillance, bâtiment en pierre, rue européenne, plante ornementale, centre-ville, panneau routier, journée ensoleillée, architecture historique, détail urbain"
39517013,"Instant sur le vif dans un jardin espagnol ensoleillé, entre fleurs roses et fontaine","photographie de rue, photo sur le vif, jardin, parc, fleurs roses, fontaine, personnes, garçon, bouteille d'eau, espagne, galice, été, journée ensoleillée, banc de pierre, voyage, vie quotidienne, parc urbain, touristes, arbuste en fleurs, arbre d'ombrage"
39532048,"Gros plan sur un cosmos rose vif baigné de soleil, fond vert flouté","fleur, arrière-plan, gros plan, cosmos, nature, bokeh, extérieur, été, paysage, contraste, plante, texture"
39532049,"Rangée de maisons mitoyennes aux toits de tuiles rouges et aux bougainvilliers, en Espagne","maisons mitoyennes, toits de tuiles rouges, lucarnes à pignon, bougainvillier, architecture résidentielle, répétition, espagne, galice, arbres de rue, façade en pierre, été, journée ensoleillée, banlieue européenne, motif architectural, symétrie, haie de jardin, rue calme, paysage urbain, logements de banlieue, rythme urbain"
39532050,Délicat cosmos rose et blanc illuminé par le soleil du jardin,"fleur de cosmos, cosmos bipinnatus, photographie macro, fleur rose, bokeh, jardin, floral, gros plan, pétales délicats, étamine jaune, floraison estivale, flou artistique, nature, bouton de fleur, faible profondeur de champ, botanique, lumière du soleil, couleurs pastel, fleur sauvage, plante à fleurs"
39550972,"Des cormorans perchés sur un rocher au-dessus de la mer, près de Ribadeo","cormorans, oiseaux marins, ribadeo, lugo, galice, espagne, faune côtière, formation rocheuse, océan, téléobjectif, photographie animalière, eau turquoise, côte atlantique, corniche rocheuse, colonie d'oiseaux, nature, paysage marin, journée ensoleillée, falaises côtières"
39550973,"Des cormorans rassemblés sur une falaise striée de guano, sous les vagues","cormorans, oiseaux marins, guano, falaise maritime, ribadeo, lugo, galice, espagne, vagues déferlantes, embruns, côte atlantique, faune côtière, roche de flysch, photographie animalière, paysage marin, formation rocheuse, colonie d'oiseaux, nature, éclaboussure de vague, eau turquoise"
39550974,"Falaises de flysch stratifiées plongeant dans une eau turquoise, côte de Ribadeo","ribadeo, lugo, galice, espagne, formation rocheuse de flysch, falaises maritimes, eau turquoise, côte atlantique, paysage côtier, vagues de l'océan, strates rocheuses, érosion de la falaise, paysage marin, nature, littoral accidenté, géologie, éclaboussure de vague, été, journée ensoleillée, paysage spectaculaire"
39564913,"Une étroite gorge marine traverse d'imposantes formations rocheuses, à Ribadeo","plage des cathédrales, ribadeo, lugo, galice, espagne, gorge marine, roche de flysch, formation rocheuse, côte atlantique, eau turquoise, paysage côtier, arche naturelle, falaise, paysage marin, géologie, nature, été, journée ensoleillée, littoral spectaculaire"
39564914,"Gorge marine encadrée de falaises érodées à l'horizon, près de Ribadeo","plage des cathédrales, ribadeo, lugo, galice, espagne, gorge marine, roche de flysch, horizon, côte atlantique, eau turquoise, paysage côtier, falaises érodées, paysage marin, géologie, nature, ligne d'horizon, été, ciel dégagé, littoral spectaculaire"
39564915,"Petit bateau et passagers traversant une mer calme, près de Ribadeo, en noir et blanc","monochrome, noir et blanc, bateau, passagers, ribadeo, lugo, galice, espagne, mer, eau calme, embarcation, bateau semi-rigide, excursion côtière, océan atlantique, sillage, minimaliste, paysage marin, maritime, touristes, été"
39564916,"Brume bleutée sur un coteau d'eucalyptus, à Lugo, en Galice","forêt d'eucalyptus, lugo, galice, espagne, collines brumeuses, brouillard, brume bleutée, nature, sous-bois, paysage mélancolique, atmosphérique, pins, coteau, couvert, tranquille, galice rurale, forêt de montagne, brume, couleurs atténuées, silhouette"
39564917,"Bateau de pêche et de plongée glissant sur la mer, près de Ribadeo, en noir et blanc","monochrome, noir et blanc, bateau de pêche, bateau de plongée, ribadeo, lugo, galice, espagne, mer, embarcation, sillage de bateau, océan atlantique, excursion côtière, maritime, minimaliste, paysage marin, eau libre, mer calme, été, touristes"
39564918,"Vue panoramique sur les arches rocheuses de la plage des Cathédrales, côte de Ribadeo","plage des cathédrales, ribadeo, lugo, galice, espagne, panorama, arche rocheuse, formation de flysch, côte atlantique, eau turquoise, vue aérienne, paysage côtier, monument naturel, paysage marin, géologie, falaises, été, attraction touristique, érosion"
39575545,"Photo de nuit abstraite et minimaliste, une seule lumière orange","abstrait, minimaliste, obscurité, nuit, lumière orange, lueur, bokeh, flou, mystère, faible luminosité, fond noir, point de lumière, photographie de nuit, mélancolique, atmosphérique, espace négatif, conceptuel, lumière ambiante, galice, espagne"
39575546,Éoliennes dominant un sentier de colline sous un ciel bleu dégagé,"éolienne, parc éolien, énergie renouvelable, galice, espagne, énergie propre, ciel dégagé, coteau, chemin de terre, durabilité, paysage rural, été, journée ensoleillée, campagne, énergie éolienne, infrastructure énergétique, pins, ciel bleu, pales d'hélice"
39575547,"Chemin de gravier menant à des éoliennes, sur une colline de Galice","éolienne, parc éolien, énergie renouvelable, galice, espagne, chemin de gravier, coteau, ciel dégagé, campagne, paysage rural, pins, été, journée ensoleillée, énergie propre, énergie éolienne, sentier pédestre, collines verdoyantes, durabilité, ciel bleu, horizon"
39575548,Affleurement rocheux sauvage et pin solitaire sur une colline de Galice,"affleurement rocheux, pin, galice, espagne, lande, herbes sauvages, ajonc, coteau, campagne, paysage rural, ciel dégagé, été, journée ensoleillée, nature, nature sauvage, roche granitique, broussailles, ciel bleu, terrain accidenté, flore sauvage"
39595391,"Voie lactée et ciel étoilé à couper le souffle, en Galice","ciel, espagne, étoiles, étoilé, voie lactée, galice, nature, europe, paysage, horizon urbain, silhouette, ciel dégagé"
39595392,"Ciel étoilé sur la Galice, avec la galaxie d'Andromède visible","ciel nocturne, voie lactée, galaxie d'andromède, m31, étoiles, astrophotographie, galice, espagne, silhouette d'arbre, pollution lumineuse, halo lumineux, champ d'étoiles, ciel profond, pose longue, ciel sombre, paysage nocturne, cosmos, observation des étoiles, nuit rurale, nuit d'été"
39632228,Silhouette d'un pin sous un ciel nocturne brumeux et éclairé par la lune,"pin, silhouette, ciel nocturne, clair de lune, lever de lune, brouillard, brume, colline brumeuse, paysage sombre, nature, ambiance mélancolique, paysage nocturne, tranquille, minimaliste, rural, à contre-jour, lueur, plein air, campagne, arbre persistant"
39632229,Une lumière vive perce des branches de pin par une nuit brumeuse,"pin, silhouette, éclat de lumière, ciel nocturne, clair de lune, brouillard, brume, étoile de lumière, rayons de lumière, nature, ambiance mélancolique, paysage nocturne, tranquille, lumière dramatique, à contre-jour, lueur, plein air, campagne, arbre persistant, pose longue"
39632230,Traînées de néon rouge abstraites formant une croix lumineuse,"abstrait, peinture de lumière, traînées de lumière, néon, rouge, pose longue, photographie expérimentale, minimalisme, forme de croix, fond sombre, lueur, couleurs vives, photographie de nuit, flou de mouvement, futuriste, énergie, art créatif, géométrique, lumineux, noir profond"
39650070,"Voie lactée et étoiles dans le ciel nocturne, près de Lugo","voie lactée, ciel nocturne, étoiles, galaxie, astrophotographie, lugo, galice, espagne, constellations, ciel étoilé, ciel sombre, pose longue, paysage nocturne, cosmos, espace, nuit rurale, ciel dégagé, céleste, observation des étoiles, lueur à l'horizon"
39670619,"Intérieur moderne d'une bibliothèque aux étagères en verre, à Gijón","bibliothèque, étagère à livres, étagères en verre, noir et blanc, monochrome, architecture moderne, design d'intérieur, gijón, asturies, espagne, éducation, livres, minimaliste, symétrie, sol blanc, salle de lecture, contemporain, intérieur vide, géométrique, centre culturel"
39670620,Gijón et sa tour Laboral sous un ciel nuageux,"ligne d'horizon, clocher, tour laboral, gijón, asturies, espagne, site emblématique, architecture patrimoniale, noir et blanc, monochrome, tour baroque, ciel nuageux, bâtiment historique, tour de l'horloge, flèche, croix, girouette, couvert, ciel dramatique, monument"
39670621,"La tour Laboral aperçue derrière un arbre et des toits modernes, à Gijón","tour laboral, clocher, gijón, asturies, espagne, site emblématique, patrimoine, architecture baroque, tour de l'horloge, flèche, arbre, toit moderne, toit bleu, ciel couvert, monument historique, universidad laboral, croix, téléobjectif, paysage urbain, contraste"
39670622,"Ensemble de la Laboral Ciudad de la Cultura en noir et blanc, à Gijón","laboral ciudad de la cultura, clocher, dôme, gijón, asturies, espagne, site emblématique, architecture patrimoniale, noir et blanc, monochrome, bâtiment historique, tour baroque, style monastique, tour de l'horloge, flèche, croix, ciel nuageux, monument, universidad laboral, façade imposante"
39670623,"Tour et dôme de la Laboral au-dessus des arbres, à Gijón, dans les Asturies","tour laboral, dôme, clocher, gijón, asturies, espagne, site emblématique, patrimoine, architecture baroque, tour de l'horloge, flèche, arbres, bâtiment historique, croix, ciel bleu, monument, universidad laboral, campus, centre culturel, façade imposante"
39670624,"Villa ornée rouge et blanche sur un coteau boisé, à Gijón","villa, manoir, façade rouge et blanche, gijón, asturies, espagne, architecture, téléobjectif, villa indiano, coteau, arbres, tourelle, bâtiment orné, maison historique, résidentiel, toit en flèche, belle époque, campagne, forêt, vue lointaine"
39670625,"Grand atrium à colonnes corinthiennes et toit de verre, en noir et blanc","atrium, colonnade, colonnes corinthiennes, toit de verre, noir et blanc, monochrome, architecture, cour, arcs, bâtiment historique, symétrie, architecture classique, intérieur, grande salle, colonnes de pierre, puits de lumière, motif géométrique, monumental, bâtiment patrimonial, perspective"
39670626,"Imposantes colonnes de pierre vues en contre-plongée, noir et blanc saisissant","colonnes de pierre, colonnade, contre-plongée, noir et blanc, monochrome, architecture, balcon, garde-corps, cour, architecture classique, ombres dramatiques, bâtiment historique, arcade, monumental, perspective, texture, bâtiment patrimonial, façade imposante, texture de pierre, composition verticale"
39670627,Le campus de la Laboral Ciudad de la Cultura vu depuis le terrain de sport,"laboral ciudad de la cultura, campus, clocher, dôme, gijón, asturies, espagne, site emblématique, architecture patrimoniale, terrain de sport, ciel nuageux, bâtiment historique, universidad laboral, vue large, façade imposante, couvert, champ vert, centre culturel, panoramique, monument"
39670628,"Façade de la Laboral Ciudad de la Cultura en noir et blanc, à Gijón","laboral ciudad de la cultura, façade, clocher, dôme, gijón, asturies, espagne, site emblématique, architecture patrimoniale, noir et blanc, monochrome, bâtiment historique, parking, ciel dramatique, universidad laboral, bâtiment imposant, centre culturel, monument, nuages orageux, grand angle"
36170132,"Canards nageant dans un canal en crue sous un pont à Niort, au printemps","france, pont, niort, printemps, canard, inondation, canal inondé, nature, arbres, extérieur, europe, eau"
35403785,Dominos,"jeux de société, jeux, belle présentation, feuille de calcul, dominos, ludique"
35363731,Chat de Noël,"chat, fête, achats de noël, animal de compagnie adorable, cadeaux de noël"
35168742,"Tour-horloge en pierre entourée de verdure luxuriante, en Mayenne","france, verdure, tour, horloge, tour de l'horloge, mayenne, nature, arbres, architecture, extérieur, europe, paysage"
35086239,Champ de fleurs sauvages blanches et jaunes en pleine floraison,"nature, sauvage, champ, fleurs sauvages, vert, extérieur, fleur, été, paysage, jardin, végétation, verdure"
35024039,Rochers empilés formant un monument naturel sous un ciel bleu et nuageux,"ciel nuageux, vue panoramique, monument naturel, pierres empilées, nature, pierres, extérieur, paysage, ciel bleu, mer, journée, isolé"
34988859,Curiosité,"chat, couleurs, chatoyant, curiosité animale, félin mignon, ambiance de jardin"
34982307,MOOD: APOLLO 800-N Tranche de vie,"joie, bar, foule, illuminations de noël, illumination de la ville, ivresse, ambiance de fête"
34956322,"Barque abandonnée sur un rivage rocheux, en noir et blanc","noir et blanc, solitude, rivage, rivage rocheux, abandonné, barque, textures, vintage, monochrome, mer, isolé, naturel"
34956321,"Mouette posée sur une croix, en noir et blanc","noir et blanc, blanc, mer, noir, solitude, croix, mouette, calme, nature, pierre, extérieur, contraste"
34939469,"Formation rocheuse majestueuse sur la côte normande, battue par les vagues","océan, vagues, côte, normandie, formation rocheuse, vagues océaniques, majestueux, nature, france, pierre, extérieur, europe"
34939468,"Bateau au large d'une côte rocheuse, en France","france, aventure, bateau, côte rocheuse, détente, nature, extérieur, europe, paysage, tourisme, voyage, mer"
34939467,Phare sur un rivage rocheux à Saint-Planchers,"france, phare, rochers, rivage rocheux, saint-planchers, serein, extérieur, europe, eau, paysage, monument, français"
34930396,Vagues bleues formant une texture aquatique abstraite,"texture, bleu, abstrait, océan, vagues, vibrant, aquatique, aqua, nature, extérieur, eau, mer"
34908867,Maison sur les rochers de l'île de Chausey,"france, maison, chausey, île, côtier, rochers, rivage rocheux, île de chausey, nature, arbres, architecture, extérieur"
34894970,"Phare pittoresque sur la côte rocheuse de Granville, sous un ciel nuageux","france, ciel, phare, nuageux, côte, rocheux, granville, pittoresque, nature, architecture, vert, extérieur"
34894969,"Monument pyramidal en pierre entouré de verdure, à Chausey","france, pierre, vert, monument, verdure, chausey, côtier, pyramide, nature, architecture, extérieur, europe"
34894953,"Le phare du Loup, solitaire dans la brume marine","france, mer, phare, le loup, brume, solitaire, nature, architecture, vert, europe, monument, voyage"
34849705,"Architecture gothique de l'abbaye du Mont-Saint-Michel, arches élancées et vitraux","architecture, fenêtres, gothique, architecture gothique, arches, abbaye, le mont-saint-michel, vitrail, france, pierre, europe, patrimoine"
34828680,Mouette solitaire sur un muret de pierre,"mer, mur en pierre, mouette, serein, nature, france, extérieur, arrière-plan, europe, ciel bleu, liberté"
34793920,Gros plan sur un moineau domestique perché sur un rocher,"gros plan, moineau, moineau domestique, nature, portrait, extérieur, liberté, journée, oiseau, série, teinte, faune"
34793919,Gros plan sur un moineau domestique perché sur une pierre,"gros plan, perché, moineau, moineau domestique, plumage, nature, portrait, extérieur, animal, liberté, journée, oiseau"
34793918,"Moineau perché sur un rocher, fond flouté","arrière-plan, perché, rocher, moineau, nature, pierre, portrait, extérieur, liberté, oiseau, série, teinte"
34762346,"Porte en bois rustique et sa lanterne, charme d'autrefois","bois, rustique, porte, lanterne, porte en bois, france, europe, patrimoine, vintage, historique, ancien, européen"
34552339,Lampadaire lunaire,"arbre, orange, lampadaire, couleurs chaudes, atmosphère d'automne, ambiance apaisante, clair de lune"
34552338,Lampadaire orange,"orange, arbre, lampadaire, couleurs chaudes, atmosphère d'automne, ambiance apaisante, clair de lune"
34552337,MOOD: APOLLO 800-N,"france, église, village, automne, promenade en planches"
34532663,Table heureuse,"fête, amour, restaurant, séparation, repas"
34517717,Minimaliste MOOD: APOLLO 800-N,"france, vintage, café, repos, salle de pause, bureau, papeterie, fournitures, détente"
34506494,Angle du pendentif,"pendentif, pierre, portrait, tissus, original, angle artistique, aventurine"
34506473,Paix et magie,"acier, bijoux, marque-page, damas, bague"
34500401,Prendre racine,"arbre, fleurs, maison, météo, racines, rongé, rampe, sud"
34500400,Rectiligne,"architecture, arrière-plan, sobre, architecture minimaliste, rainure"
34500399,On part !,"duveteux, sac à dos, chapeau, paix intérieure, en déplacement, s'éloigner, paix"
34500398,Roule ma poule !,"voyage, véhicule, cuir"
34500397,Vitraux,"architecture, arrière-plan, église, vitraux, sacré"
34500396,République,"france, drapeau, république, république française"
34500395,Terrasse portrait,"portrait, france, drapeau, café, république, république française, terrasse"
34500394,Terrasse,"france, portrait, drapeau, café, république, république française, terrasse"
34500393,En travaux,"couleurs, fête, travaux routiers, fanions, pots de fleurs, restaurant indien, nacelle"
34500388,Mairie de Cognac,"jardin, ciel bleu, hôtel de ville, république, pierre blanche"
34500387,Drapeau français,"france, portrait, drapeau, café, république, république française, terrasse"
34500386,Mairie de Cognac,"jardin, ciel bleu, hôtel de ville, république, pierre blanche"
34500385,Repos,"jardin, mouvement, flou, assis sur un banc"
34500384,"Mairie historique de Cognac, drapeau français et jardins sous un ciel bleu","france, jardin, ciel bleu, drapeau, drapeau français, mairie, cognac, mairie de cognac, architecture, extérieur, fleurs, europe"
34500354,Mairie de Cognac,"jardin, ciel bleu, hôtel de ville, république, pierre blanche"
34500351,Envahi,"nature, lampadaire, phare, envahi par la végétation"
34500350,Traversé,"nature, vert, pont, promenade en planches, touches dorées"
34500348,Verdure prenante,"nature, pierre, vert, vie, racine, beau"
34500347,Fond de tuiles,"toit de tuiles rouges, motifs de carreaux"
34500337,Racines,"nature, racines, haché"
34500336,Fond de nature,"nature, vert, arrière-plan, feuilles, fond naturel"
34500335,Fond de nature 2,"nature, vert, arrière-plan, feuilles, fond naturel"
34500334,"Téléphone, cartes et café","parc, verre, séparation, hommes, groupe, amis, rassemblement, aire de pique-nique, détente"
34500333,Réglages,"arbre, photographe, angle de prise de vue, chemise à carreaux, réglages manuels"
34500332,"Vue à travers une arche historique, avec une voiture et un cycliste, en noir et blanc","noir et blanc, historique, voiture, arche, cycliste, arche historique, architecture, extérieur, contraste, texture, ville, monochrome"
34500331,Usine,"soir, lueur, production"
34500328,"Maison isolée au bord d'une rivière, entourée de forêt, en noir et blanc","noir et blanc, maison, rivière, forêt, isolé, luxuriant, nature, arbres, architecture, extérieur, eau, paysage"
34491966,KODAKEIR,"couleurs, infrarouge, argentique, photographie infrarouge, sport, exotique, barque à rames"
34408656,Pluie,"atmosphère d'automne, pluie, naturelle, thème, beauté"
34408224,MOOD: APOLLO 800-N,"france, rue, tricolore, brèche, dragon, ambiance vintage"
34354428,MOOD: PROLOGUE 1600-D,"homme, souriant, femme, amour, couple, romantique, heureux, blonde, selfie, yeux bleus, yeux marron"
34354427,MOOD: PROLOGUE 1600-D,"homme, souriant, femme, amour, couple, romantique, heureux, blonde, selfie, yeux bleus, yeux marron, clin d'œil"
34354424,"Parc pittoresque à Niort, couleurs d'automne et vue sur la cathédrale","parc, automne, cathédrale, niort, pittoresque, nature, france, arbres, architecture, extérieur, europe, paysage"
34354423,MOOD: MONO 1600-U,"portrait, noir et blanc, zoom, reflet d'objectif, photographie, souriant, photographe, fujifilm, tamron, lot"
34354421,MOOD: MONO 1600-U,"nature, arbres, noir et blanc, jardin, parc, rempart, digue"
34354420,MOOD: MONO 1600-U,"portrait, noir et blanc, zoom, reflet d'objectif, photographie, souriant, photographe, fujifilm, tamron, lot"
34354418,MOOD: MONO 1600-U,"portrait, noir et blanc, zoom, photographie, photographe, fujifilm, tamron"
34354417,MOOD: MONO 1600-U,"portrait, noir et blanc, zoom, reflet d'objectif, photographie, souriant, photographe, fujifilm, tamron, lot"
34354413,Abandon,"feuilles, barque, reddition, menaçant"
34342360,Anatomie d'une feuille,"automne, feuille, anatomie, comparaison"
34342153,Arche,"arbre, architecture, pierre, portrait, feuilles, pont, aqueduc, doré"
34342152,Aqueduc et village,"architecture, portrait, aqueduc"
34342151,Mousse et vague,"pierre, eau, feuilles, mousse, vagues, courant, détente, paix"
34342150,Abandon,"ancien, acier, fer, reddition, bâtiment abandonné, rouille"
34342149,"Barque vide entourée de feuilles d'automne sur un lac calme, en noir et blanc","noir et blanc, feuilles, automne, lac, barque, calme, mélancolique, nature, arbres, extérieur, eau"
34342148,Texture de pierre,"texture, pierre, contraste, grain, hd"
34342146,Pont sous les ordres,"pierre, contraste, vintage, ancien, pont, branche, art en noir et blanc"
34342145,Bain de lumière,"tourisme, fuite de lumière, forêt, repos, exception, couleurs claires, éblouissant, impressionnant"
34342144,Jardin tropical,"tropical, france, couleurs vives, chatoyant, exubérant, palmier"
34342142,Rayon de nature,"tourisme, fuite de lumière, forêt, repos, exception, couleurs claires, éblouissant, impressionnant"
34342141,Un rempart percé,"nature, france, pierre, aqueduc, authentique, illustratif, emblématique"
34342140,Un sourire rieur,"france, bokeh, portrait, homme, lumière, horizon urbain, souriant, doré, dos, duveteux, cheveux bouclés, moustache"
34342139,Un regard jeté,"france, bokeh, portrait, homme, lumière, horizon urbain, souriant, doré, duveteux, cheveux bouclés, moustache, captivant"
34342138,Photographe,"france, bokeh, portrait, homme, lumière, horizon urbain, photographe, doré, dos, duveteux, cheveux bouclés, moustache"
34342137,Branche et pierres dissimulées,"branches, france, pierre, portrait, jaune, aqueduc, forêt, ton chaud, détente"
34342136,Portrait botanique,"nature, arbres, eau, vie, feuilles, dégradé, reflet d'objectif, branches, courant, captivant, rivage, premier plan"
34342135,Il réajuste sa veste,"bokeh, homme, photographe, action, veste, canon eos 5d, nikon"
34342134,Photographe,"bokeh, homme, photographe, action, veste, canon eos 5d, nikon"
34342133,Il voit,"homme, horizon urbain, doré, dos, cheveux bouclés, regard, homme de dos"
34342132,Face à lui,"homme, horizon urbain, doré, dos, cheveux bouclés, regard, homme de dos"
34342131,Entre les branches,"branches, nature, arbres, eau, vie, dégradé, reflet d'objectif, courant, captivant, rivage, éblouissant"
34342130,Nature et cycle,"nature, arrière-plan, feuilles, automne, saison, illustratif, cycle"
34342129,Marches de la rive,"nature, pierre, marches"
34342128,Rive de la nature,"nature, arbres, eau, vie, dégradé, courant, rivage"
34342127,Nature nature,"nature, arrière-plan, émotion, intense, détail macro, réflexion"
34342126,Aqueduc et tradition,"france, pierre, portrait, jaune, aqueduc, forêt, ton chaud, détente"
34342125,Une place pour l'homme,"nature, france, reflet d'objectif, voiture, lumière diffuse, humanité, lumière puissante, relation, métaphore visuelle"
34342124,Pose sur un banc,"tourisme, fuite de lumière, repos, banc, écluse, exception, éblouissant, impressionnant"
34342121,Arbre féérique,"nature, arbre, eau"
34342120,Reflet,"nature, arbre, vert, reflet d'objectif, vertige, troublé"
34342118,Fond d'automne,"nature, arrière-plan, feuilles, automne, saison, illustratif, cycle"
34342117,Géométrie hydraulique,"bokeh, géométrie, acier, écluse"
34342116,Souche de vie,"arbre, portrait, bois, racine, souche"
34342115,Nature déteinte,"nature, arbre, arrière-plan, feuilles, automne, saison, illustratif, cycle"
34342114,Aqueduc et tradition 2,"france, pierre, portrait, jaune, aqueduc, forêt, ton chaud, détente"
34342113,PP2200,"nature, eau, paysage, pont, européen, aqueduc, écluse"
34342112,Cris,"nature, projecteur, mannequin"
34340147,MOOD: STOCK 1600-N,"pierre, vintage, bois, forêt, promenade en planches, grain, argentique, iconographie, ressource"
34197247,Restes,"france, fête, opinel, charcuterie, vestiges, couteau aiguisé"
33834555,Belle île,"nature, vert, fleur, fuite de lumière, violet, reflet d'objectif, femme, dos, lunette, chevelure, pomme de pin"
33185094,Selfie,"selfie, nature, bois, chat, naturel, gris, lignes géométriques"
33036184,Violette 2,"violet, chaleur, été, fleurs, blanc, paix, poésie"
33036167,Fond de nature,"nature, fond, bokeh, arrière-plan, feuilles, moderne, naturel, présentation"
33036165,Bouquet d'une fleur,"fleurs, chaleur, été, blanc, paix, poésie, violet, unique"
33036031,Promenade,"promenade, nature, détente, lumière, artefact lumineux, chemin, halo"
33035888,Mam,"paris, détente, terrasse de café, lecture, restaurant asiatique, éclairage, lanterne, luminaires"
33035694,Tic tac,"bokeh, fujifilm, métropolitain, métro, bois, vosges, coucou, doux, f/1.4, heure, horloge, temps"
33035693,Mur jaune,"jaune, mur, métropolitain, arrière-plan, détente, métro, urbain, géométrie, fond d'écran, lignes"
33035661,L'architecture de la cathédrale de Niort encadrée d'une verdure luxuriante en été,"architecture, été, verdure, cathédrale, niort, cathédrale de niort, nature, france, arbres, pierre, extérieur, europe"
33035660,Cœur rose,"nature, chaleur, été, fleur, extérieur"
33035659,Texture bois,"texture, bois, arrière-plan, fond, 4k, mousse"
33035658,Bois et feuilles,"bois, feuilles, nature, détente, lumière, éclairage naturel, poétique"
33035657,Fond de nature 2,"nature, fond, bokeh, arrière-plan, feuilles, moderne, naturel, présentation"
33035654,Violettes,"violet, chaleur, été, fleurs, blanc, paix, poésie"
33035652,RER,"métropolitain, train, métro, flou, mouvement, rer b, transport en commun, vitesse"
33035651,La Rotonde,"la rotonde, restaurant, paris, terrasse de café, vie active, clients, serveur"
33035648,Dos,"dos, urbain, femme, géométrie, carreaux, cheveux longs, chouchou, robe, sac"
33035647,Notre-Dame,"cathédrale, foi, architecture de cathédrale, messe, prêtre, prière, vitraux"
33035645,Joie,"femme, française, beauté, découverte, foule, louvre, lunettes, musée"
33035642,Un gratte-ciel parisien s'élançant vers un ciel nuageux spectaculaire,"nuages, paris, ciel nuageux, gratte-ciel, france, architecture, europe, monument, bâtiment, architecture française, paysage urbain, symétrie"
33035639,Héra,"héra, sculpture ancienne, déesse"
33035638,Jésus,"jésus, sculpture ancienne, christ"
33035637,Colonne,"colonne, france, sculpture ancienne, épée"
33035635,Tour Eiffel,"tour, tour eiffel, france, architecture, vintage, monument, immense, acier, arbre, français, patrimoine, nuages"
33035634,Tour Montparnasse,"france, architecture, bâtiment, monument, paris, écrasant"
33035628,Style haussmannien,"style haussmannien, paris, urbain, habitation, architecture haussmannienne, ville"
33035627,Métro,"métro, métropolitain, tour montparnasse"
33035626,Palette,"palette, film plastique, hachette, livre"
32920014,Fond d'imprimeur,"arrière-plan, texture, couleurs, effet, encre, imprimerie"
32544433,Juin,"été, café, femme, chaises, terrasse, playback, facile d'utilisation, superposition, montage, détente"
32429297,Portrait souvenir 2,"portrait, souvenir, vintage, souriant, nostalgie"
32429296,Béret,"béret, france, style de vie, français, café, bar, cigarette, terrasse, bijoux, style français, or"
32429295,Victoire,"france, français, bar, terrasse, bijoux, paris, métaphore, symbole, mallette, football"
32429294,Lecture paisible,"france, style de vie, français, café, femme, bar, chaises, terrasse, style français, lunette, playback, livre"
32429293,Chaise de terrasse française,"arrière-plan, français, café, minimaliste, motif, bar, chaise, terrasse, damier, osier, détente"
32429268,Marche,"bokeh, marché, métaphore, développement, motivation"
32429267,Portrait souvenir,"portrait, souvenir, vintage, souriant, nostalgie"
32429266,Micro horizon,"nature, vert, fleur, arrière-plan, feuille, nuances, détail macro"
32429265,Violette blanche,"nature, bokeh, vert, fleur, arrière-plan, blanc, contraste, joie, feuille, nuances"
32429264,Porte bleue,"architecture, contraste, rue, balcon, composition, couleurs vives, vie urbaine, passage piéton"
32429192,Amour amour,"homme, parc, femme, solitude, amour, marron, couple, smartphone, métaphore, isolement, communication, brune"
32429191,Terrasse française,"france, français, souriant, joie, terrasse, verre, bijoux, montre-bracelet, collier, détente"
32429190,Une porte,"pierre, rouge, porte, architecture minimaliste, poignet"
32429189,Couloir vers l'impasse,"vert, distorsion, impasse, plantes grimpantes, dalles"
32429188,Féerie,"nature, bokeh, vert, fleur, arrière-plan, blanc, contraste, joie, feuille, nuances"
32429186,Dans la brousse de la vie,"nature, vert, parc, isolé, femme, repos, chaise, seul, smartphone, sauvage"
32429185,Amour amour large,"homme, parc, femme, solitude, amour, marron, couple, smartphone, métaphore, isolement, communication, brune"
32429184,Croisée des feuilles,"nature, bokeh, vert, fleur, arrière-plan, blanc, contraste, géométrie, joie, feuille"
32429183,Bouquet de feuille,"nature, vert, arrière-plan, contraste, noir, feuille, nuances"
32419525,Travaux d'église,"arbre, architecture, église, rouge, rose, foi, infrarouge, photographie infrarouge"
32419498,Vue d'un pont,"arbre, architecture, église, foi, désaturé, après-midi ensoleillé, église traditionnelle"
32419414,Ensemble,"bleu, parc, mouvement, sport, activité, effort, jersey, parking, coureurs"
32419413,Eau,"arrière-plan, eau, contraste, texture, bleu, fuite de lumière, abstrait, dégradé, reflet d'objectif, noir, flou"
32419412,Consignes,"pierre, noir et blanc, action, casquette, hommes, deux, carreaux"
32419411,Bokeh naturel,"nature, arrière-plan, été, texture, herbe, chaleur, flou, bokeh d'arrière-plan"
32419410,Rires heureux,"noir et blanc, photographie, joie, ensemble, riant, photographique"
32419408,Motif fleural,"nature, fleur, arrière-plan, blanc, contraste, vie et mort"
32419407,Repos,"nature, parc, dos, grain, détente, simple, paix"
32419406,Furtif,"vert, verdure, lampadaire, caché"
32419405,Marches,"pierre, arrière-plan, blanc, contraste, texture, marches, gris"
32419049,Hésitation,"portrait, animal, pigeon, métaphore"
32419048,Bariolé,"abstrait, fête, chaise, multicolore"
32419045,Écluse,"nature, france, vert, vie, rivière, branche, dégradé, reflet d'objectif, marais, contemplation, écluse, miroir"
32419042,Zoom d'été,"zoom, bokeh, fleur, macro, vie, orange, dégradé, floraison, éclosion"
32419041,Un sourire,"bokeh, portrait, reflet d'objectif, souriant, moustache, lunette, bouc, charisme"
32419038,Floraison,"nature, vert, portrait, fleur, été, vie, orange, dégradé"
32419037,Miroir de la vie,"nature, france, vert, vie, rivière, branche, dégradé, reflet d'objectif, marais, contemplation, miroir"
32419034,Garnier,"garnier, france, architecture, pierre, blanc, façade, hôtel de ville, nuances, art de la sculpture"
32127342,Allons-y,"zoom, bijoux, dynamique, montre-bracelet, iphone, assuré, cinéma, jolie pose, motivant, éblouissant"
32053231,"La cathédrale Saint-Maurice d'Angers, un bel exemple d'architecture néo-romane en milieu urbain","france, architecture, urbain, cathédrale, angers, néo-roman, cathédrale saint-maurice, pierre, extérieur, europe, patrimoine, monument"
31999687,Un prince,"nature, vert, pigeon, mis en scène, chance, opportunité, royal, majestueux"
31999683,Église écrasante,"architecture, église, rouge, foi, immense, déformation"
31999682,Pays merveilleux,"fleurs, été, jardin, naturel, rue, murs, chemin, invitation, passage, heure dorée, ciel orange"
31838328,Bruit d'église,"architecture, église, nuances, bruit, couleurs douces"
31641577,Groove Boy,"soleil, rose, fête, chaleur, cheveux bouclés, moustache, infrarouge, veste, lunette, frais, classe, bouclé"
31641251,Fantômes,"arbre, urbain, mouvement, femme, smartphone, infrarouge, bus, téléphone, passants, arrêt de bus, dalle, casque"
31640851,Monde rose,"rose, architecture, vie, bâtiment, voitures, route, infrarouge, ciel dramatique"
31514850,Blanche nature,"nature, bokeh, fleurs, blanc, vie, branche, effet, en bourgeon, ambiance printanière, stylisé, détente"
31514849,Paysage brisé,"bokeh, architecture, pierre, fleurs, église, branche, effet, en bourgeon, ambiance printanière, stylisé, équipement météo, rupture"
31514848,Église matinale,"architecture, pierre, église, branche"
31514847,Amour,"nature, arbre, eau, rivière, couple, rencontre, banc, lunettes"
31514846,Port Boinot,"architecture, art, capitale, lettrage, château d'eau"
31514844,Tapis violet,"nature, bokeh, fleurs, vie, rose, violet, branche, effet, en bourgeon, ambiance printanière, stylisé, détente"
31514843,Colonnes,"nature, arbre, architecture, pierre, blanc, colonnes"
31514842,Il marche seul,"animal, marché, pigeon, seul, ailes blanches"
31514841,Pomme de pin,"nature, vert, zoom, branche, couleur marron, pomme de pin, macro de plante, fond d'écran, détente"
31514840,Tapis vert,"nature, bokeh, vert, fleurs, vie, branche, effet, en bourgeon, ambiance printanière, stylisé, détente"
31514839,La rencontre,"animal, marché, pigeon, plusieurs"
31514838,Gros plan sur une rose aux pétales délicats et à la beauté naturelle,"rose, naturel, pétales, gros plan, fleur, délicat, beauté, nature, plante, texture"
31514837,Marché de Niort,"arbre, pierre, lampadaire, marché, acier, verre, parvis, halles"
31514836,Il revient seul,"blanc, animal, marché, pigeon, seul, ailes blanches, ailes emplumées"
31285711,Pizza,"pizza, bleu, vintage, bois, fromage, séparation, couteau, opinel, olivier, bacon, familial"
30957682,Chat joueur,"chat, animal mignon, longue exposition, angora, pelote basque, détente"
30957681,Chat attentif,"chat, cuisine, animal mignon, longue exposition, adorable, attentif, pooky"
30908350,Fleurit,"fleur, ambiance printanière, détente"
30908349,Ammonite,"vert, ancien, mousse, archéologie, fossile, mollusque, roche, beau fond d'écran"
30755522,Bois et saucisson,"saucisson, bois, géométrie, composition, apéritif, opinel, charcuterie, olivier, planche, lame, déjeuner, viande"
29926168,Chat de Noël,"chat, lumière, fête, joie, décoration, noël, composition, communication, sapin, cadeau, pop, nœud de ruban"
29835361,Crèche,"minimaliste, fête, décoration, noël, chrétien, jésus, bougies, crèche de noël, étoile filante"
29654800,Entrée,"cuisine, entrée, table, apéritif, paille, bar à cocktails, cocktail, huître, sel"
29654799,Spaghettis,"spaghetti, cuisine, nourriture, asie, baguettes chinoises, baguettes, bol de pâtes"
29630257,Nuit de décembre,"arbres, nuit, noël, frisquet, guirlandes, magie, art festif, air froid, décembre"
29435831,Chat,"portrait, urbain, chat, ville, animal mignon, félin, adorable, frais, animal domestique, rebelle, réveil"
29360492,Bonbon vosgien,"arrière-plan, couleurs, sucre, bonbon, joue, confiserie, art de la confiserie, plan détaillé, festif, fond multicolore, résine"
29188525,Tarte aux pommes,"pomme, tarte, cuisine, sucre, dessert"
29188524,Fromages,"bois, acier, entrée, fromage, couteau, repas, planche, mozzarella di bufala, planche à découper, mozzarella"
29170697,Parterre de fleurs,"nature, vert, fleur, blanc, vie, rouge, liberté, émotion, violet, moderne, couleur, motif"
29170696,Composition naturelle,"nature, arbre, pierre, vert, arrière-plan, exploration, terre, mousse, marches, voyage"
29170695,Tableau de pierres,"nature, arbre, pierre, vert, arrière-plan, exploration, terre, mousse, marches, voyage"
29170694,Empilement,"nature, arbre, pierre, vert, arrière-plan, contraste, jaune, fuite de lumière, exploration, terre, mousse"
29170692,Mousse,"nature, arbre, pierre, vert, arrière-plan, fuite de lumière, exploration, terre, mousse, marches"
29170691,Rocher,"nature, arbre, pierre, vert, arrière-plan, fuite de lumière, exploration, branche, terre, mousse, marches"
29170689,Voyage,"voyage, nature, arbre, pierre, vert, fuite de lumière, feuilles, exploration, terre, marches, racines, rencontre"
29170688,Hôtel particulier,"blanc, fuite de lumière, bâtiment, foi, naturel, touriste, positif, mystique, couleurs naturelles"
29170674,Boisé,"arbre, arrière-plan, bois, désaturé"
29170673,Fond de couleurs,"nature, vert, fleur, blanc, vie, rouge, émotion, moderne, couleur, motif, coloré, détaillé"
29169891,Obernai,"architecture, pierre, vintage, bois, ancien, bar, balcon, restaurant, frisquet, habitation, est"
29169890,Église,"architecture, pierre, été, tourisme, église, vintage, ancien, bâtiment, lumière, foi, estival, bar"
29169889,Cloché,"arbre, pierre, bleu, ciel, moderne, lampadaire, chaud, intense, horloge, heure, cloche"
29169888,Vue du train,"train, architecture, pierre, été, tourisme, église, vintage, ancien, bâtiment, lumière, foi, estival"
29169887,Vignes,"nature, bois, ciel bleu, herbe, tradition, piquet, vigne, vin, apaisant"
29136978,Hélicoptère,"hélicoptère, jaune, zoom, mouvement, action, vol, aide, aidant, urgence, intervention, hélice"
29136905,Airais,"nature, vert, arrière-plan, eau, fuite de lumière, marais, cadre, invitation, vue d'ensemble, apaisant"
29136752,Le marais,"nature, arbre, portrait, plante, tourisme, symétrie, marais, légume, aventure, bateau"
29136751,Invitation,"nature, arbre, arrière-plan, bois, forêt, légume, aventure, découverte, vue d'ensemble"
29136750,Violette,"nature, bokeh, portrait, fleur, plante, violet, symétrie, légume, bourgeon, végétal"
29136749,Tapis,"arrière-plan, plante, jaune, motif, motif répétitif, vue d'ensemble, tapis, séché"
29136748,Cheval,"nature, animal, ferme, cheval, brouter, beau"
29136747,Cheval,"nature, vintage, animal, ferme, cheval, art en noir et blanc, brouter, beau"
29136746,Barque,"barque, nature, portrait, plante, tourisme, symétrie, marais, légume, aventure, bateau"
29136745,Portrait naturel,"nature, portrait, fleur, plante, symétrie, légume, bourgeon, végétal, beau, beau fond d'écran"
29136743,Rose,"nature, bokeh, portrait, fleur, blanc, plante, rose, symétrie, légume, bourgeon"
29136742,Rouge,"nature, bokeh, portrait, fleur, plante, rouge, symétrie, légume, bourgeon, végétal"
29136741,Ruche,"architecture, bâtiment, moderne, motif répétitif, vitres, béton, nid d'abeilles"
29136740,Chardon 2,"nature, bokeh, portrait, fleur, plante, symétrie, légume, bourgeon, végétal, beau"
29136739,Violette,"nature, bokeh, portrait, fleur, plante, violet, légume, bourgeon, végétal, beau, beau fond d'écran"
29136738,Violettes,"nature, bokeh, portrait, fleur, plante, violet, légume, bourgeon, végétal, beau, beau fond d'écran"
29136737,Lune,"vintage, noir, nuit, astronomie, grain, astronomique, luminaire, astrographie, art astronomique, astrophysique, astronomie lunaire"
29136736,Volatile,"nature, urbain, animal, oiseau, animal en noir et blanc"
27681005,L'Atlantique,"nature, arrière-plan, eau, bleu, jaune, soleil, orange, horizon urbain, océan, teinte, nuances"
27588524,"Le temps, c'est le temps 2","jaune, ancien, zoom, météo, or, montre-bracelet, xixe siècle, horlogerie, mécanisme d'horlogerie, roue dentée, engrenages, rubis"
27588523,"Le temps, c'est le temps","jaune, ancien, zoom, météo, or, montre-bracelet, xixe siècle, horlogerie, mécanisme d'horlogerie, roue dentée, engrenages, rubis"
27585488,Portrait de Plum,"portrait, bokeh, animal, chat, maison, naturel, chaud, félin, douillet, fourrure, chaleureux, foyer"
27531658,Voile d'étoile,"ciel, liberté, nuit, artefact, astronomie, cosmos, longue exposition, céleste, espace, étoilé, voie lactée, astrologie"
27520518,Pain et beurre,"abstrait, art, nature morte, œuvre d'art, pain, beurre"
27520517,Ciel à l'antenne,"blanc, contraste, bleu, ciel, nuages, liberté, moderne, poétique, lignes, antenne, nuances, rectangles"
27488883,Concert,"concert, abstrait, fête, dynamique, distorsion, lumières rouges, foule, musique, art abstrait, bonheur, scène"
27488882,Sushi,"sushi, bleu, chaise, restaurant, table, boisson, asie, bière, écrevisse, friture, alcool fort, japon"
27141503,Lunaire,"nature, arrière-plan, blanc, bleu, ciel, dégradé, nuit, astronomie, soir, luminaire, lune"
27141272,Texture pierre,"texture, bokeh, pierre, gris, rebelle, clair, fissure, craquelé"
27141271,Texture métal,"texture, métal, bokeh, ombre, rebelle"
27141270,Tomate cerise,"nature, bokeh, vert, fleur, plante, macro, émotion, pétale, poésie, photo macro, botanique"
27141266,Arrêt du ciel,"extérieur, arrière-plan, été, blanc, contraste, bleu, ciel, nuage, fuite de lumière, saison, lampadaire"
27141263,Violette,"nature, bokeh, vert, fleur, plante, macro, émotion, violet, pétale, poésie, photo macro"
27141262,Violettes,"nature, bokeh, vert, fleur, été, plante, macro, liberté, émotion, violet, pétale"
27141260,Fleur d'été,"nature, bokeh, vert, fleur, été, plante, macro, liberté, émotion, violet, pétale"
27141259,Du blanc au rose,"nature, bokeh, vert, fleur, été, blanc, plante, macro, jaune, liberté, rose"
27116694,Bourgeon ou fleur,"nature, arbre, vert, extérieur, fleur, feuilles, rose, exploration, fujifilm, racines, vacances, ambiance estivale"
27116693,Ciel estival,"extérieur, arrière-plan, été, blanc, contraste, texture, bleu, ciel, nuage, saison, nuageux"
27116691,Maison bleue,"bokeh, arbre, blanc, bleu, maison, fenêtre, décoration, poétique, buisson, câbles de suspension, fil, toile d'araignée"
27116689,Nature désaturée,"nature, arbre, vert, blanc, contraste, vintage, poésie, désaturé, poétique, clair, passage, tronc"
27116688,Cascade,"nature, eau, noir et blanc, végétation, vintage, marches, envahi par la végétation, organique, ruisseau, marches en pierre, cascade"
27116687,Linceul,"fleur, arrière-plan, blanc, contraste, jaune, poésie, poétique, arrière-plan 4k, triste, tristesse"
27116685,Libre,"nature, bokeh, fleur, arrière-plan, été, vie, jaune, liberté, estival, libre, espoir"
27116684,3,"arrière-plan, blanc, rouge, dégradé, moderne, météo, peinture, lance à incendie"
27116683,Lapinus,"orange, dégradé, moderne, chambre, étrange, dérangeant, lapin, surprenant"
27116682,"Un ciel nocturne sombre et immense, empli d'innombrables étoiles et de la voie lactée","nuit, étoiles, galaxie, voie lactée, sombre, ciel nocturne, arrière-plan, exploration, noir, ciel dégagé, astronomie, cosmos"
27116680,Repas français,"français, table, lunettes, crème, apéritif, repas, charcuterie, alcool, bouteille, liqueur, assiette, nappe"
27046198,Notre-Dame,"arbre, été, noir et blanc, plantes, urbain, feuilles, leica, rue, estival, femme, chaleur, route"
27046197,Terrasse noire,"france, arbres, pierre, noir et blanc, plante, français, leica, estival, bar, chaise, cuisine"
27046196,Un bouquet d'une fleur,"bouquet, nature, bokeh, vert, fleur, été, blanc, plante, jardin, macro, émotion"
27046193,Abeille au travail,"nature, bokeh, vert, portrait, fleur, été, blanc, plante, jardin, macro, animal"
27046192,Tableau urbain,"france, portrait, urbain, ville, leica, tableau noir, colère, politique, pancarte de manifestation, transformateur"
27046179,Explosion de pétales,"pétale, nature, bokeh, vert, fleur, été, blanc, plante, jardin, macro, rose"
27046156,Porte forgée,"arrière-plan, bois, leica, entrée, porte, mur, fer, séparation, fer forgé"
27046110,Trèfle,"arrière-plan, bois, ancien, leica, météo, entrée, porte, mur, peinture, séparation, trèfle"
27046095,Fleur,"nature, bokeh, vert, fleur, été, blanc, plante, jardin, macro, rose, émotion"
27025918,Législative,"france, drapeau, lutte, triton, militant"
27025917,Tables,"table, france, pierre, leica, minimaliste, ombres, fête, bar, chaise, terrasse, paille, minimalisme"
27025916,Cordeliers,"pont, leica, couleurs, marches, décoration, ambiance estivale, commerce"
27025915,Bibliothèque de rue,"leica, reflet d'objectif, rue, livre, vitre, auteur, édition, bibliothèque"
27025913,Fleur 2,"nature, bokeh, vert, fleur, plante, macro, jaune, rose, émotion, leica, pétale"
27025912,Fleur,"nature, bokeh, vert, fleur, plante, macro, rose, émotion, leica, pétale, poésie"
27025911,Le portail,"pierre, blanc, contraste, leica, acier, pierre blanche, fer, architecture médiévale, portail, crête, encadrement de porte"
27016848,Ciel écrasant,"nature, vert, paysage, bleu, ciel, nuages, village, soleil, liberté, herbe, dégradé, agriculture"
27016847,Petit village,"village, nature, vert, paysage, bleu, ciel, nuages, soleil, liberté, herbe, dégradé, agriculture"
27016844,Champs,"champs, nature, vert, paysage, bleu, ciel, nuages, liberté, herbe, dégradé, agriculture, terre"
26598925,Berge,"nature, architecture, pierre, extérieur, eau, noir et blanc, végétation, maison, herbe, saison, berge, saule pleureur"
26598924,Prise de vue sur la berge,"nature, pierre, eau, végétation, maison, herbe, berge de rivière, promenade en planches, contre-jour, banc, étoilé, détente"
26598923,Devant la nature,"nature, arbre, portrait, contraste, homme, ombre, saison, promenade en planches, contre-jour, humain, immense, vertige"
26082574,Mamie tech,"portrait, bois, rural, fenêtre, campagne, journal, palette, pomme, iphone, photo numérique, numérique, chaise de jardin"
25255092,L'heure du café,"france, jaune, français, café, verre, or, sucre, apéritif, tasse, art du café, sucrier, facile d'utilisation"
25182670,Train du Poitou,"train, nature, arbres, extérieur, paysage, vintage, rural, horizon urbain, champs, campagne, éolienne, poteau électrique"
25177036,Entre printemps et été,"fleur, été, plantes, jardin, pétales, saison, feuille, branches, printemps, dynamique, croissance, floraison"
24200555,Ciel étoilé,"arbre, ciel, nuage, village, maison, nuit, astronomie, étoiles, espace, icônes, photographie de nuit"
23947485,Lumière brisée,"arrière-plan, texture, fuite de lumière, lumière, abstrait, couleur, mouvement, motif, art, effet, dynamique"
23932629,Matin tranquille,"bokeh, portrait, chat, français, café, marron, tasse à café, mug, petit-déjeuner, détente"
23414384,Marais niortais,"nature, arbre, eau, contraste, plantes, vie, herbe, marais, canal, eau verte, fleur jaune, apaisant"
23414383,Un banc en bois serein entouré d'un feuillage d'automne éclatant dans un parc paisible,"bois, parc, automne, feuillage, banc, en bois, serein, tranquille, nature, france, extérieur, europe"
23414382,"Vue de l'église Notre-Dame de Niort avec la rivière au premier plan, à Niort","france, rivière, niort, église notre-dame de niort, arbres, architecture, extérieur, europe, patrimoine, paysage, monument, tourisme"
23414381,Vue majestueuse des flèches gothiques de l'église Notre-Dame au-dessus de Niort,"france, paysage urbain, niort, flèches, église notre-dame, architecture, europe, patrimoine, paysage, monument, tourisme, église"
23414380,Prestance,"nature, bokeh, fleur, plante, vie, zoom, verdoyant, distorsion, blanche, répétition"
23414378,Prestance 3,"fleur, blanc, plante, lumière, violet"
23414377,Prestance 2,"bokeh, portrait, fleur, jaune, pollen, blanche"
23409061,Verdure,"nature, arbres, pierres, vert, eau, contraste, végétation, berge de rivière, bateau, barque, nénuphar, eau claire"
23409060,Escalier verdoyant,"nature, arbre, pierre, fleurs, plantes, jardin, bois, marches, escaliers, court en terre battue"
23409059,Portrait félin,"portrait, vintage, chat, maison, animal de compagnie, bruit, profil, angora"
23102800,Premier mai - 1er mai,"fête, communiste, union, lutte, premier mai, grive, travailleur"
22674081,Le dormeur,"portrait, chat, abstrait, animal de compagnie, sommeil, poils"
22667989,Poitiers,"paysage, ville, urbanisme"
22667988,Ciel vert,"arbre, vert, feuille"
22667987,Printemps des coeurs,"extérieur, homme, ciel, ville, lumière, femme, amour, couple, banc"
22591348,Nuages duveteux,"bleu, nuage, maisons, ville, noir, duveteux, gris, azur, habitations, toiture"
22591347,Impri-lente,"vert, blanc, crème, papier, blanc cassé, carcasse, chips, circuits, électricité, machine, ouvert, imprimante"
22591346,Salamandre,"bois, feu, bûche, gravure, salamandre"
22591345,Vie des champs,"arbre, vert, contraste, bleu, végétation, verdure, ciel bleu, femme, campagne, fermier, fermières, bâton"
22125756,Flèche d'acier,"bleu, nuages, ciel bleu, moderne, ombres, acier, verre, intense"
22125755,Cherche le jour,"nature, arbre, vert, fleurs, végétation, ville, rose, lumière, mousse, artefacts, contre-jour, duveteux"
22125754,Opalisque,"pierre, fuite de lumière, lumière, géométrie, abstrait, moderne, cairn, opalite"
21992039,Il marche,"homme, ville, croix, travail, téléphone"
21992037,La vie à la ferme,"nature, vert, portrait, contraste, bleu, chat, ciel bleu, noir, ferme, fermier, grand-père"
21992034,Rencontre du marais,"nature, chat, agriculture, faune, ferme, chat noir et blanc, regard curieux"
21992006,Printemps me voici,"nature, bokeh, vert, portrait, fleur, plante, végétation, jaune, floraison"
21952373,Cuisine française,"lumière, cuisine, désaturé, coin repas, détente"
21952372,La vie est belle à Niort,"zoom, couleurs vives, commerce, cadeau, tasse à café, mug, magasin"
21906959,Un ciel bleuté,"architecture, pierre, contraste, bleu, église, ciel, nuages, croix, pierre blanche, apaisant"
21906951,Tour de pierre,"architecture, pierre, noir et blanc, nuages, pierre blanche"
20315377,Café lointain,"bokeh, blanc, café, table, chaud, trois, chocolat, sirop, chocolat blanc"
20315376,L’heure d’hier,"ancien, orange, motif, météo, or, montre-bracelet, équipement météo, horlogerie, sobre, bijou, chaîne de montre"
19983129,Pizza,"pizza, blanc, bois, rouge, table, hdr, fromage, cuillère à soupe, fourchette, crème fraîche, lanterne, préparer une pizza"
19654398,Chiot,"vert, tissus, chien, crochet, chiot, doudou, internet, tricot, peluche"
19654381,Visage rouge,"portrait, chat, géométrie, chaise, lignes, lumière rouge, art du portrait, transparence"
19509156,Structure,"architecture, noir et blanc, chaise, acier, ambiance détendue, lignes et courbes"
19509151,Éclat,"vert, abstrait, artefact, lumière clignotante"
19059638,Mur de couleurs,"nature, maison, couleurs, dégradé de couleurs"
19059637,Briques,"pierre, blanc, texture, rose, brique, bâtiment en briques"
19059636,Essence,"arrière-plan, noir et blanc, vintage, carburant, gaz"
19059635,Balcon Pictave,"urbain, vintage, ville, balcon, briques rouges, volets"
19059634,Soleil perçant,"contraste, maison, soleil, ombres, toit"
19059625,Fracture,"arrière-plan, texture, minimaliste, verre, impact, fond minimaliste"
19059624,Un homme perdu,"noir et blanc, vintage, lignes, flèches, traits"
19059606,Station,"noir et blanc, vintage, carburant, gaz"
19047689,Mégot,"pierre, noir et blanc, contraste, symbolique, fente, carte mémoire"
19047688,"Une rue animée de Poitiers, entre architecture moderne et classique","france, architecture, rue, vue de rue, rue animée, poitiers, extérieur, europe, monument, voyage, urbain, bâtiments"
19047682,Soleil sans éclairage,"nuages, soleil, abstrait, ombre, lampadaire, lampe"
19047681,"Vue aérienne en noir et blanc d'un train en gare, symbole du transport urbain","noir et blanc, urbain, vue aérienne, train, transport, gare, voyage, monochrome, train de banlieue, trajet domicile-travail"
19047677,Verdoyant,"nature, vert, arrière-plan, fuite de lumière, feuilles, lumière"
19047675,Déchets,"voitures, déchets, plastique, gestion des déchets"
19047674,Statue de la liberté,"statue, pierre, monument, ciel bleu, contre-jour, grain, statue de la liberté"
19047671,Portraits sans visages,"vintage, coloré, élégance, commerce, hommes, centre commercial, parapluie, ton sépia"
18998193,Élégance fantomatique,"élégance, noir et blanc, homme, barbe, commerce, cheveux courts, élégant, parapluie, assurance, costume"
18994935,En déplacement,"homme, barbe, casquette, escaliers, escalator, centre commercial"
18986604,Pluie pistage,"eau, maison, soleil, travail, pluie, soleil éblouissant, engin de chantier"
18935321,Bijoux d’éducation,"orange, composition, bijoux, collier, papier, bracelet, dessin, écouteur, argent, carnet"
18890995,Jaune,"eau, animal, jaune, aquatique, poisson"
18890994,Brut,"jaune, brut, peinture, déchets"
18890993,"Nature, encore et toujours","nature, arbres, vert, eau, végétation, rivière, berge de rivière, branches, désaturé, envahi par la végétation, aventure en forêt"
18890992,Saint,"pierre, blanc, église, désaturé"
18890991,Barreaux,"nature, arrière-plan, feuilles, abstrait, automne, couleurs d'automne, automnal"
18890989,Pont,"nature, arbres, vert, eau, végétation, rivière, berge de rivière, branches, désaturé, envahi par la végétation, aventure en forêt"
18890960,Compostez,"compost, bois, anarchie"
18890872,Marches sur l'automne,"nature, eau, végétation, feuilles, automne, berge de rivière, beige, escaliers, bruit, couleurs d'automne, feuilles d'automne"
18890846,Présage d'automne,"nature, eau, paysage, plantes, végétation, rivière, automne, berge de rivière, automnal"
18890798,Cathédrale au matin,"cathédrale, architecture, pierre, blanc, contraste, bleu, église, ciel bleu clair, massif"
18890794,Cathédrale de Poitiers,"cathédrale, architecture, pierre, contraste, monument, jardin, église, végétation, ciel bleu clair, portail"
18780101,"Limoges, Limoges","architecture, nuages, parc, bâtiment en pierre, hdr, lumière vive, ciel du matin"
18458017,Étudiant sur sa route,"arbres, bus, après la pluie, arc-en-ciel, pupille, eau de pluie, fond arc-en-ciel, bus scolaire"
18332906,Citrouillesque,"orange, automne, pomme de pin, tableau noir, brume, améthyste, figure, crochet, arc de triomphe, halloween, citrouille"
18100443,La femme aux trois boucles,"portrait, couleurs chaudes, développement, poils, duvet, art moderne, chouchou"
18099951,Maraîchines,"nature, végétation, animaux, marais, vaches, animaux de ferme"
17768576,Romance verte,"vert, eau, bleu, vie, maison, arbre vert, beauté de la nature, en mouvement"
17768573,Pont pictave,"architecture, eau, soleil, fuite de lumière, pont"
17734823,Mont-Dol,"nature, vert, eau, végétation, bois, bretagne, lac, barrière, blé, nénuphar, détente"
16904613,Nature et feuillage,"nature, arbre, vert, paysage, jardin, bois, feuilles, herbe, branche, feuille, branches, printemps"
16141501,Rouge,"france, rouge, drapeau, manifestation, communiste, drapeau rouge, manifestants, communisme, fumé"
16141476,Sous un drapeau rouge,"france, rouge, drapeau, manifestation, communiste, drapeau rouge, manifestants, communisme"
16141472,Rouge,"france, rouge, drapeau, manifestation, communiste, drapeau rouge, manifestants, communisme, lumière rouge, feu, feu ardent"
16141463,Poing levé,"france, rouge, manifestation, communiste, manifestants, communisme"
16113112,Manifestation,"france, rouge, manifestation, communiste, drapeau rouge, manifestants, jeunes, union, étudiant"
16113052,La lutte,"france, noir et blanc, homme, ville, drapeau, manifestation, drapeau rouge, lutte, courage, révolution"
16101474,60 ans,"france, rouge, drapeaux, manifestation, communiste, drapeau rouge, dehors, jeunes, élu, cortège, mobilisation, manifestant"
16101468,Drapeau rouge,"france, rouge, drapeaux, manifestation, communiste, drapeau rouge, dehors, jeunes, élu, cortège, mobilisation, manifestant"
16101436,"Lutte, encore et toujours !","france, drapeaux, manifestation, communiste, dehors, jeunes, élu, cortège, mobilisation, manifestant, social, jeune"
16093235,Plum 23,"portrait, chat, photographie de portrait, chat noir et blanc"
13679752,Paon,"bleu, animal à plumes, plumes de paon, fierté, majestueux"
13679728,Ovidé,"nature, portrait, maison, écologie"
13679682,Heure du goûter,"noir et blanc, chat, teinte, sucre, arrière-plan noir et blanc, gelé, beau"
13673408,Saint Vincent,"architecture, église, fuite de lumière, foi, cathédrale, vitraux, religion, bretagne, saint-malo"
13673404,Bain,"bain, nature, vert, eau, animaux, animaux mignons, canard, colvert, plusieurs, piqué"
13673391,Fuyard,"nature, vert, eau, animal, course à pied, deux, jeux, activité de plein air, tension"
13651490,Jeune face au monde,"nature, portrait, oiseau, exploration, découverte, seul"
13651457,Duo d'explorateur,"nature, vert, vie, animaux, exploration, animal mignon, racines, découverte, deux, détente"
13628723,Guide félin,"nature, bokeh, noir et blanc, liberté, animal mignon, classe, domestique, détente"
13628612,Poulet,"nature, animal, léger, tête, animal drôle, poule, volaille"
13358097,Arbre solaire,"nature, arbre, soleil, croix, rayon de lumière"
13322944,Orguesque,"france, bois, foi, cathédrale, acier, religion, musique, instrument de musique, orgue"
13313100,Bonjour,"bonjour, animaux, animaux mignons, adorable, zoo, mignon"
13296781,Rouleau,"jaune, agriculture, champs, campagne, ferme, original, foin, bottes de foin"
13296675,Racine,"nature, arbre, contraste, mort, souche, écorce"
13292485,Brise de mer,"france, bleu, nuage, ville, mer, bretagne, maritime, saint-malo, brise-lames"
13292415,Espace de rêverie,"fuite de lumière, oiseaux, pastel, vol, laval"
13263155,Aqueduc de Laval,"laval, noir et blanc, rivière, pont, aqueduc, ensoleillé, fleuve"
13263103,Lune et rateau,"nuit, astronomie, lune, toit, antenne, croissant, râteau"
13255679,Repos et oiseaux,"france, végétation, maison, rivière, oiseau, courant, canal, ornithologie, lierre, maison ancienne, goéland argenté"
13243887,St-Malo,"france, architecture, contraste, tourisme, mer, bretagne, saint-malo, port"
13243860,Alignement,"pierre, eau, contraste, mouvement, courant, couleur pastel, galets"
13234891,Sortie,"pierres, contraste, fuite de lumière, sombre, construction, tunnel, vue du tunnel"
13228683,Couple de cairns,"cairn, pierre, mer, vacances, plage"
13216464,Grand Choupisson,"nature, portrait, animaux, écologie, amoureux des animaux, hérisson"
13216448,Pont en amont,"noir et blanc, rivière, pont, symes"
13204344,Pêche au canard,"eau, végétation, animaux, rivière, animaux mignons, canard"
13197999,À l'ombre des hommes,"nuage, beau ciel, plage, baignade, bord de plage"
13178332,Sarment,"nature, arbre, végétation, soleil, fuite de lumière, écologie, chemin, beauté de la nature"
13178331,Théâtre sylvestre,"nature, arbre, végétation, fuite de lumière, écologie, beauté de la nature"
13164936,Cherche le jour,"nuages, soleil, beau ciel, ciels nuageux"
13164935,Pétale d'or,"fleur, jaune, herbe"
13153086,Animal solaire,"soleil, traînée lumineuse, vache, prairie, vosges, vosgienne"
13153085,Brindille d'or,"soleil, blé, céréales"
13153084,Vallée vermeille,"nature, arbre, paysage, nuage, soleil, beau ciel, ciels nuageux, effets de lumière, soleil éblouissant, appliques murales"
13142737,Lune électrique,"nuit, luminaire, lune, croissant, fil électrique"
13142734,Ombres végétales,"arbre, contraste, forêt, ombre, route, montagne"
13142731,Brise d'été,"arbre, plante, soleil, blé, céréales, lumière clignotante"
13125778,Racine urbaine,"arbre, route, haie, village de montagne"
13125683,Sur et sous le fil,"noir et blanc, herbe, ombre, silhouette, barbelé, fil barbelé"
13125670,Avant,"nature, noir et blanc, village, ancien, forêt, montagne, village de montagne"
13117680,Maternité,"nature, animaux, vache, filet, veau, mère, maternité"
13117640,Champs,"champs, épi de maïs, champ de maïs, fond vert clair, maïs"
13102289,Aube,"soleil, artefact, rayon de soleil, éblouissement du soleil, éolienne, soleil éclatant, soleil levant, lever de soleil"
13102252,Croissant de lune dans un ciel crépusculaire aux dégradés sereins,"ciel, croissant de lune, dégradé, crépuscule, serein, nature, bleu, jaune, orange, minimaliste, astronomie, atmosphère"
13102229,Doux rêves,"horizon urbain, beau ciel, coloré, dégradé de couleurs, rêve"
13087576,As de pique,"bokeh, fleur"
13087566,Fleurilège,"bokeh, fleur"
13087478,"Chemin de terre bordé d'arbres à Moyemont, un été idyllique","été, chemin de terre, moyemont, nature, france, extérieur, paysage, rural, européen, forêt, ombres, campagne"
13087407,Harmonie,"nuage, beau ciel, ciels nuageux"
13078049,La grand-route,"arbres, nuages, route, bord de route"
13078020,Toile vosgienne,"france, village, beau ciel, ciels nuageux, montagne, village de montagne"
13070707,Grappe de fleurs,"fleurs, rose, fond vert, arbre en fleurs, fleurs de jardin"
13066927,Témoin de nos routes,"arbre, ciel bleu, beau ciel, ciels nuageux, haie, barrière"
13065309,Usine de Mère Nature,"nature, ciels nuageux, forêt, colonne, montagne, ancienne usine"
13065295,Six frères fendent le ciel,"nature, arbres, tourisme, feuilles, arbre vert, fond vert clair, anomalie"
13058158,"Xonrupt, carte postale","ciels nuageux, forêt, montagne, lac, crête montagneuse, carte postale, rameur"
13058109,Abords de rivière,"nature, berge de rivière, mousse, rocher, galets, eau sombre"
13058086,Voûte céleste,"beau ciel, ciels nuageux, bleu bébé, arrière-plan bleu, fisheye"
13041935,Chapelle de Longemer,"chapelle, église, nuage, beau ciel, foi, ciel lumineux, art religieux, croyance religieuse"
13041926,Lac éclatant,"nature, ciels nuageux, montagne, lac, flanc de montagne, souche"
13034692,Baiser de Xonrupt,"arbre, eau, lac, beau paysage, arrière-plan forestier"
13034675,Bleu marin,"bleu, nuage, beau ciel, bleu bébé, arrière-plan bleu, ciel nuageux"
13020351,Clé des champs,"champs, beau ciel, fond jaune"
13020345,Clocher,"architecture, église, clocher, bleu bébé, coucher de soleil"
13009542,Crépuscule de nos rêves,"ciel de coucher de soleil, ciel crépusculaire, nuages roses"
13009520,Village vosgien,"village, crête montagneuse, flanc de montagne, ciel blanc"
13009455,Montagne vosgienne,"nature, ciels nuageux, filet, arrière-plan forestier, crête montagneuse, flanc de montagne"
12998724,Façade éblouissante,"façade, contre-jour, effets de lumière, centre-ville, lumière du soleil, éblouissement du soleil, ring light"
12985910,Triple course,"extérieur, animal, mouvement, action, vache, filet, course à pied, bovin, bétail, en mouvement"
12976396,Chemin de bois,"arbre, contraste, forêt, arbre vert, fond vert, chemin, aventure en forêt, arrière-plan forestier, arrière-plan de forêt sombre"
12976374,Basilique de Nancy,"nancy, architecture, église, foi, religion, chrétien, monument historique, basilique"
12956180,Nocturnes républicains,"rouge, ombres, fête, noir, nuit, beau coucher de soleil, ciel crépusculaire, after, formation de nuages"
12581896,Invasion végétale,"nature, vert, extérieur, plante, végétation, vie, ville, plantes vert foncé, grand angle"
12581745,Défiant le ciel,"pierre, ciel, lampadaire, gris, architecture historique"
12516756,Sculpture pictave,"sculpture, arbre, arbre vert, art, statue, statue dorée"
12496931,Ciel vacant,"ciel, ville, ciel blanc, ciel gris"
12484812,Canarded,"rue, canard, escaliers, graffiti, musique de rue, art du graffiti"
12484797,Écrin verdoyant,"nature, architecture, vert, monument, église, cathédrale, monument célèbre, monument historique, ciel gris"
12473320,Bouquet citadin,"fleurs, église, végétation, ville, rose"
12473274,"Chat noir, vitrine d'espoir","animal, chat, noir, félin, chat noir, animal à fourrure, intérieur d'exception, vitrine"
12461417,Une merveille face à la beauté,"paysage, blanc, plante, végétation, ville, envahi par la végétation, mur, jolie fille"
12453008,La caravane passe,"chat, caché, cassé, blanc et bleu"
12443176,Toits pictaves,"maisons, beige, habitation, manoir"
12441049,Kawa,"café, style français, art du café, amateur de café, cuillère à soupe"
12112236,Angoulême sous draps blancs,"beau ciel, habitation, beauté naturelle, centre"
12100543,Ruines du royaume de la BD,"ruines, arbre, ancien, route, architecture historique"
12092047,Château d'ivoire,"beau ciel, berge de rivière, de luxe, luxueux, maison blanche"
12092035,Abords d'Angoulême,"végétation, ruine, garde-corps de pont, ruine ancienne"
12084338,Un goût estival,"arbre, végétation, fond vert, bord de rivière"
12076681,"Façade élégante d'un bâtiment historique à Angoulême, sous un ciel bleu vif","france, ciel bleu, façade, bâtiment historique, angoulême, vif, élégant, architecture, extérieur, europe, patrimoine, paysage"
12076680,Besoin d'une cabine?,"manifestation, anglais, cabine téléphonique"
12073895,Moebius,"architecture, effets de lumière, ciel bleu clair"
12073840,Pont vers la nature,"arbres, pont, envahi par la végétation, fond vert clair, rambarde en bois"
12073837,Ciel et pavés,"arbre, monument, beau ciel, centre-ville, échange"
12063477,Église édifiante,"église, bleu bébé"
11999255,Arrosoir,"serré, arrosoir"
11999254,Vieilles racines,"arbre, champs, fond vert"
11999253,Cadre et cheval,"champs, cheval, brouter"
11991308,Tiges sous cloche,"jardin, piquet, serré, abri de jardin"
11978981,Église lugubre,"arbre, église, branche"
11968816,Entre deux barrières,"barrières, nature, femme, champs, grillage"
11968793,Tapis de rêves,"extérieur, fleurs, fond rose, fané"
11961131,Au crépuscule,"fleur, rose, belle fleur, arbre en fleurs, amoureux des plantes"
11946983,Un ciel de gare,"extérieur, ciel, beau ciel, voiture, rayon de soleil, station, envie de voyager"
11938837,Jeux d'Octaves,"salon, instrument de musique, piano, touches de piano"
11932587,Mairie renversée,"france, hôtel de ville"
11906092,Paire de duo,"centre-ville, coucher de soleil"
11897642,Bourse du travail,"bâtiments anciens, union"
11897639,Colvert,"parc, canard, colvert"
11891040,Canards,canard
11876963,Sur les quais du Covid,"noir et blanc, station, photo covid-19, covid-19, quai de gare"
11497010,Lettre du journal : Lettres françaises,"homme, journal, playback"
11497009,Prise d'information : Lettres françaises,"homme, journal"
11497008,Assoupi sous les Lettres françaises,"homme, journal"
11497007,Où donner de la tête?,"homme, journal"
11497006,Lettres françaises : découverte,"homme, journal"
11497005,Sombres nouvelles : Lettres françaises,"homme, journal"
11496895,Fleur de papiers,"fleur, artisanat papier"
11496894,Boule à neige,"effet de lumière, à la maison, père noël, boule à neige"
11323389,Découverte de Thrace,"ciel, ciel nuageux, lecture, journal"
11294895,Lecteur des Lettres françaises,"portrait, ancien, ciels nuageux, journal, playback, serré"
37296561,Grains de café versés d'une cuillère en bois dans un moulin manuel,"grains de café, grains de café torréfiés, moulin manuel, moulin à café, moulin à meules, cuillère en bois, accessoires à café, préparation du café, café de spécialité, amateur de café, barista, café, cuisine, boisson, gros plan, métal, bois, marron, noir, vertical"
37296558,Tranches de pain grillé et bol de soupe aux croûtons sur une planche à découper,"pain grillé, tranches de pain, soupe, croûtons, bol blanc, couteau pliant, manche en bois, planche à découper, planche en bois, pain, rustique, cuisine réconfortante, fait maison, cuisine, authentique, repas, nourriture, marron, nature morte, photographie culinaire"
37296469,Thé versé d'un gaiwan céladon dans une tasse en porcelaine blanche,"thé versé, gaiwan, céladon, couvercle, feuilles de thé, tasse en porcelaine, motif floral, main, cérémonie du thé, thé gongfu, thé chinois, thé vert, thé, tasse, boisson, céramique, table en bois, tradition, ambre, vertical"
37296468,Muguet en fleurs sous un soleil éclatant au pied d'un mur,"muguet, fleurs en clochettes, fleurs blanches, feuilles vertes, massif de fleurs, mur en pierre, premier mai, porte-bonheur, fleurs, jardin, printemps, lumière du soleil, contre-jour, bokeh, nature, tradition, france, blanc, vert, arrière-plan"
37296467,Figurine d'argile « tea pet » sur un plateau à thé en bois derrière un gaiwan,"tea pet, figurine en argile, gaiwan, porcelaine, motif floral, plateau à thé, plateau en bois, cérémonie du thé, thé gongfu, thé chinois, thé, tasse, céramique, nature morte, mise au point sélective, tradition, zen, bleu, marron, vertical"
36946795,Très gros plan du visage d'un chat tigré endormi et de sa truffe rose,"chat tigré, tête de chat, chat endormi, yeux fermés, nez rose, moustaches, texture du pelage, rayures, chat, animal de compagnie, chat domestique, animal, sieste, tendresse, mignon, macro, gros plan, marron, gris, vertical"
36946794,Chat tigré somnolant sur un coussin de jardin pendant qu'une main le caresse,"chat tigré, chat endormi, patte de chat, main qui caresse, caresse, coussin de jardin, chaise de jardin, balcon, yeux fermés, chat, animal de compagnie, chat domestique, animal, détente, sieste, tendresse, mignon, confort, gris, vie quotidienne"
36652526,Chemin de campagne longeant un ruisseau bordé d'arbres au début du printemps,"chemin de campagne, chemin de terre, ruisseau, arbres nus, lierre, bas-côté herbeux, pissenlits, prairie, ombres, chemin, promenade, randonnée, exploration, campagne, nature, début du printemps, lumière du soleil, ciel bleu, vert, extérieur"
36652487,Homme traversant une passerelle verte sous des saules pleureurs ensoleillés,"passerelle, garde-corps verts, saules pleureurs, homme qui marche, homme, chemin, marais, voûte d'arbres, feuillage, arbres, pont, promenade, escapade, nature, printemps, lumière du soleil, contre-jour, vert, jaune, vertical"
36652486,Ruisseau scintillant traversant une végétation printanière vers un lac calme,"ruisseau, eau scintillante, reflets du soleil, lac, rive du lac, végétation printanière, feuilles vertes, jeunes pousses, fleurs jaunes, arbres nus, eau, eau courante, nature, printemps, contre-jour, lumière du soleil, vie, vert, vertical, extérieur"
36170133,Gros plan macro sur les pétales en spirale d'une rose rouge profond,"rose rouge, pétales de rose, cœur de rose, spirale, pétales veloutés, rose, fleur, macro, gros plan, amour, romance, saint-valentin, tendresse, passion, inspiration, rouge, arrière-plan, papier peint, nature, vertical"
36117556,"Cappuccino en tasse bleue, carafe de café filtre et part de gâteau aux amandes","cappuccino, latte art, tasse bleue, soucoupe, café filtre, café à la méthode douce, v60, carafe en verre, gâteau aux amandes, part de gâteau, pâtisserie, table en bois, brunch, pause café, café, dessert, boisson, nourriture, marron, vertical"
36117555,Flou de mouvement abstrait de tissus rouges et de fuites de lumière vives,"flou de mouvement, fuite de lumière, abstrait, tissu rouge, traînées lumineuses, mouvement d'appareil, flou de bougé volontaire, surexposition, tourbillon, dynamique, énergie, mouvement, effet, arrière-plan, papier peint, texture, rouge, blanc, rose, photographie expérimentale"
35765784,Velouté dans un bol blanc texturé garni de cerfeuil et de pétales,"soupe crémeuse, velouté, bol blanc, céramique texturée, cerfeuil, fleurs comestibles, pétales de bleuet, garniture, céramique, bol, entrée, gastronomie, gastronomie française, cuisine française, restaurant, nourriture, repas, france, gros plan, photographie culinaire"
35765783,"Suprême de volaille rôti tranché, sauce crémeuse, cerfeuil et pétales de bleuet","volaille rôtie, blanc de poulet, suprême, sauce à la crème, cerfeuil, pétales de bleuet, fleurs comestibles, assiette en céramique, dressage, gastronomie, gastronomie française, cuisine française, restaurant, plat principal, plat, nourriture, repas, france, photographie culinaire, vertical"
35760712,Verre de café glacé avec un gros glaçon à côté d'une carafe en verre,"café glacé, cold brew, glaçon, verre gobelet, carafe en verre, bac à glaçons, pichet en inox, table en bois, cuisine, café, boisson, boisson fraîche, rafraîchissement, été, maison, intérieur, marron, transparent, nature morte, vertical"
35375614,Boule de Noël rouge et lumière rose sur un sapin dans la pénombre,"boule rouge, boule de noël, motif de flocons, lumière rose, guirlande lumineuse, branches de sapin, sapin de noël, décorations de noël, décoration, noël, fête de noël, fêtes, nuit, fond sombre, low key, lueur, rouge, rose, gros plan, festif"
35375606,Lanterne suspendue éclairant un couloir sombre et vide en noir et blanc,"lanterne suspendue, lampe, couloir, embrasure de porte, plafond en lambris, mur nu, obscurité, ombres, ombre et lumière, brutaliste, minimalisme, solitude, malaise, nuit, intérieur, architecture, ambiance, contraste, monochrome, noir et blanc"
35363738,Petit sapin de Noël avec guirlande lumineuse et nœud doré dans un coin de salon,"petit sapin de noël, sapin de noël, guirlande lumineuse, nœud doré, boules de noël, décoration renne, guirlande, ombre, salon, décorations de noël, noël, fêtes, famille, maison, douillet, intérieur, nuit, vertical, rouge, or"
35363737,Sapin de Noël décoré et cadeaux emballés dans un salon chaleureux,"sapin de noël, cadeaux de noël, cadeaux emballés, papier cadeau, ruban doré, nœud doré, ours en peluche, tapis en fourrure, salon, décorations de noël, noël, réveillon de noël, fêtes, famille, maison, douillet, intérieur, fête, rouge, or"
35168744,Portrait en gros plan d'un chat tigré aux yeux verts intenses,"chat tigré, yeux verts, portrait de chat, moustaches, nez rose, rayures, fourrure, regard, intense, chat, félin, animal de compagnie, chat domestique, animal, gros plan, portrait, gris, marron, mignon, photographie animalière"
35145727,Fougères d'automne virant à l'orange et au jaune dans un sous-bois vert,"fougères, fougère aigle, fougères d'automne, frondes, sous-bois, feuillage, feuilles, ronces, plantes, forêt, nature, automne, couleurs d'automne, orange, jaune, vert, texture, arrière-plan, papier peint, extérieur"
35145726,Rocher isolé dans une eau claire et peu profonde sur une rive de galets,"rocher, eau peu profonde, eau claire, galets, rive du lac, reflet, roseaux, pierres, eau, lac, nature, minimalisme, calme, détente, zen, texture, marron, beige, arrière-plan, extérieur"
35145725,Arbre mort tombé dans une eau couverte d'algues vertes près de ronciers,"arbre tombé, bois mort, branches nues, algues vertes, ronces, mûres, rive du lac, eau, végétation, feuilles, plantes, nature, lac, tranquillité, automne, vert, blanc, high key, arrière-plan, extérieur"
35140747,Prunes mûres bleu foncé suspendues à une branche feuillue de prunier,"prunes, prunes mûres, prunier, prunes de damas, arbre fruitier, branche, feuilles, fruit, récolte, verger, agriculture, terroir, tradition, nature, fin d'été, automne, bleu foncé, vert, gros plan, arrière-plan"
35140746,Lac calme encadré par des branches d'arbres et un feuillage vert,"lac, eau calme, cadre naturel, branches d'arbres, feuillage, rive boisée, rive du lac, feuilles, arbres, forêt, eau, nature, paysage, tranquillité, été, vert, gris, extérieur, france, cadre"
35136160,Prairie sauvage avec marguerites blanches et fleurs de carotte sauvage parmi les herbes,"marguerites, carotte sauvage, dentelle de la reine anne, fleurs blanches, fleurs sauvages, prairie, champ de fleurs, herbes hautes, ombelles, boutons floraux, fleurs, nature, été, campagne, biodiversité, vert, blanc, jaune, arrière-plan, papier peint"
35136159,Silhouette à contre-jour d'un homme vu de dos face à une fenêtre à croisillons,"homme de dos, silhouette, contre-jour, fenêtre à croisillons, motif en losanges, lumière vive, mur en pierre, vieux bâtiment en pierre, veste, homme, personne, mystère, contemplation, solitude, lumière, fenêtre, intérieur, portrait, ambiance, personnes"
35119805,Gros plan d'un vieux fût de canon noir sur un affût à roue en bois,"canon, fût de canon, fonte, bouche du canon, roue en bois, affût, artillerie, arme, médiéval, histoire, patrimoine, militaire, détail, gros plan, noir, fond vert, bokeh, métal, ancien, france"
35119804,Épis de minuscules fleurs blanches sur des plantes aromatiques avec bokeh doux,"fleurs blanches, minuscules fleurs, épis floraux, plante aromatique, jardin d'herbes aromatiques, plantes à fleurs, feuilles vertes, bokeh, faible profondeur de champ, flou artistique, plantes, fleurs, jardin, nature, été, blanc, vert, arrière-plan, papier peint, harmonie"
35119803,Vieux puits en pierre avec potence en fer forgé et poulie contre un mur de moellons,"puits en pierre, fer forgé, poulie, potence en fer, marches en pierre, mur de moellons, pavés, pelouse, mousse, cour, architecture médiévale, patrimoine, histoire, ancien, pierre, jardin, rustique, france, europe, vertical"
35104311,Gros plan d'une tête de chameau au licol de cuir près d'une couverture tissée colorée,"chameau, dromadaire, tête de chameau, licol en cuir, couverture tissée, tissu coloré, motifs géométriques, paillettes, fourrure, œil, crèche de noël, noël, animal, gros plan, portrait, rouge, marron, texture, tradition, voyage"
35104310,Vue verticale des murailles du château de Fougères au-dessus d'un ruisseau fleuri,"château de fougères, remparts, tourelle, mâchicoulis, ruisseau, nançon, fleurs sauvages violettes, berge herbeuse, forteresse, château, médiéval, fougères, bretagne, france, europe, patrimoine, histoire, mur en pierre, vertical, voyage"
35104309,Valériane rose au-dessus de l'eau dévalant les marches en pierre d'un déversoir,"valériane rouge, fleurs roses, déversoir, marches en pierre, eau vive, passe à poissons, rochers, fleurs sauvages, canal, eau, pierre, fleurs, jardin, biodiversité, nature, lumière du soleil, été, france, texture, arrière-plan"
35104308,Église gothique en pierre avec clocher d'ardoise entre arbres et haies,"église gothique, clocher, toit en ardoise, pinacles, fenêtres en ogive, rosace, croix, pierre rose, haie, arbres, église, architecture religieuse, monument, patrimoine, france, europe, ciel nuageux, été, voyage, architecture"
35104307,Remparts médiévaux et tourelle du château de Fougères au-dessus d'un talus herbeux,"château de fougères, remparts, tourelle, mâchicoulis, courtine, talus herbeux, coteau rocheux, fleurs sauvages roses, forteresse, château, médiéval, fougères, bretagne, france, europe, patrimoine, histoire, mur en pierre, ciel bleu, lumière du soleil, voyage"
35104306,Église avec clocheton et flèche élancée derrière des arbustes en fleurs,"église, clocheton, flèche, clocher, croix, girouette, toit en ardoise, mur en brique, arbustes en fleurs, jardin, ciel bleu, nuages blancs, architecture religieuse, monument, patrimoine, journée ensoleillée, été, voyages"
35086241,Coquille Saint-Jacques rouge et blanche à demi enfouie dans le sable,"coquille saint-jacques, pétoncle, rouge et blanc, coquille striée, sable, plage, coquillage, vue de dessus, gros plan, texture, motif, bord de mer, lumière du soleil, escapade, été, côte, nature"
35086240,Faisan de Colchide marchant dans l'herbe sous des kayaks jaunes empilés,"faisan de colchide, faisan mâle, caroncule rouge, plumage irisé, kayaks jaunes, bateaux empilés, herbe, oiseau, oiseau sauvage, faune, rencontre inattendue, géométrie, jaune, orange, délavé, sauvage, instinct, animal, nature"
35070415,Arbuste d'hibiscus des jardins couvert de fleurs roses et de boutons ronds,"hibiscus des jardins, arbuste en fleurs, fleurs roses, boutons ronds, feuillage luxuriant, jardin, horticulture, aménagement paysager, lumière du soleil, faible profondeur de champ, rose, violet, vert, été, joie, fleurs, arrière-plan, nature"
35070410,Fleurs rouges et blanches de sauge Hot Lips avec une abeille en vol,"sauge hot lips, salvia microphylla, fleurs rouges et blanches, fleurs bicolores, abeille, pollinisateur, branches, jardin, arbuste, faible profondeur de champ, bokeh, fond sombre, rouge, blanc, vert, été, fleurs, arrière-plan, nature"
35070409,Fleurs blanches d'alysse odorante mêlées à des lagures,"alysse odorante, fleurs blanches, minuscules fleurs, lagure, herbes sauvages, tapis de fleurs, couvre-sol, jardin, prairie, faible profondeur de champ, plein cadre, arrière-plan, blanc, vert, liberté, été, vie, fleurs, nature"
35070408,Une fleur rose d'hibiscus des jardins s'ouvrant près de boutons verts,"hibiscus des jardins, fleur unique, pétales roses, fleur qui s'ouvre, boutons floraux, arbuste, jardin, horticulture, fond sombre, gros plan, faible profondeur de champ, rose, violet, vert, été, floraison, fleurs, nature"
35070407,Fleurs roses d'hibiscus des jardins et boutons verts dans un jardin ensoleillé,"hibiscus des jardins, fleurs roses, boutons floraux, arbuste, floraison, jardin, horticulture, lumière du soleil, faible profondeur de champ, bokeh, violet, rose, vert, été, joie, arrière-plan, fleurs, nature"
35048476,Bloc de granit et lagures avec des promeneurs flous à l'arrière-plan,"bloc de granit, lagure, herbes sauvages, promeneurs flous, randonneurs, sac à dos, famille, ensemble, promenade à la campagne, bokeh, faible profondeur de champ, prairie, pierre, ancien, authentique, après-midi ensoleillé, été, vert, nature"
35048475,Bloc de granit parmi les lagures duveteux dans une lumière douce,"bloc de granit, lagure, épis duveteux, herbes sauvages, prairie, lumière douce, bokeh, faible profondeur de champ, gros plan, pierre, ancien, authentique, promenade à la campagne, après-midi ensoleillé, été, vert, nature, arrière-plan"
35048474,Chapelle en granit avec rosace et clocher-mur sur un coteau,"chapelle, granit, rosace, clocher-mur, toit en ardoise, porte gothique, maison en pierre, cheminée, herbe sèche, haies, architecture religieuse, patrimoine, ancien, authentique, campagne, promenade à la campagne, après-midi ensoleillé, église"
35039650,Sapin de Noël illuminé et guirlandes lumineuses sur un marché de Noël nocturne,"sapin de noël, sapin illuminé, guirlandes lumineuses, voûte lumineuse, marché de noël, chalets du marché, passants, réverbères, nuit, fêtes de fin d'année, noël, illuminations de fêtes, magie, fête, tradition, hiver, ville, bokeh, lumière chaude, vert"
35027338,Étang reflétant arbres nus et ciel à travers des troncs couverts de lierre,"étang, reflet dans l'eau, arbres nus, troncs couverts de lierre, berge de rivière, arbustes, herbe, cours d'eau, rivage, rendu argentique, pellicule cinéma kodak, couleurs délavées, pastel, fin d'automne, hiver, paysage, arrière-plan, tranquillité, nature"
35027337,Sentier forestier d'automne jonché de feuilles rouges sous un tronc arqué,"sentier forestier, feuilles mortes, feuilles rouges, tronc arqué, lierre, arbres moussus, couleurs d'automne, forêt, arbres, rendu argentique, pellicule cinéma kodak, verdoyant, nuance de vert, orange, automne, promenade, arrière-plan, nature"
35024042,Coquillage blanc posé sur du varech vésiculeux et un rocher de granit,"coquillage blanc, varech vésiculeux, algues, algues brunes, rocher de granit, estran, marée basse, coquillage, plage, gros plan, texture, vert olive, côte, vie marine, été, bord de mer, symbole, nature"
35024041,Jeune peuplier blanc poussant à côté d'un bloc de granit,"peuplier blanc, jeune arbre, feuilles argentées, bloc de granit, herbe, prairie, croissance, jeunesse, nouvelle vie, arbre, pierre, vert, été, faible profondeur de champ, vertical, botanique, nature"
35024040,Cumulus blancs épars dans un ciel d'un bleu profond,"cumulus, nuages blancs, ciel bleu profond, beau temps, paysage de nuages, ciel, fond de ciel, remplacement de ciel, arrière-plan, espace pour le texte, bleu, nuances, apaisant, été, météo, atmosphère, nature"
35024038,Grand peuplier blanc s'élevant dans un ciel partiellement nuageux,"peuplier blanc, arbre élancé, voûte d'arbres, branches, feuillage, lierre, contre-plongée, ciel bleu, nuages, majestueux, imposant, force, arbre, vert, été, vertical, nature"
35024036,Feuillage argenté de peuplier blanc montrant le revers pâle des feuilles,"peuplier blanc, feuilles argentées, revers des feuilles, feuillage, branches, végétation dense, arbustes, arbre, vert et blanc, contraste, texture, motif, plein cadre, arrière-plan, botanique, vert, blanc, nature"
35015316,Mouche velue butinant des fleurs jaunes de fenouil sur fond doux,"mouche velue, tachinaire, fleurs de fenouil, ombelle, fleurs jaunes, pollinisateur, insecte, macro, gros plan, flou artistique, bokeh, fond pastel, espace pour le texte, jaune, été, joie, positif, vie, nature"
35015315,Cétoine dorée au vert métallique avançant dans l'herbe,"cétoine dorée, scarabée, vert métallique, irisé, insecte, bel insecte, herbe, pelouse, macro, gros plan, faible profondeur de champ, faune, vert, vie, liberté, été, nature"
35015312,Lézard des murailles se chauffant sur un rocher de granit gris,"lézard des murailles, lézard, reptile, bain de soleil, écailles, longue queue, rocher de granit, lichen, camouflage, gris, ton sur ton, low key, faune, gros plan, animal, nature, texture, pierre"
34978560,Entrée de maison éclairée par une seule lampe par une nuit de brouillard,"entrée de maison, lampe d'entrée, porte en bois, brouillard, nuit, lueur, pelouse, boîte aux lettres, pavillon, rue calme, mystérieux, atmosphère étrange, brume, sombre, faible lumière, cinématographique, accueillant, vertical, maison"
34967548,Lande herbeuse balayée par le vent sous une maison isolée et un ciel bleu à Chausey,"lande herbeuse, herbes hautes, fougère aigle, maison isolée, sommet de colline, ciel bleu, nuages blancs, vent, îles chausey, normandie, france, paysage, île, sans voisins, liberté, fêtes, détente, nature sauvage, été, nature"
34967545,Estran à marée basse sous une maison de pierre et une arche à Chausey,"marée basse, estran, flaques de marée, herbier marin, amarres, blocs de granit, arche en pierre, maison en pierre, coteau, îles chausey, manche, normandie, france, paysage marin, côte, vie insulaire, sans voitures, tranquillité, fêtes, nature"
34956320,Pile de casiers à homards bleus et turquoise près d'une maison de pêcheur,"casiers à homards, casiers empilés, filet turquoise, filet bleu, cordage, maison de pêcheur, matériel de pêche, pêche artisanale, tradition de pêche, bokeh, faible profondeur de champ, couleurs pastel, été, travail, nature morte, vie littorale, turquoise, texture, détail"
34956319,Gros plan d'un casier de pêche noir et de filets parmi des fleurs jaunes sauvages,"casier à homards, filet de pêche, cordage, fleurs sauvages jaunes, métal rouillé, maille, matériel de pêche, pêche artisanale, tradition de pêche, gros plan, faible profondeur de champ, texture, été, travail, nature morte, vie littorale, vert, bleu, détail"
34939460,Tourelle d'amer blanche à toit noir sur un îlot de granit herbeux à Chausey,"amer, tour blanche, toit conique noir, colline herbeuse, rochers couverts de lichens, oiseaux marins, ciel gris, îles chausey, manche, normandie, france, aide à la navigation, patrimoine maritime, minimaliste, simple, apaisant, au loin, côte, île, nature"
34939457,Vagues éclaboussant un rocher de granit moussu dans la mer turquoise à Chausey,"vagues qui éclaboussent, embruns, écume, rocher de granit, algues vertes, eau turquoise, ondulations, îles chausey, manche, normandie, france, océan, paysage marin, côte, paix, détente, eau, pierre, nature"
34939456,Rochers de granit feuilletés couverts de lichens au-dessus de la mer à Chausey,"rochers de granit, roche feuilletée, lichen orange, formation rocheuse, îlot, mer, eau turquoise, ciel gris, îles chausey, manche, normandie, france, géologie, texture, paysage marin, côte, étalonnage, exploration, nature, pierre"
34939450,Phare de Chausey sur sa colline boisée vu depuis la mer,"phare de chausey, colline boisée, rivage rocheux, bâtiments en pierre, mer agitée, vue depuis la mer, phare, grande-île, îles chausey, manche, normandie, france, brume, ciel dramatique, tons bleus, île isolée, paysage marin, côte, voyage"
34930397,Gros plan en noir et blanc d'un bouledogue français endormi au sol,"bouledogue français, chien endormi, visage ridé, oreilles de chauve-souris, patte, chien, animal de compagnie, repos, sieste, compagnon fidèle, gros plan, low key, fond sombre, noir et blanc, monochrome, animal, intérieur, calme, mignon"
34930395,Photographe en casquette visant au téléobjectif en noir et blanc,"photographe, téléobjectif, objectif zoom, appareil photo, casquette, veste à capuche, profil, silhouette, deux personnes, photographie animalière, exploration, homme, noir et blanc, monochrome, high key, fond blanc, extérieur, loisir, portrait"
34908872,Colonie de cormorans sur des rochers de granit face à une île à Chausey,"colonie de cormorans, rochers de granit, oiseaux marins, ruine en pierre, île, mer agitée, heure bleue, ciel nuageux, îles chausey, manche, normandie, france, paysage marin, faune, oiseaux, côte, bleu, nature, lieu isolé"
34908869,Cormorans sur les rochers en noir et blanc au passage d'un ferry près de Chausey,"cormorans, rochers de granit, ferry, navire à passagers, vagues déferlantes, horizon brumeux, oiseaux marins, îles chausey, manche, normandie, france, noir et blanc, monochrome, délavé, paysage marin, voyage, transport maritime, côte, île, nature"
34908868,Rochers de granit sombre et cormorans perchés dans la mer agitée à Chausey,"rochers de granit, cormorans, oiseaux perchés, îlot rocheux, mer agitée, vagues, oiseaux marins, îles chausey, manche, normandie, france, paysage marin, ciel gris, mer bleue, faune, côte, île, nature, pierre"
34894968,Vue en noir et blanc de voiliers au mouillage parmi les îlots rocheux de Chausey,"voiliers au mouillage, mouillage, îlots rocheux, bateaux à moteur, branches de pin, archipel, îles chausey, manche, normandie, france, noir et blanc, monochrome, paysage marin, mer calme, bateaux, navigation à voile, lieu isolé, voyage, côte, nature"
34894967,Lande verte et chemins herbeux de la Grande-Île aux îles Chausey,"lande, chemins herbeux, arbustes, végétation sauvage, mer à l'horizon, grande-île, îles chausey, île, ciel couvert, vert, tons sourds, lieu isolé, nature sauvage, paysage, normandie, france, nature, tranquillité, panoramique, voyage"
34894965,Voilier à coque bleue et équipage en vestes rouges naviguant sur une mer grise et calme,"voilier, coque bleue, voile blanche, grand-voile, équipage, gilets de sauvetage, navigation à voile, drapeau français, mer calme, eau grise, vue en plongée, bateau, plaisance, mer, loisir, été, nautique, vertical, voyage, france"
34894959,"Phare en granit à lanterne verte derrière les arbres aux îles Chausey, France","phare de chausey, lanterne verte, tour en granit, phare, maison du gardien de phare, feuillage, ciel gris, temps couvert, île, îles chausey, granville, normandie, france, patrimoine maritime, architecture côtière, aide à la navigation, vertical, voyage, tourisme"
34876057,Vitrail coloré représentant l'archange saint Michel,"vitrail, archange saint michel, saint michel, archange, ange, auréole, lance, dragon, art religieux, christianisme, église, foi, religion, coloré, verre, vertical, vert, bleu, rouge, patrimoine"
34876056,Hémérocalles orange dans une rocaille avec arbustes et chemin de pierre,"hémérocalles orange, hémérocalle, rocaille, allée de jardin, rochers, buis, arbustes, herbe, fleurs, jardin, horticulture, jardinage, aménagement paysager, lumière du soleil, mise au point sélective, nature, été, vert, orange, gris"
34876055,Baies rondes en grisaille et silhouette sombre d'une colonne dans une église,"fenêtre ronde, oculus, vitrail en grisaille, vitraux, résille de plomb, colonne, silhouette, ombre, intérieur d'église, église, sombre, low key, contraste, contre-jour, ancien, religion, architecture, patrimoine, noir, arrière-plan"
34876054,Contre-plongée entre de vieux murs de pierre avec lierre et lanterne suspendue,"murs en pierre, passage étroit, contre-plongée, regard vers le haut, lanterne suspendue, potence en fer forgé, lierre, végétation, granit, vieux bâtiment, médiéval, ancien, ciel, nuages, architecture, patrimoine, france, perspective, bleu, sombre"
34876053,Silhouettes floues et abstraites de deux personnages dans une lumière chaude tamisée,"silhouettes floues, personnages, hors mise au point, abstrait, lumière tamisée, faible lumière, lumière chaude, mystérieux, rêveur, impressionniste, ambiance, nuit, coloré, sombre, orange, bleu canard, noir, texture, papier peint, arrière-plan"
34849713,Gros plan minimaliste de plombs courbes sur un vitrail blanc,"vitrail, plombs, courbes, gros plan, minimaliste, motif géométrique, motif répétitif, lumière diffuse, flou artistique, fenêtre d'église, verre, abstrait, high key, espace négatif, blanc, vert de gris, texture, espace pour le texte, papier peint, arrière-plan"
34849712,Motif de vitrail blanc entrelacé avec une bande rouge sur le côté,"vitrail, motif entrelacé, bande rouge, plombs, motif géométrique, motif répétitif, lumière diffuse, flou artistique, fenêtre d'église, verre, abstrait, rêveur, couleurs pastel, blanc, vert menthe, rouge, vertical, texture, papier peint, arrière-plan"
34849711,Vitrail en flou doux aux arcs de cercle encadrés de bandes rouges,"vitrail, arcs de cercle, symétrie, bandes rouges, lumière diffuse, flou artistique, flou, motif géométrique, motif répétitif, fenêtre d'église, verre, abstrait, rêveur, couleurs pastel, blanc, rouge, vertical, texture, papier peint, arrière-plan"
34849710,Vitrail blanc flou aux courbes entrelacées bordé de rouge,"vitrail, courbes entrelacées, flou, lumière diffuse, bordure rouge, motif répétitif, motif géométrique, fenêtre d'église, verre, abstrait, rêveur, flou artistique, couleurs pastel, blanc, vert menthe, rouge, vertical, texture, papier peint, arrière-plan"
34849709,Voûte et baies du chœur gothique flamboyant de l'église abbatiale du Mont-Saint-Michel,"chœur gothique, gothique flamboyant, voûte d'ogives, clé de voûte, hautes fenêtres, remplages, triforium, lumière, contre-plongée, église abbatiale, abbaye du mont-saint-michel, mont-saint-michel, normandie, france, patrimoine mondial de l'unesco, architecture gothique, intérieur, médiéval, patrimoine, religion"
34849708,Vitrail géométrique aux tons pastel et à résille de plomb,"vitrail, motif géométrique, couleurs pastel, plombs, motif répétitif, mosaïque, hexagones, verre, contre-jour, fenêtre d'église, vitrail contemporain, abstrait, texture, plein cadre, rose, vert, jaune, couleurs douces, papier peint, arrière-plan"
34849707,Galerie du cloître et baies du chœur gothique de l'abbaye du Mont-Saint-Michel,"cloître, colonnade, chœur gothique, fenêtres à remplages, pinacles, toit en ardoise, colonnes, abbaye du mont-saint-michel, mont-saint-michel, normandie, france, patrimoine mondial de l'unesco, architecture gothique, médiéval, monumental, patrimoine, religion, vertical, tons sourds, gris"
34849706,Murs et arcades de la nef romane de l'église abbatiale du Mont-Saint-Michel,"église abbatiale, nef romane, pilier, arcades, triforium, fenêtres en plein cintre, voûte en bois, appareil de pierre, abbaye du mont-saint-michel, mont-saint-michel, normandie, france, patrimoine mondial de l'unesco, intérieur, contre-plongée, médiéval, architecture, patrimoine, religion, granit rose"
34849704,Lumière à travers les fenêtres romanes de l'église abbatiale du Mont-Saint-Michel,"église abbatiale, nef romane, fenêtres en plein cintre, colonnes, chapiteaux, arcades, voûte en bois, rayons de lumière, appareil de pierre, abbaye du mont-saint-michel, mont-saint-michel, normandie, france, patrimoine mondial de l'unesco, intérieur, médiéval, architecture, patrimoine, religion, granit rose"
34828679,"Deux pigeons bisets face à l'objectif, l'un net et l'autre flou","pigeons bisets, pigeon, deux oiseaux, yeux rouges, plumes irisées, portrait d'oiseau, face à face, mise au point sélective, mise au point au premier plan, bokeh, amusant, curieux, oiseaux, oiseaux des villes, faune, animaux, gros plan, nature, violet, gris"
34828675,Remparts crénelés et escaliers de pierre du Mont-Saint-Michel,"remparts, mâchicoulis, créneaux, fortification, mur en pierre, escaliers en pierre, médiéval, mont-saint-michel, normandie, france, patrimoine mondial de l'unesco, granit, vieilles maisons, architecture, patrimoine, histoire, voyage, tourisme, beige, gris"
34762347,Gros plan d'une arête de pierre couverte de lichen sur bokeh vert,"lichen, pierre, texture de roche, pierre patinée, mousse, gros plan, macro, mise au point sélective, faible profondeur de champ, bokeh, diagonale, texture, détail, nature, gris, vert, fond naturel, espace pour le texte, minimaliste, arrière-plan"
34762323,Trois pigeons perchés sur un rocher moussu parmi les galets,"pigeons, trois oiseaux, perché, rocher moussu, algues vertes, galets, pierres, sable mouillé, marée basse, plage, bord de mer, oiseaux, faune, animaux, repos, nature, côte, vert, beige, gris"
34762322,Pigeons se posant sur un rocher moussu d'une plage de galets,"pigeons, pigeon qui se pose, ailes, rocher moussu, algues vertes, galets, pierres, sable mouillé, marée basse, plage, bord de mer, oiseaux, faune, animaux, oiseaux des villes, nature, côte, vert, beige, gris"
34762321,Vue verticale d'un promeneur solitaire et d'une mouette sur l'estran,"estran, marée basse, promeneur solitaire, mouette, marche, pieds nus, bancs de sable, eau peu profonde, eau scintillante, strates, solitude, minimaliste, espace négatif, bord de mer, côte, mer, vertical, high key, argent, blanc"
34762320,Personne seule marchant pieds nus sur un estran scintillant,"estran, marée basse, personne seule, marche, pieds nus, bancs de sable, eau peu profonde, eau scintillante, solitude, minimaliste, espace négatif, bord de mer, côte, mer, plage, été, high key, argent, blanc, bleu"
34762319,Drapeau tricolore français flottant sur un ciel gris couvert,"drapeau français, tricolore, drapeau, mât, drapeau au vent, tissu effiloché, vent, ciel couvert, france, symbole national, patriotisme, république, fête nationale, bleu, blanc, rouge, gris, ciel, espace pour le texte, arrière-plan"
34500329,Femme au chapeau de paille et foulard appuyée sur un parapet de pierre,"femme, chapeau de paille, foulard, vu de dos, veste blanche, parapet de pierre, élégant, mode, style estival, touriste, contemplation, arbres, bokeh, faible profondeur de champ, personne, style de vie, vie quotidienne, france, orange, vert"
34500326,Pont de pierre à arches avec réverbères et jardinières à Cognac,"pont de pierre, pont en arc, arches, réverbères, jardinières, garde-corps, corbeaux, maçonnerie, cognac, charente, france, architecture, patrimoine, contre-plongée, perspective, sépia, tons sourds, vertical, beige, voyage"
34500324,Café sous verrière en noir et blanc avec un triporteur ancien,"cour couverte, café, restaurant, tables et chaises, triporteur, camionnette ancienne, réverbère, verrières, poutres en bois, façades, statue, fontaine, intérieur, décor, france, noir et blanc, monochrome, vintage, architecture, gris"
34500323,Promenade en noir et blanc au bord de la Charente à Cognac,"promenade au bord de l'eau, charente, quai, rivière, mur en pierre, promeneurs, bateau, arbres, cheminée, pont, reflet, cognac, charente, france, ville, promenade, noir et blanc, monochrome, gris, voyage"
34342123,Houppier d'automne onirique vu à travers des feuilles floues au premier plan,"voûte d'arbres, feuilles d'automne, feuillage, branches, premier plan flou, flou artistique, rêveur, bokeh, forêt, arbres, contre-jour, lumière du soleil, automne, saison, nature, vert, jaune, marron, fond naturel, arrière-plan"
33035632,Tour Eiffel encadrée d'arbres verts à Paris,"tour eiffel, tour en fer, fer forgé, monument, monument, arbres, cadre naturel, réverbère, contre-plongée, ciel couvert, paris, france, europe, architecture, patrimoine, voyage, tourisme, vertical, vert, gris"
31285712,Part de pizza maison aux lardons sur une planche en bois d'olivier,"part de pizza, pizza maison, bacon, fromage, pizza blanche, planche en bois d'olivier, planche à découper, couteau, table en bois, assiette, pizza, nourriture, repas, fait maison, rustique, repas de famille, gros plan, photographie culinaire, bois, marron"
29654801,"Magret de canard dressé avec champignons, crumble et purée de panais","magret de canard, assiette dressée, champignons, crumble, purée de légumes, sauce, plat principal, gastronomique, gastronomie, cuisine française, restaurant, assiette en céramique, nourriture, repas, dîner, gros plan, nappe rouge, photographie culinaire, rouge, blanc"
29169886,Rangs de vigne et hautes herbes sous un ciel bleu en fin de journée,"vignoble, vignes, rangs de vigne, feuilles de vigne, herbes hautes, piquets en bois, viticulture, région viticole, agriculture, campagne, paysage rural, ciel bleu, traînées de condensation, lumière du soir, nature, été, vert, bleu, vin, tradition"
27141523,Gros plan d'une fleur de liseron blanc sur un doux bokeh vert,"liseron, fleur blanche, fleur en trompette, pétales, pistil, étamines, macro, gros plan, bokeh, flou artistique, fleur sauvage, feuilles, fleur, nature, été, blanc, vert, jaune, délicat, arrière-plan"
27141522,Feuillage dense d'arbuste panaché aux tons verts sourds,"feuilles panachées, arbuste, feuillage, feuilles, branches, haie, végétation dense, verdure, jardin, plante, texture, motif, plein cadre, fond naturel, nature, été, tons sourds, vert, fujifilm, arrière-plan"
27016845,Feuilles vertes denses de jeunes plants de maïs dans un champ d'été,"feuilles de maïs, maïs, champ de maïs, jeune maïs, culture, agriculture, champ agricole, culture céréalière, feuilles, plante, motif, texture, lumière du soleil, campagne, rural, nature, été, vert, plein cadre, arrière-plan"
26775591,Coucher de soleil sur une rue en travaux bordée de vieilles maisons en pierre,"coucher de soleil, rue en travaux, travaux routiers, barrières de chantier, maisons en pierre, façades, rue, voiture garée, soleil, nuages, heure dorée, point de fuite, perspective, hdr, urbain, ville, soir, ciel, orange, bleu"
26775590,Coucher de soleil orange flamboyant au bout d'une rue,"coucher de soleil, ciel orange, rue de ville, soleil, maisons mitoyennes, rue, travaux routiers, voiture garée, réverbère, heure dorée, contre-jour, brume, urbain, ville, soir, été, ciel, lumière chaude, orange, rouge"
26598926,Rayons de soleil à travers des nuages spectaculaires au-dessus d'un clocher,"flèche d'église, rayons de soleil, rayons crépusculaires, cumulus, ciel spectaculaire, paysage de nuages, nuages, ciel bleu, église, clocher, croix, arbres, village, ciel, lumière, atmosphère, météo, bleu, blanc, arrière-plan"
19059640,Branches d'abélia en fleurs devant des poteaux de clôture rouges,"abélia, fleurs d'abélia, fleurs blanches, arbuste en fleurs, fleur, branche, feuilles, clôture rouge, poteaux de clôture, jardin, faible profondeur de champ, bokeh, fleurs, plante, nature, été, vert, rouge, blanc, botanique"
19059639,Branche d'épicéa chargée de cônes au-dessus d'un toit de tuiles,"cônes d'épicéa, pommes de pin, épicéa, conifère, persistant, branche, aiguilles, tuiles en terre cuite, toit, lierre, ciel blanc, espace négatif, minimaliste, arbre, nature, botanique, vert, high key, espace pour le texte, arrière-plan"
19059623,Homme en costume sur un escalator extérieur en noir et blanc,"escalator, escalator extérieur, homme en costume, homme, escaliers, vélo, roue de vélo, vue en plongée, lignes diagonales, urbain, vie urbaine, photographie de rue, passant, arbres, béton, architecture, noir et blanc, monochrome, vintage, vie quotidienne"
19047680,Femmes passant devant un mur de pierre sous un clocher,"femmes qui marchent, passants, foulards, flèche d'église, toits d'ardoise, mur en pierre, maisons en pierre, camionnette, marches, vieille ville, scène de rue, mouvement, personnes, femmes, vie quotidienne, rue, architecture, ville, vertical, france"
18964815,Façade et campanile de l'hôtel de ville de Poitiers avec drapeaux sous un ciel d'orage,"hôtel de ville de poitiers, hôtel de ville, campanile, horloge, sculptures, statues de lions, façade, fenêtres, drapeaux, ciels nuageux, couleur crème, monument, architecture, patrimoine, poitiers, vienne, nouvelle-aquitaine, france, vertical, voyage"
16592454,Traînées lumineuses abstraites sur des personnes floues en mouvement la nuit,"traînées lumineuses, light painting, flou de bougé volontaire, flou de mouvement, couleurs néon, lignes colorées, personnes floues, abstrait, expressionnisme abstrait, expérimental, humain, art humain, lumière, nuit, longue exposition, fête, multicolore, fond sombre, arrière-plan abstrait, fond d'écran de téléphone"
16510834,Chat tigré endormi dans une pile de vêtements sur un T-shirt bleu,"chat tigré, chat endormi, chat, chat au repos, pile de vêtements, linge, t-shirt bleu, pulls, armoire, sommeil, bel animal, chat domestique, animal de compagnie, félin, animal, douillet, maison, amusant, désaturé, intérieur"
11041007,Figurine cubique de jeu vidéo au casque de diamant tenant un paquet de bonbons,"figurine cubique, personnage de jeu vidéo, casque de diamant, pixel art, bonbon, paquet de bonbons, sucre, friandise, jouet, figurine miniature, objet de collection, jeux vidéo, jeu vidéo, parquet, tapis, coloré, amusant, intérieur, nature morte, bleu"
11039264,Statue de Bouddha rieur tenant un lingot d'or devant un sapin de Noël,"bouddha rieur, statue de bouddha, statue, bouddha, lingot d'or, chapelet, sourire, sculpture, sapin de noël, noël, achats de noël, bokeh, décoration, prospérité, chance, spiritualité, culture asiatique, gros plan, nature morte, gris"
11017570,Bonhomme de neige en chaussette devant une cagette d'agrumes du Maroc au soleil imprimé,"bonhomme de neige en chaussette, fait main, loisir créatif, bonhomme de neige, cagette de fruits, cagette d'agrumes, soleil imprimé, produit du maroc, carton, fenêtre, rebord de fenêtre, soleil, agriculture, laine, art, hiver, jouet, nature morte, intérieur, blanc"
10959904,Bougie allumée à la cire jaune dans un pot en verre dépoli,"bougie allumée, bougie, flamme, mèche, cire jaune, bougie en pot, verre dépoli, lumière de bougie, fond sombre, faible lumière, lumière chaude, douillet, détente, méditation, soir, maison, nature morte, jaune, gros plan, nuit"
10879440,Tuile de rami numéro 11 dressée sur une table en bois,"tuile de rami, numéro 11, tuile de jeu, chiffre orange, jeu de société, jeux de société, table en bois, veinage du bois, bokeh, faible profondeur de champ, dessus de table, soirée jeux, loisir, famille, chiffre, blanc, orange, gros plan, nature morte, intérieur"
10879428,Couette blanche sur un lit devant des rideaux gris,"couette blanche, édredon, literie, lit, draps, rideaux gris, rideau, tentures, smartphone, téléphone, chambre, grasse matinée, repos, douillet, maison, intérieur, doux, faible profondeur de champ, blanc, style de vie"
10815633,Gros plan sur des tuiles de jeu blanches retournées aux logos en relief,"tuiles de jeu, tuiles retournées, logo en relief, rami, jeu de société, jeux de société, pions de jeu, motif, grille, répétition, blanc, fond blanc, minimaliste, texture, faible profondeur de champ, gros plan, loisir, abstrait, arrière-plan, nature morte"
10815620,Chat tigré et blanc assis sur un balcon près d'une chaise blanche,"chat tigré et blanc, chat, chat assis, chaise blanche, chaise en métal, balcon, terrasse, yeux verts, moustaches, fourrure, chat domestique, animal de compagnie, félin, animal, extérieur, portrait de chat, vertical, marron, mignon, été"
10804000,Déversoir de rivière sous une passerelle en bois près d'un ancien moulin,"déversoir, cascade, passerelle en bois, passerelle, ancien moulin, mur en pierre, rivière, eau courante, longue exposition, escaliers, garde-corps, arbres, patrimoine, architecture, eau, été, ville, nature, france, voyage"
10767076,Vieux pont de pierre en arche sur une petite rivière dans une ville en pierre calcaire,"pont de pierre, pont en arc, petite rivière, nénuphars, immeubles en pierre calcaire, façades, balcon, chemin piétonnier, vieille ville, rivière, pont, eau, architecture, patrimoine, ciel nuageux, ville, petite ville, été, france, voyage"
10757956,Arbres nus bordant une rue résidentielle aux toits de tuiles en hiver,"arbres nus, rue arborée, rue résidentielle, maisons, toits de tuiles, portail, antenne de télévision, branches, ciel couvert, hiver, banlieue, rue, maison, arbre, ville, quartier, ciel gris, contre-plongée, france, architecture"
10745565,Feuilles sèches brunes sur l'herbe et le gravier vues du dessus,"feuilles sèches, feuilles mortes, feuilles brunes, feuille, herbe, gravier, sol, vue de dessus, vue à plat, automne, texture, fond vert, fond naturel, terre, plantes, vert, marron, nature morte, nature, extérieur"
10714439,Grand ours en peluche sur un banc en bois avec peluches et coussin,"ours en peluche, ours en peluche géant, peluches, doudou, coussin, banc en bois, banc, salon, fenêtre, ours, enfance, douillet, maison, intérieur, nostalgie, jouet, nature morte, monochrome, noir et blanc, arrière-plan noir et blanc"
10699313,Portrait en noir et blanc d'un chat tigré curieux,"chat tigré, portrait de chat, curiosité, tête de chat, moustaches, yeux, oreilles, chat domestique, animal de compagnie, chat, félin, animal, intérieur, faible profondeur de champ, gros plan, mignon, maison, monochrome, noir et blanc, gris"
10688244,Gros plan sur une fleur de glycine posée sur des cristaux d'améthyste,"fleur de glycine, améthyste, cristaux, pierre, pierre précieuse, pétales, fleur, plante, violet, lavande, minéral, grillage, gros plan, macro, printemps, délicat, nature morte, fond sombre, nature, texture"
10683520,"Décoration de Noël avec nœud vichy rouge, baies de houx et guirlande dorée","décoration de noël, nœud vichy, ruban rouge, baies de houx, houx, boule en rotin, guirlande dorée, boule de noël, sapin de noël, noël, fêtes de fin d'année, festif, décoration, rouge, or, vert, gros plan, nature morte, hiver, fête"
10669795,Portrait d'un chat tigré fixant l'objectif sur fond flou,"chat tigré, portrait de chat, tête de chat, moustaches, oreilles, yeux, regard fixe, chat domestique, animal de compagnie, chat, bokeh, faible profondeur de champ, intérieur, marron, jaune, mignon, félin, animal, gros plan, maison"
10659494,Lac reflétant un ciel nuageux avec des feuilles mortes sur la rive,"lac, bord du lac, effet miroir, reflet, ciel nuageux, nuages, feuilles mortes, branches d'arbres, forêt, collines, eau calme, automne, temps couvert, bleu, rose, tranquille, paysage, eau, nature, france"
10652212,Pêcheur à la ligne sur une berge verdoyante bordée de grands arbres,"pêcheur à la ligne, pêcheur, pêche, canne à pêche, berge de rivière, rivière, reflet, grands arbres, herbe, végétation, fond vert, été, loisir, campagne, eau, calme, homme, nature, vert, france"
10652195,Pneumatophores noueux d'un cyprès chauve au bord d'une rivière,"pneumatophores, cyprès chauve, racines, bois noueux, souche, racines apparentes, berge de rivière, rivière, eau courante, feuilles, écorce, texture, bois, parc, été, arbre, eau, nature, france, extérieur"
10644439,Maquette de voilier prise dans la banquise sous une lumière bleue,"maquette de bateau, voilier, trois-mâts, banquise, icebergs, diorama, expédition polaire, exposition, musée, lumière bleue, bleu, bleu clair, arrière-plan bleu, glace, froid, arctique, navire, eau, maquette, aventure"
10644428,"Vieil escalier en béton couvert de feuilles mortes, soleil éblouissant près d'un immeuble","marches en béton, escaliers, escalier extérieur, main courante, feuilles mortes, reflet du soleil, reflet d'objectif, soleil, contre-jour, bâtiment, verdure, beau coucher de soleil, hdr, lumineux, quartier, rue, automne, grand angle, ville, france"
10634288,Tronc d'arbre couvert de lierre dans une végétation luxuriante au bord d'une rivière,"tronc d'arbre, lierre, végétation luxuriante, sous-bois, feuilles, berge de rivière, rivière, arbre vert, bosquet, été, fond vert, beauté de la nature, sauvage, grand angle, arbre, forêt, vertical, vert, nature, france"
10634272,Tranches de terrine de campagne avec cornichons et pousses de betterave,"terrine de campagne, pâté, cornichons, pousses de betterave, crème de balsamique, confit d'oignon, assiette blanche, entrée, charcuterie, cuisine française, restaurant, cuisine, repas, gastronomie française, photographie culinaire, assiette dressée, nourriture, france, gros plan, déjeuner"
10625741,Croustillant de feuille de brick sur salade mélangée et pousses de betterave,"feuille de brick, croustillant, salade mélangée, laitue rouge, pousses de betterave, tomate cerise, entrée, assiette blanche, restaurant, cuisine française, repas, déjeuner, gastronomie française, photographie culinaire, assiette dressée, table, nourriture, france, gros plan, vert"
10618206,"Pont routier en béton reflété dans une rivière calme, en noir et blanc","sous le pont, pont en béton, piles de pont, graffiti, reflet, eau calme, rivière, berge de rivière, arbres, maisons, urbain, infrastructure, pont, eau, contraste élevé, sombre, monochrome, noir et blanc, architecture, france"
10606945,Ampoule transparente et fleurs violettes vues à travers un grillage,"ampoule, ampoule en verre transparent, filament, fleurs violettes, glycine, grillage, lampe, led, fleur, violet, lavande, pastel, rêveur, lumière douce, reflet, créatif, jardin, nature morte, vertical, arrière-plan"
10597431,Gros plan sur des fleurs roses de valériane rouge,"valériane rouge, centranthe, fleurs roses, pétales, grappe de fleurs, belle fleur, floraison, gros plan, macro, rose, fond rose, magenta, jardin, printemps, flore, botanique, nature, fond floral, vertical, fond d'écran de téléphone"
10591398,Homme blond de profil près d'un saule pleureur dans un parc,"homme blond, profil, sweat à capuche, jeune homme, saule pleureur, parc, arbres, pelouse, homme, blonde, pensif, portrait en extérieur, portrait, personne, automne, nature, monochrome, noir et blanc, arrière-plan noir et blanc, style de vie"
10581933,Grande roue du marché de Noël devant l'hôtel de ville de Poitiers,"grande roue, marché de noël, hôtel de ville, poitiers, place du maréchal-leclerc, fête foraine, chalets du marché, foule, arbres nus, hiver, noël, architecture, place, nouvelle-aquitaine, france, ville, désaturé, monochrome, noir et blanc, voyage"
10572711,Lierre rouge et vert grimpant sur un mur de pierre le long d'une route,"lierre, plantes grimpantes, vigne vierge, mur en pierre, feuilles rouges, feuilles vertes, route, trottoir, garde-corps, lumière dorée, coucher de soleil doré, automne, plantes, rue, nature en ville, texture de mur, arrière-plan, coloré, france, hdr"
10565065,Bouquet de roses fanées dans un vase en verre en noir et blanc,"roses fanées, fleurs séchées, roses, bouquet de fleurs, vase en verre, feuilles mortes, cage à oiseaux, cuisine, mélancolie, dépérissement, souvenir, vanité, nature morte, fleurs, intérieur, vertical, monochrome, noir et blanc, gris, ambiance"
10556139,Figurine de héros elfe de jeu vidéo avec épée et bouclier parmi des pommes de pin,"figurine, personnage de jeu vidéo, héros elfe, épée et bouclier, pommes de pin, objet de collection, jouet, jeux vidéo, jeu vidéo, aventure, fantasy, photo de produit, mis en scène, bokeh, faible profondeur de champ, table en bois, vert, jaune, nature morte, intérieur"
10556063,Salicaire en fleurs sur une berge de rivière sous un ciel d'été nuageux,"salicaire, fleur sauvage, fleurs violettes, berge de rivière, rivière, reflet, marais, herbe, arbres, ciel nuageux, ciel bleu, été, belle fleur, beauté de la nature, campagne, eau, france, paysage, nature, vert"
10543529,Cime d'un sapin de Noël avec guirlandes rouges et guirlande lumineuse,"cime du sapin de noël, guirlande rouge, guirlande lumineuse, boule transparente, guirlandes, boule de noël, sapin artificiel, décoration de noël, ambiance de noël, noël, fêtes de fin d'année, festif, mur blanc, espace pour le texte, hiver, vert, rouge, nature morte, intérieur, fête"
10535821,Panier en osier rempli de noix et personnes masquées dans une cour,"panier en osier, noix, coquille de noix, panier de noix, table en bois, masques, personnes, cour, étal de marché, récolte d'automne, scène de rue, vie quotidienne, pandémie, nourriture, france, monochrome, noir et blanc, documentaire, grand angle, texture"
10535792,Coucou en bois sculpté orné d'un oiseau avec ses poids en pomme de pin,"coucou, horloge murale, bois sculpté, sculpture sur bois, horloge de la forêt-noire, oiseau, feuilles, poids en pomme de pin, chaînes, chiffres romains, cadran d'horloge, ancien, artisanat, temps, heure, mur texturé, mur blanc, vintage, décoration, vertical"
10524140,Arche de rocaille au-dessus d'une allée dans un jardin romantique,"arche de rocaille, arche en pierre, rocaille, grotte, pont rustique, allée de parc, jardin romantique, jardin paysager, arbres, bambou, feuilles mortes, automne, surexposé, high key, effet de lumière, contraste, parc, nature, jardin, france"
10524139,Tronc et pneumatophores d'un cyprès chauve au bord d'une rivière,"cyprès chauve, pneumatophores, tronc d'arbre, racines d'arbre, berge de rivière, rivière, branches retombantes, feuillage vert, eau calme, reflets, arbre, écorce, parc, nature, paysage, été, paisible, extérieur, france, vert"
10515562,Berge ensoleillée bordée d'arbres et de feuilles mortes à la fin de l'été,"berge de rivière, rivière, arbres, feuilles mortes, lumière du soleil, lumière tamisée, eau calme, reflets, arbres verts, feuillage, fin d'été, automne, forêt, paisible, nature, paysage, extérieur, parc, france, vert"
10504042,Feuilles de lierre au premier plan d'une pelouse ensoleillée et d'une serre,"lierre, feuilles de lierre, serre, verrière, pelouse, herbe verte, arbre, contre-jour, lumière du soleil, soleil, parc, jardin botanique, espace ouvert, jardin, été, vert, contre-plongée, nature, extérieur, france"
10486478,Voiture blanche garée près de conteneurs de recyclage sous des arbres d'automne,"voiture blanche, voiture garée, petite voiture, conteneurs de recyclage, conteneur à verre, conteneur à déchets, déchets, bordure de trottoir, rue, arbres d'automne, feuilles d'automne, arbres verts, urbain, bord de route, recyclage, environnement, quotidien, fond vert, france, trottoir"
10473138,Rue commerçante étroite et déserte la nuit avec pavés et lanternes,"rue de nuit, rue étroite, rue piétonne, rue déserte, pavés, lanternes, devantures, bâtiments en pierre, vieille ville, ruelle, vieille rue, perspective, nuit, fond sombre, vide, centre-ville, urbain, mélancolique, france, voyage"
10459984,"Profil d'un chat tigré et blanc au repos, les yeux fermés","chat tigré, chat tigré et blanc, chat de profil, yeux fermés, chat au repos, reposant, détendu, calme, chat, moustaches, oreilles, fourrure, rambarde de balcon, fond sombre, animal de compagnie, animal, portrait, gros plan, chat domestique, félin"
10452966,Grille de fer rouillée devant un bâtiment sombre à l'escalier de béton,"grille en fer, grille rouillée, barreaux métalliques, barrière, escalier en béton, escaliers, bâtiment abandonné, fond sombre, ombres, poutres en bois, industriel, prison, clos, brut, mélancolique, low key, architecture, texture, urbain, vertical"
10443099,Église gothique Notre-Dame avec un éclat de soleil sur une place,"église gothique, notre-dame, église, clocher, reflet du soleil, contre-jour, effet de lumière, vitraux, style gothique, façade, place, vieille ville, christianisme, patrimoine, architecture, religion, hdr, ciel rose, france, voyage"
10431296,Maquette de Big Ben avec une harpe et un bus londonien rouge miniature,"maquette de big ben, big ben, miniature, harpe, bus londonien, bus à impériale, bus rouge, jouet, maquette, souvenir, britannique, angleterre, londres, chambre mansardée, bureau, nature morte, décoration, collection, intérieur, voyage"
10418605,Rayons de soleil perçant les nuages d'orage au-dessus des toits au coucher du soleil,"rayons de soleil, rayons de soleil, rayons crépusculaires, nuages d'orage, ciel spectaculaire, coucher de soleil, toits, ville, paysage urbain, panorama, centre-ville, ciel bleu, heure dorée, automne, arbres, maisons, hdr, france, paysage, ciel"
10405558,Chaton roux se faufilant dans les hautes herbes sèches,"chaton roux, chat roux, chat orange, chaton, chat, herbes hautes, herbe sèche, caché, à l'affût, qui se faufile, yeux verts, animal de compagnie, animal, faune, nature, extérieur, panoramique, mignon, félin, vert"
10394847,Gros plan de violettes posées sur une ampoule lumineuse,"violettes, fleurs violettes, ampoule, ampoule allumée, verre, reflet, grillage, violet, mauve, gros plan, macro, nature morte, lumière, lueur, fleur, printemps, décoration, abstrait, arrière-plans, pastel"
10384181,Lampe à ampoule allumée avec des violettes près d'une figurine de fée et de pommes de pin,"figurine de fée, fée, ailes d'ange, ampoule, lampe à ampoule, lampe en grillage, violettes, pommes de pin, figurine, pierre, décoration, intérieur, nature morte, lumière chaude, lumière tamisée, douillet, décoration intérieure, fond sombre, lampe, fantaisiste"
10375506,Néflier du Japon dans un jardin devant la maison sous un ciel orageux,"néflier du japon, nèfle du japon, arbre à feuillage persistant, jardin de devant, jardin, pelouse, pot de fleurs, fleurs, clôture, voiture garée, maison, ciel orageux, nuages sombres, lignes électriques, feuilles vertes, arbre, banlieue, hdr, vertical, france"
10369144,"Assiette de cannelés dorés et caramélisés, pâtisserie bordelaise","cannelé, cannelés, cannelé de bordeaux, pâtisserie française, croûte caramélisée, petits gâteaux, pâtisserie, assiette, assiette blanche, dessert, sucré, pâtisserie maison, doré, cuisine française, gâteau, nourriture, fait maison, gros plan, photographie culinaire, france"
10368253,Chat tigré marchant dans une rue résidentielle vu en contre-plongée,"chat tigré, chat qui marche, contre-plongée, vue en contre-plongée, chat, perspective géante, rue résidentielle, voitures garées, maisons, réverbère, lignes électriques, ciel nuageux, asphalte, animal de compagnie, animal, amusant, extérieur, banlieue, france, perspective"
10365716,Fleurs blanches de céraiste en gros plan sombre et intimiste,"céraiste tomenteux, céraiste, fleurs blanches, pétales, tiges, boutons floraux, fond sombre, low key, mélancolique, désaturé, gros plan, fleur, floraison, fleur de printemps, printemps, nature, jardin, botanique, plante, macro"
10355479,Chat tigré aux yeux verts assis sur l'asphalte,"chat tigré, yeux verts, portrait de chat, chat, moustaches, pelage rayé, chat assis, asphalte, trottoir, regard détourné, chat domestique, animal de compagnie, animal, gros plan, panoramique, extérieur, rue, gris, mignon, félin"
10355467,Piéton traversant un carrefour devant un immeuble moderne arrondi,"piéton, coin de rue, passage piéton, feu tricolore, immeuble arrondi, immeuble moderne, façade vitrée, voitures, flou de mouvement, vitrine, rue de ville, centre-ville, urbain, photographie de rue, pastel, hdr, vie urbaine, architecture, france, paysage urbain"
10347221,Rangée de livres politiques et un album de Grup Yorum sur une étagère,"livres, bibliothèque, dos de livres, livres politiques, grup yorum, album de musique, étagère, marque-page, collection de livres, lecture, littérature, livres de poche, politique, nature morte, intérieur, rouge, blanc, bois, maison, culture"
10347211,Immeubles de pierre et toits d'ardoise aux cheminées sous des nuages spectaculaires,"toits, toit en ardoise, cheminées, bâtiments en pierre, pierre calcaire, grille en fer forgé, réverbère, voitures garées, vieille ville, nuages spectaculaires, ciel bleu, paysage urbain, façades, rue, ville, architecture, urbain, hdr, france, voyage"
10327809,L'hôtel de ville de Poitiers et son beffroi sous un ciel bleu profond,"hôtel de ville de poitiers, toit en ardoise, hôtel de ville, lucarnes, tour de l'horloge, façade, place du maréchal-leclerc, place, passants, drapeaux français, ciel bleu profond, nuages, poitiers, vienne, nouvelle-aquitaine, france, architecture, patrimoine, monument, voyage"
10310851,Ponton en bois et petite barque sur une rivière calme reflétant les nuages,"ponton en bois, embarcadère, barque amarrée, barque, barque à rames, rivière, eau calme, reflets de nuages, reflets, arbres, marais, zone humide, berge de rivière, vert, été, nature, paysage, paisible, france, eau"
10303311,Canal paisible bordé d'arbres luxuriants sous un ciel nuageux,"canal, eau calme, bord de rivière, marais, zone humide, arbres, tronc d'arbre, feuillage luxuriant, reflets, ciel nuageux, vert, voie navigable, nature, paysage, été, paisible, extérieur, vertical, france, eau"
10292593,Chemin de gravier blanc sinueux entre les arbres verts du marais,"chemin sinueux, chemin piétonnier, chemin de gravier, chemin de campagne, marais, zone humide, clôture en bois, peupliers, arbres, herbe verte, verdure, promenade, randonnée, nature, été, campagne, paysage, extérieur, vertical, france"
10281697,Fleur blanche de liseron des haies parmi les feuilles vertes,"liseron des haies, liseron, calystegia sepium, fleur blanche, fleur en trompette, ipomée, pétales, feuilles vertes, feuillage, fleur sauvage, plante grimpante, fleur, gros plan, floraison, vert, blanc, été, nature, jardin, plante"
10273090,Petit seuil en cascade sous une passerelle métallique,"déversoir, petit barrage, cascade, cascade, eau courante, eau vive blanche, passerelle, garde-corps métallique, rivière, ruisseau, pierres, arbres, verdure, longue exposition, nature, eau, parc, été, france, paysage"
10260382,Chat roux courant sur un chemin de gravier sous un pont ferroviaire,"chat roux, chat qui court, chat en course, chat, chemin de gravier, chemin piétonnier, pont ferroviaire, pont métallique, herbe, mur en pierre, graffiti, grand angle, perspective, animal de compagnie, animal, extérieur, vert, mélancolique, france, urbain"
10249058,Fleur de lotus sacré rose épanouie parmi les capsules et les feuilles,"lotus sacré, fleur de lotus, lotus rose, nelumbo nucifera, capsule de lotus, feuilles de lotus, floraison, pétales, plante d'eau, plante aquatique, jardin botanique, fleur, bassin de lotus, feuilles vertes, rose, été, nature, jardin, botanique, plante"
10220497,Rivière claire et peu profonde avec une passerelle et le reflet des arbres,"eau claire, rivière peu profonde, rivière, berge de rivière, passerelle, reflets, arbres, feuillage vert, pierres, galets, eau calme, eau transparente, été, nature, paysage, paisible, extérieur, vert, france, eau douce"
10199772,Vieille maison couverte de lierre aux volets de bois et femme assise devant,"maison couverte de lierre, lierre, plantes grimpantes, vieille maison, façade en pierre, volets en bois, fenêtres, balcon, chemin de terre, femme, assise, haut rayé, campagne, rustique, village, maison française, architecture, verdure, été, france"
10187660,Traînée d'avion unique dans un ciel bleu dégagé aux nuages légers,"traînée d'avion, traînée de condensation, traînée de vapeur, sillage de jet, ciel bleu, nuages effilochés, cirrus, ligne diagonale, avion, aviation, vol, ciel, ciel dégagé, minimalisme, espace négatif, espace pour le texte, arrière-plans, bleu, journée, nature"
10187589,Escalier de pierre raide dans une ruelle étroite le long d'un vieux mur,"escalier de pierre, escaliers, main courante, ruelle étroite, ruelle, vieux mur, mur en pierre, grille rouillée, vieille rue, passage, gouttière, verdure, perspective, vieille ville, urbain, architecture, texture, mélancolique, france, voyage"
10187432,Barques traditionnelles amarrées le long d'un canal dans le Marais poitevin,"marais poitevin, bateaux à fond plat, barques, bateaux amarrés, canal, sèvre niortaise, promenade en barque, quai, maisons de village, berge de rivière, reflets du soleil, nuages, été, venise verte, poitou, nouvelle-aquitaine, france, tourisme, voyage, eau"
10187408,Promenade au bord de la Sèvre Niortaise avec la flèche de Notre-Dame à Niort,"sèvre niortaise, niort, église notre-dame, flèche d'église, promenade au bord de l'eau, quai, rivière, garde-corps en fer, promenade pavée, passerelle, reflets, ciel nuageux, ville, deux-sèvres, nouvelle-aquitaine, france, architecture, paysage urbain, voyage, urbain"
10187396,Traînées d'avions croisées dans un ciel bleu au-dessus d'une place de ville,"traînées de condensation, traînées d'avions, traînées de vapeur, lignes croisées, ciel bleu, place, arbres, façade d'immeuble, lucarnes, toit en ardoise, silhouette, lumière du soir, ciel, avion, aviation, ville, cheminées, france, antennes de télévision, arrière-plans"
8297886,Voies ferrées désaffectées envahies d'herbe sous un ciel nuageux du soir,"voie ferrée désaffectée, voies ferrées, voie ferrée abandonnée, voies envahies par la végétation, wagons de marchandises, gare de triage, ligne de chemin de fer, poteau caténaire, herbe, mauvaises herbes, ciel nuageux, soir, ciel spectaculaire, mélancolique, désaturé, train, transport ferroviaire, campagne, france, transport"
6858270,Sandwich baguette jambon-fromage sur une assiette en céramique grise,"sandwich jambon-fromage, sandwich baguette, jambon-beurre, jambon, fromage, baguette, pain croustillant, sandwich, assiette grise, assiette en céramique, déjeuner, en-cas, table, cuisine française, nourriture, repas, pain, gros plan, photographie culinaire, france"
